NormativeModel_fitness,t01,t02,t03,t04,t05,t06,t07,t08,t09,t10,t11,t12,t13,t14,t15,t16,t17,t18,t19,t20,t21,t22,t23,t24,t25,t26,t27,t28,t29,t30,t31,t32,t33,t34,t35,t36,t37,t38,t39,t40,t41,t42,t43,t44,t45,t46,t47,t48,t52,t55,t56,t57,t58,t59,t60,t62,t64,t65,t66,t68,t69,t70,t71,label
0.31147499999999995,0,0,0,0,0,0,0,0,1,0,0,0,0,0,0,0,1,0,1,0,1,0,0,0,2,0,0,0,2,3,3,7,3,1,0,12,3,0,7,6,6,8,5,5,0,4,3,1,2,11,13,0,0,1,0,4,3,4,4,1,0,0,0,Anomalous_0
0.2549800796812749,0,0,0,0,1,0,0,0,4,0,0,0,1,3,0,0,0,0,0,0,0,0,0,0,0,0,0,0,0,0,0,11,4,0,0,31,3,4,19,5,3,3,13,13,1,0,0,4,3,4,8,0,0,0,0,5,0,2,3,4,0,0,0,Anomalous_1
0.27667984189723316,0,0,0,0,0,0,0,0,4,0,0,0,0,4,0,0,0,0,0,0,7,2,2,2,1,2,2,2,1,0,0,2,4,0,0,6,0,4,4,0,9,17,2,2,3,4,0,0,8,13,15,0,0,0,3,0,3,6,4,0,6,0,0,Anomalous_10
0.27826043478260865,0,0,0,0,5,0,0,0,4,0,0,0,2,3,3,0,4,0,0,0,4,1,3,3,2,3,3,2,2,0,0,5,3,5,0,13,0,3,7,2,8,12,3,3,1,0,0,0,0,5,3,0,0,0,1,0,2,0,3,0,1,1,0,Anomalous_100
0.2065865269461078,0,0,0,0,4,0,0,0,4,0,1,0,0,1,0,0,1,0,1,0,0,0,0,0,1,0,0,0,1,0,0,4,3,4,0,13,2,3,9,3,0,0,4,4,1,8,0,4,26,41,48,0,0,0,0,8,0,12,3,4,1,10,0,Anomalous_101
0.34013605442176875,0,0,0,0,0,0,0,0,0,0,0,0,0,0,0,0,0,1,0,0,1,2,0,0,2,0,0,0,1,0,5,5,4,0,7,16,0,0,8,2,10,12,5,5,1,5,1,0,6,17,16,0,0,4,1,0,1,5,3,0,1,7,0,Anomalous_102
0.4671046052631579,0,0,0,0,4,0,0,0,2,0,0,0,0,3,1,0,0,0,0,0,0,0,0,0,0,0,0,0,0,0,0,0,3,2,0,3,0,2,2,0,0,4,0,0,1,0,0,0,0,9,8,0,0,0,1,0,1,1,4,0,0,0,0,Anomalous_103
0.3049995,0,0,0,0,0,0,0,0,3,0,0,0,0,0,0,0,0,0,2,0,2,1,0,0,1,0,0,0,1,0,0,2,3,0,0,4,1,2,3,4,0,3,0,0,1,3,0,1,7,21,22,0,0,0,1,1,0,4,4,1,0,4,0,Anomalous_104
0.4098349726775956,0,0,0,0,0,0,0,0,1,0,0,0,0,0,0,0,1,0,1,0,0,0,0,0,1,0,0,0,1,0,0,0,2,2,0,11,4,1,5,5,0,2,0,0,3,3,2,4,0,0,0,0,0,0,2,6,2,6,2,4,4,3,0,Anomalous_105
0.2065865269461078,0,0,0,0,4,0,0,0,4,0,1,0,0,1,0,0,1,0,1,0,0,0,0,0,1,0,0,0,1,0,0,4,3,4,0,13,2,3,9,3,0,0,4,4,1,8,0,4,26,41,48,0,0,0,0,8,0,12,3,4,1,10,0,Anomalous_106
0.3214285714285714,0,0,0,0,1,0,0,0,0,0,1,0,0,0,0,0,0,0,2,0,0,1,0,0,0,0,0,0,0,2,0,0,4,0,0,17,3,0,9,9,0,2,5,5,1,5,1,0,0,24,26,0,0,0,1,3,3,5,4,0,3,1,0,Anomalous_107
0.32421796875,0,0,0,0,3,0,0,0,0,0,0,0,0,2,0,0,2,0,0,0,4,0,1,1,2,1,1,1,2,1,0,5,2,1,1,13,0,0,11,1,4,9,10,10,0,0,1,2,2,8,13,0,0,0,0,4,4,3,3,2,0,0,0,Anomalous_108
0.39512146341463417,0,0,0,0,0,0,0,0,4,0,0,0,0,0,0,0,1,0,1,0,2,1,0,0,1,0,0,0,1,0,0,4,3,2,0,10,0,3,6,3,4,7,0,0,2,4,0,0,1,8,7,0,0,0,1,1,1,4,1,0,3,1,0,Anomalous_109
0.2619042857142857,0,0,0,0,1,0,0,0,4,0,0,0,0,0,0,0,2,0,3,0,1,1,0,0,2,0,0,0,2,0,0,0,3,1,0,3,4,3,1,8,0,2,0,0,2,1,3,1,0,15,28,0,0,0,2,9,2,5,4,1,3,2,0,Anomalous_11
0.41414090909090906,0,0,0,0,0,0,0,0,1,0,0,0,0,0,0,0,0,0,1,0,1,1,0,0,0,0,0,0,0,2,0,4,2,0,0,9,3,0,7,1,0,3,6,6,3,0,2,3,0,0,2,0,0,0,2,4,1,2,3,3,3,2,0,Anomalous_110
0.29999947368421054,0,0,0,0,0,0,0,0,4,0,0,0,1,3,0,0,0,0,0,0,1,1,0,0,3,0,0,0,3,0,0,0,3,1,0,1,2,3,0,0,3,5,0,0,1,4,2,0,7,16,16,0,0,0,1,1,1,4,4,0,0,4,0,Anomalous_111
0.3561643835616438,0,0,0,0,0,0,0,0,4,0,0,0,0,0,0,0,0,0,3,0,0,0,0,0,0,0,0,0,0,0,0,0,4,0,0,17,0,4,13,4,0,7,3,3,0,0,0,0,0,0,0,0,0,0,0,1,0,0,4,0,0,2,0,Anomalous_112
0.3095228571428571,0,0,0,0,2,0,0,0,3,0,0,0,1,2,2,0,0,0,1,0,1,0,0,0,1,0,0,0,1,0,0,0,2,0,0,5,0,2,1,0,1,3,0,0,0,7,0,0,9,24,22,0,0,0,0,0,0,7,2,0,1,5,0,Anomalous_113
0.40650325203252036,0,0,0,0,3,0,0,0,4,0,0,0,3,4,2,0,0,0,0,0,0,0,0,0,0,0,0,0,0,0,0,0,3,1,0,5,0,3,2,0,0,9,0,0,0,0,0,0,0,3,2,0,0,0,0,0,0,0,4,0,0,0,0,Anomalous_114
0.28135593220338984,0,0,0,0,0,0,0,0,1,0,0,0,0,1,0,0,3,0,1,0,1,1,0,0,3,0,0,0,3,1,2,8,4,4,5,16,3,1,9,10,5,7,0,0,0,7,4,2,7,15,17,0,0,2,0,6,2,5,4,2,4,1,0,Anomalous_115
0.24311926605504586,0,0,0,0,3,0,0,0,4,0,0,0,1,1,1,0,0,0,2,0,0,1,0,0,0,0,0,0,0,0,0,5,4,1,0,11,2,4,8,5,3,3,0,0,1,6,2,2,7,19,20,0,0,0,1,2,1,6,3,2,1,1,0,Anomalous_116
0.34636871508379885,0,0,0,0,0,0,0,0,4,0,0,0,0,0,0,0,0,0,3,0,0,0,0,0,0,0,0,0,0,0,0,3,4,0,0,5,0,4,4,4,6,6,0,0,3,1,0,0,5,11,12,0,0,0,3,0,3,1,4,0,0,0,0,Anomalous_117
0.40392117647058823,0,0,0,0,0,0,0,0,1,0,0,0,0,0,0,0,1,0,1,0,2,1,0,0,1,0,0,0,0,0,0,0,1,7,0,17,4,1,13,5,0,9,2,2,4,7,3,4,0,0,0,0,0,0,3,5,4,9,1,4,1,4,0,Anomalous_118
0.24,0,0,0,0,0,0,0,0,4,0,0,0,0,0,0,0,3,0,4,0,1,1,1,1,1,1,1,0,1,0,0,5,4,6,0,23,2,4,13,5,4,5,3,3,2,1,0,0,2,7,10,0,0,0,2,1,2,2,4,0,0,2,0,Anomalous_119
0.41414090909090906,0,0,0,0,0,0,0,0,1,0,0,0,0,0,0,0,0,0,1,0,1,1,0,0,0,0,0,0,0,2,0,4,2,0,0,9,3,0,7,1,0,3,6,6,3,0,2,3,0,0,2,0,0,0,2,4,1,2,3,3,3,2,0,Anomalous_12
0.3093525179856115,0,0,0,0,0,0,0,0,4,0,0,0,0,4,3,0,0,0,0,0,0,1,0,0,0,0,0,0,0,0,0,2,4,1,0,8,1,4,6,3,1,2,4,4,3,8,3,3,6,25,27,0,0,0,3,4,4,7,1,3,1,4,0,Anomalous_120
0.4192139737991266,0,0,0,0,1,0,0,0,1,0,0,0,0,2,2,0,0,0,0,0,0,0,0,0,0,0,0,0,0,1,1,4,4,2,0,18,0,2,7,1,3,5,2,2,0,1,1,0,4,8,7,1,0,0,0,1,1,1,1,0,0,4,0,Anomalous_121
0.3894731578947368,0,0,0,0,0,0,0,0,4,0,0,0,1,0,1,0,2,0,2,0,5,4,0,0,1,0,0,0,1,0,0,0,3,0,0,10,2,3,2,2,0,9,0,0,3,2,3,0,0,1,2,0,0,0,2,3,1,4,2,0,2,1,0,Anomalous_122
0.3536567073170732,0,0,0,0,5,0,0,0,3,0,0,0,0,2,2,0,2,0,1,0,0,0,0,0,3,0,0,0,3,1,0,0,1,1,0,0,2,1,0,3,0,1,0,0,1,3,1,2,0,10,11,0,0,0,1,2,1,4,4,2,1,0,0,Anomalous_123
0.27450931372549014,0,0,0,0,1,0,0,0,4,0,0,0,0,0,0,0,0,0,3,0,0,1,0,0,1,0,0,0,1,0,0,2,3,0,0,8,1,3,5,4,0,1,0,0,0,3,3,0,11,20,23,0,0,0,0,3,0,5,4,0,0,4,0,Anomalous_124
0.3561643835616438,0,0,0,0,0,0,0,0,4,0,0,0,0,0,0,0,0,0,3,0,0,0,0,0,0,0,0,0,0,0,0,0,4,0,0,17,0,4,13,4,0,7,3,3,0,0,0,0,0,0,0,0,0,0,0,1,0,0,4,0,0,2,0,Anomalous_125
0.19047589285714284,0,0,0,0,0,0,0,0,4,0,0,0,0,1,0,0,2,0,2,0,2,0,2,2,1,2,2,0,2,0,0,3,3,2,0,9,7,3,7,7,0,0,4,4,9,7,6,12,11,20,28,0,4,0,4,12,3,8,2,12,7,10,1,Anomalous_126
0.36627906976744184,0,0,0,0,0,0,0,0,4,0,0,0,0,0,0,0,0,0,3,0,0,0,0,0,0,0,0,0,0,0,0,0,4,0,0,5,0,4,3,1,3,3,2,2,1,4,0,0,4,9,10,0,0,0,0,2,0,5,3,0,0,2,0,Anomalous_127
0.3275862068965517,0,0,0,0,0,0,0,0,2,0,0,1,0,0,1,0,0,0,2,0,1,1,0,0,2,0,0,0,2,0,0,15,4,4,3,22,0,2,15,2,5,7,7,7,1,1,0,0,0,3,2,0,0,0,1,0,0,1,4,0,0,1,0,Anomalous_128
0.44311317365269465,0,0,0,0,0,0,0,0,2,0,0,0,0,0,0,0,0,0,2,0,0,0,0,0,0,0,0,0,0,1,0,3,3,1,3,8,0,1,3,1,0,0,1,1,0,1,0,0,3,4,5,0,0,2,0,0,1,3,2,0,4,0,0,Anomalous_129
0.35858585858585856,0,0,0,0,2,0,0,0,2,0,0,0,0,2,0,0,1,0,1,0,0,1,0,0,1,0,0,0,1,0,0,1,4,3,0,8,1,2,3,3,6,6,0,0,2,2,1,0,3,9,10,0,0,0,2,1,2,2,4,0,0,1,0,Anomalous_13
0.2951541850220264,0,0,0,0,1,0,0,0,3,0,0,0,0,1,0,0,0,0,2,0,0,0,0,0,0,0,0,0,0,0,1,1,4,0,0,6,2,3,1,3,3,4,0,0,3,9,3,1,6,19,16,0,0,1,3,2,2,6,4,1,2,5,0,Anomalous_130
0.594059405940594,0,0,0,0,1,0,0,0,1,0,0,0,0,1,0,0,1,0,0,0,0,0,0,0,1,0,0,0,1,0,0,0,1,2,0,9,1,1,7,3,0,4,0,0,4,1,1,1,0,0,0,0,0,0,2,2,4,2,1,1,1,0,0,Anomalous_131
0.3406109170305677,0,0,0,0,1,0,0,0,0,0,0,0,0,2,0,0,0,0,0,0,0,1,0,0,1,0,0,0,1,1,3,6,3,3,7,16,2,0,8,3,3,4,0,0,0,3,1,0,4,10,9,0,0,5,0,2,2,3,4,0,1,4,0,Anomalous_132
0.2995154589371981,0,0,0,0,5,0,0,0,4,0,0,0,0,2,2,0,2,0,0,0,1,1,0,0,2,0,0,0,2,2,0,2,1,1,0,7,1,1,4,0,2,4,3,3,4,2,2,2,4,9,7,0,4,0,1,4,0,3,2,2,3,3,0,Anomalous_133
0.2734689795918367,0,0,0,0,1,0,0,0,1,0,1,0,0,0,0,0,0,1,3,0,1,3,0,0,1,0,0,0,1,0,1,2,3,0,0,12,3,1,6,3,5,7,4,4,1,3,1,3,3,17,17,0,0,2,1,3,4,5,4,3,2,1,0,Anomalous_134
0.3536567073170732,0,0,0,0,5,0,0,0,3,0,0,0,0,2,2,0,2,0,1,0,0,0,0,0,3,0,0,0,3,1,0,0,1,1,0,0,2,1,0,3,0,1,0,0,1,3,1,2,0,10,11,0,0,0,1,2,1,4,4,2,1,0,0,Anomalous_135
0.34117588235294116,0,0,0,0,2,0,0,0,4,0,0,0,0,1,0,0,0,0,2,0,0,0,0,0,1,0,0,0,1,0,0,2,3,0,0,4,0,3,2,1,1,2,1,1,1,0,1,0,9,7,9,0,0,0,0,1,0,3,3,0,2,5,0,Anomalous_136
0.5086705202312138,0,0,0,0,0,0,0,0,4,0,0,0,0,0,0,0,0,0,2,0,0,0,0,0,0,0,0,0,0,0,0,0,4,1,0,3,2,4,0,1,0,2,0,0,2,9,1,2,0,0,0,0,0,0,2,2,1,9,1,2,4,1,0,Anomalous_137
0.31147499999999995,0,0,0,0,0,0,0,0,1,0,0,0,0,0,0,0,1,0,1,0,1,0,0,0,2,0,0,0,2,3,3,7,3,1,0,12,3,0,7,6,6,8,5,5,0,4,3,1,2,11,13,0,0,1,0,4,3,4,4,1,0,1,0,Anomalous_138
0.40392117647058823,0,0,0,0,0,0,0,0,1,0,0,0,0,0,0,0,1,0,1,0,2,1,0,0,1,0,0,0,0,0,0,0,1,7,0,17,4,1,13,5,0,9,2,2,4,7,3,4,0,0,0,0,0,0,3,5,4,9,1,4,1,4,0,Anomalous_139
0.44311317365269465,0,0,0,0,0,0,0,0,2,0,0,0,0,0,0,0,0,0,2,0,0,0,0,0,0,0,0,0,0,1,0,3,3,1,3,8,0,1,3,1,0,0,1,1,0,1,0,0,3,4,5,0,0,2,0,0,1,3,2,0,4,0,0,Anomalous_14
0.2926824390243903,0,0,0,0,3,0,0,0,3,0,0,0,0,2,1,0,1,0,1,0,0,2,0,0,1,0,0,0,1,0,0,1,3,2,1,9,4,2,3,3,2,2,0,0,6,0,4,4,3,3,10,0,0,0,3,7,0,7,3,4,6,3,0,Anomalous_140
0.3406109170305677,0,0,0,0,1,0,0,0,0,0,0,0,0,2,0,0,0,0,0,0,0,1,0,0,1,0,0,0,1,1,3,6,3,3,7,16,2,0,8,3,3,4,0,0,0,3,1,0,4,10,9,0,0,5,0,2,2,3,4,0,1,4,0,Anomalous_141
0.34636871508379885,0,0,0,0,0,0,0,0,4,0,0,0,0,0,0,0,0,0,3,0,0,0,0,0,0,0,0,0,0,0,0,3,4,0,0,5,0,4,4,4,6,6,0,0,3,1,0,0,5,11,12,0,0,0,3,0,3,1,4,0,0,0,0,Anomalous_142
0.33333333333333337,0,0,0,0,1,0,0,0,4,0,0,0,0,1,0,0,0,0,1,0,0,0,0,0,1,0,0,0,0,0,0,0,4,0,0,7,8,4,3,4,0,12,0,0,8,7,6,7,0,0,0,0,0,0,7,10,1,9,2,7,2,2,0,Anomalous_143
0.2849156424581005,0,0,0,0,0,0,0,0,4,0,0,0,0,0,0,0,1,0,3,0,0,1,0,0,2,0,0,0,2,0,0,1,3,0,0,13,0,3,5,2,4,5,1,1,1,2,1,0,5,12,11,0,0,0,1,0,1,2,4,0,1,1,0,Anomalous_144
0.4559585492227979,0,0,0,0,0,0,0,0,0,0,0,0,0,2,0,0,0,0,0,0,0,1,0,0,1,0,0,0,1,1,0,4,4,0,4,10,0,0,5,0,7,8,3,3,1,0,0,0,0,3,2,0,0,0,1,0,0,0,4,0,0,1,0,Anomalous_145
0.3771428571428571,0,0,0,0,3,0,0,0,4,0,0,0,0,1,0,0,0,0,2,0,0,0,0,0,0,0,0,0,0,0,0,0,4,2,0,9,1,4,6,6,0,0,0,0,1,0,2,1,0,3,9,0,0,0,1,3,1,3,3,1,3,1,0,Anomalous_146
0.46451483870967747,0,0,0,0,1,0,0,0,1,0,0,0,0,2,0,0,0,0,0,0,0,1,0,0,1,0,0,0,1,1,0,0,2,0,0,1,1,0,0,0,0,5,0,0,1,3,3,0,0,2,2,0,0,0,0,5,0,3,3,0,6,6,0,Anomalous_147
0.5317913294797687,0,0,0,0,1,0,0,0,0,0,0,0,0,1,0,0,0,0,0,0,0,0,0,0,1,0,0,0,0,2,1,0,3,1,1,2,0,0,0,1,5,5,0,0,1,1,0,0,1,8,7,0,0,0,2,0,0,1,2,0,0,0,0,Anomalous_148
0.3095228571428571,0,0,0,0,2,0,0,0,3,0,0,0,1,2,2,0,0,0,1,0,1,0,0,0,1,0,0,0,1,0,0,0,2,0,0,5,0,2,1,0,1,3,0,0,0,7,0,0,9,24,22,0,0,0,0,0,0,7,2,0,1,5,0,Anomalous_149
0.3120300751879699,0,0,0,0,1,0,0,0,0,0,0,0,0,0,0,0,0,0,0,0,0,1,0,0,0,0,0,0,0,0,5,14,4,7,4,30,1,0,24,2,3,3,5,5,0,6,0,0,0,9,9,0,0,0,0,2,1,6,4,0,1,1,0,Anomalous_15
0.27428457142857143,0,0,0,0,2,0,0,0,4,0,1,0,1,1,0,0,1,0,2,0,0,1,0,0,2,0,0,0,2,1,0,1,2,2,0,5,1,2,2,3,0,1,0,0,2,1,3,1,4,7,12,0,0,0,2,2,2,6,4,1,2,2,0,Anomalous_150
0.5391304347826087,0,0,0,0,0,0,0,0,4,0,0,0,0,0,0,0,0,0,4,0,0,0,0,0,2,0,0,0,2,0,0,1,4,0,0,5,0,4,2,0,1,1,0,0,0,0,0,0,0,0,0,0,0,0,0,0,0,0,4,0,0,0,0,Anomalous_151
0.4258064516129032,0,0,0,0,1,0,0,0,4,0,0,0,0,0,0,0,0,0,2,0,0,0,0,0,0,0,0,0,0,0,0,0,4,0,0,15,0,4,9,3,0,5,5,5,0,0,0,0,0,0,0,0,0,0,0,0,1,0,1,0,1,1,0,Anomalous_152
0.38888888888888884,0,0,0,0,0,0,0,0,3,0,0,0,0,1,0,0,0,0,1,0,0,0,0,0,2,0,0,0,1,0,0,7,4,0,1,20,0,3,13,1,7,8,8,8,0,0,1,0,0,2,1,0,0,0,0,1,2,0,2,0,0,1,0,Anomalous_153
0.4136115183246073,0,0,0,0,3,0,0,0,4,0,0,0,0,1,1,1,0,0,0,0,0,0,0,0,2,0,0,0,0,1,0,1,2,1,0,2,1,2,1,0,1,1,0,0,0,5,1,1,3,14,14,0,0,0,0,2,0,5,1,1,2,1,0,Anomalous_154
0.3216075376884422,0,0,0,0,0,0,0,0,4,0,0,0,0,0,0,1,1,0,1,0,6,3,0,0,1,0,0,0,0,0,0,0,3,0,0,1,1,3,0,1,5,11,0,0,3,4,3,1,0,13,12,0,0,0,2,2,3,4,1,1,1,2,0,Anomalous_155
0.4247311827956989,0,0,0,0,0,0,0,0,1,0,0,0,0,0,0,0,0,0,1,0,0,0,0,0,0,0,0,0,0,2,1,1,4,2,0,6,0,1,3,2,4,4,0,0,2,1,1,0,4,14,13,0,0,1,1,0,0,1,2,0,0,2,0,Anomalous_156
0.3819090452261307,0,0,0,0,1,0,0,0,1,0,0,0,0,2,0,0,0,0,0,0,0,0,0,0,1,0,0,0,1,1,0,1,3,1,1,3,2,0,1,3,1,2,0,0,1,3,2,2,5,9,11,0,0,2,1,2,0,4,4,2,1,2,0,Anomalous_157
0.24311926605504586,0,0,0,0,3,0,0,0,4,0,0,0,1,1,1,0,0,0,2,0,0,1,0,0,0,0,0,0,0,0,0,5,4,1,0,11,2,4,8,5,3,3,0,0,1,6,2,2,7,19,20,0,0,0,1,2,1,6,3,2,1,1,0,Anomalous_158
0.44666666666666666,0,0,0,0,0,0,0,0,4,0,0,0,0,0,0,0,1,0,3,0,0,0,0,0,1,0,0,0,1,0,0,0,4,2,0,9,1,4,5,3,0,6,0,0,0,3,0,0,0,0,0,0,0,0,0,1,0,3,3,0,1,0,0,Anomalous_159
0.27667984189723316,0,0,0,0,0,0,0,0,4,0,0,0,0,4,0,0,0,0,0,0,7,2,2,2,1,2,2,2,1,0,0,2,4,0,0,6,0,4,4,0,9,17,2,2,3,4,0,0,8,13,15,0,0,0,3,0,3,6,4,0,6,0,0,Anomalous_16
0.4508670520231214,0,0,0,0,0,0,0,0,1,0,0,0,0,2,0,0,0,0,0,0,0,0,0,0,0,0,0,0,0,0,2,0,4,0,0,0,2,1,0,0,0,0,0,0,4,3,1,1,7,12,11,0,0,0,4,1,2,2,4,1,0,2,0,Anomalous_160
0.5555548148148148,0,0,0,0,0,0,0,0,3,0,0,0,0,0,0,0,0,0,2,0,1,0,0,0,2,0,0,0,0,0,0,0,2,0,0,2,2,2,0,1,0,4,0,0,0,2,1,1,0,0,0,0,0,0,0,2,0,3,1,1,0,1,0,Anomalous_161
0.32432432432432434,0,0,0,0,4,0,0,0,2,0,0,0,0,3,0,0,0,0,0,0,0,2,0,0,0,0,0,0,0,1,0,1,4,0,0,5,1,2,1,2,2,3,0,0,2,5,1,2,3,21,22,0,0,0,2,2,1,5,4,2,2,1,0,Anomalous_162
0.2831050228310502,0,0,0,0,6,0,0,0,4,0,0,0,1,3,2,0,1,0,0,0,0,0,0,0,1,0,0,0,1,0,0,1,4,1,0,3,0,4,1,2,4,4,0,0,1,8,1,0,7,21,20,0,0,0,1,1,1,8,4,0,2,3,0,Anomalous_163
0.44666666666666666,0,0,0,0,0,0,0,0,4,0,0,0,0,0,0,0,1,0,3,0,0,0,0,0,1,0,0,0,1,0,0,0,4,2,0,9,1,4,5,3,0,6,0,0,0,3,0,0,0,0,0,0,0,0,0,1,0,3,3,0,0,1,0,Anomalous_164
0.3401639344262295,0,0,0,0,1,0,0,0,3,0,0,0,0,2,1,0,2,0,0,0,0,0,0,0,3,0,0,0,3,0,0,0,4,4,0,9,2,3,4,3,0,7,0,0,2,5,2,1,0,24,22,0,0,0,2,2,2,4,4,1,2,2,0,Anomalous_165
0.3877551020408163,0,0,0,0,1,0,0,0,4,0,0,0,1,1,0,0,0,0,1,0,2,3,0,0,0,0,0,0,0,0,0,0,4,1,0,5,0,4,1,3,5,8,0,0,2,0,0,0,0,4,2,0,0,0,2,0,2,0,3,0,0,0,0,Anomalous_166
0.3515625,0,0,0,0,1,0,0,0,4,0,0,0,0,1,0,0,2,0,1,0,0,0,0,0,3,0,0,0,2,0,0,7,4,3,0,19,0,4,7,2,3,3,4,4,2,4,4,1,8,13,13,0,0,0,0,3,2,4,2,1,0,2,0,Anomalous_167
0.3120300751879699,0,0,0,0,1,0,0,0,0,0,0,0,0,0,0,0,0,0,0,0,0,1,0,0,0,0,0,0,0,0,5,14,4,7,4,30,1,0,24,2,3,3,5,5,0,6,0,0,0,9,9,0,0,0,0,2,1,6,4,0,2,0,0,Anomalous_168
0.26940639269406397,0,0,0,0,1,0,0,0,4,0,0,0,0,0,0,0,4,0,4,0,6,4,1,1,2,1,1,1,2,0,0,0,4,5,0,13,4,4,11,7,0,7,1,1,2,0,5,2,0,3,5,0,0,0,2,4,2,0,4,2,0,1,0,Anomalous_169
0.26940639269406397,0,0,0,0,1,0,0,0,4,0,0,0,0,0,0,0,4,0,4,0,6,4,1,1,2,1,1,1,2,0,0,0,4,5,0,13,4,4,11,7,0,7,1,1,2,0,5,2,0,3,5,0,0,0,2,4,2,0,4,2,0,1,0,Anomalous_17
0.43809476190476193,0,0,0,0,2,0,0,0,1,0,0,1,0,0,1,0,0,0,1,0,2,3,0,0,1,0,0,0,1,2,1,0,2,1,2,6,0,0,3,2,4,7,0,0,0,1,4,0,2,5,7,0,0,0,0,4,5,1,1,0,1,1,0,Anomalous_170
0.4407888157894737,0,0,0,0,2,0,0,0,4,0,0,0,0,1,0,0,1,0,2,0,0,0,0,0,1,0,0,0,1,0,0,0,3,0,0,0,1,3,0,1,0,0,0,0,1,2,0,2,0,7,9,0,0,0,1,3,2,1,3,2,2,1,0,Anomalous_171
0.4258064516129032,0,0,0,0,1,0,0,0,4,0,0,0,0,0,0,0,0,0,2,0,0,0,0,0,0,0,0,0,0,0,0,0,4,0,0,15,0,4,9,3,0,5,5,5,0,0,0,0,0,0,0,0,0,0,0,0,1,0,1,0,1,1,0,Anomalous_172
0.3561643835616438,0,0,0,0,0,0,0,0,4,0,0,0,0,0,0,0,0,0,3,0,0,0,0,0,0,0,0,0,0,0,0,0,4,1,0,17,0,4,13,3,0,7,3,3,0,0,0,0,0,0,0,0,0,0,0,1,0,0,4,0,0,2,0,Anomalous_173
0.41414090909090906,0,0,0,0,0,0,0,0,1,0,0,0,0,0,0,0,0,0,1,0,1,1,0,0,0,0,0,0,0,2,0,4,2,0,0,9,3,0,7,1,0,3,6,6,3,0,2,3,0,0,2,0,0,0,2,4,1,2,3,3,3,2,0,Anomalous_174
0.3542845714285714,0,0,0,0,1,0,0,0,4,0,0,0,0,2,0,0,2,0,1,0,0,0,0,0,3,0,0,0,3,1,0,0,2,0,0,11,1,2,5,3,0,1,1,1,0,2,1,1,0,15,14,0,0,0,0,1,0,2,3,1,0,1,0,Anomalous_175
0.472972972972973,0,0,0,0,2,0,0,0,2,0,0,0,1,2,1,0,0,0,0,0,0,0,0,0,0,0,0,0,0,1,0,0,4,2,0,8,0,2,5,1,0,4,0,0,0,2,3,0,0,0,0,0,0,0,0,2,0,2,2,0,0,1,0,Anomalous_176
0.32446755319148934,0,0,0,0,0,0,0,0,4,0,0,0,0,0,0,0,1,0,3,0,3,2,0,0,2,0,0,0,2,0,0,0,3,1,0,29,0,3,9,3,0,10,5,5,1,0,0,0,0,2,1,0,0,0,1,0,1,0,4,0,0,0,0,Anomalous_177
0.38970514705882353,0,0,0,0,2,0,0,0,4,0,1,0,0,1,3,0,0,0,2,0,0,1,0,0,1,0,0,0,1,0,0,0,3,0,0,2,0,3,1,1,0,1,0,0,0,2,0,0,0,5,5,0,0,0,0,0,0,3,4,0,0,4,0,Anomalous_178
0.41414090909090906,0,0,0,0,0,0,0,0,1,0,0,0,0,0,0,0,0,0,1,0,1,1,0,0,0,0,0,0,0,2,0,4,2,0,0,9,3,0,7,1,0,3,6,6,3,0,2,3,0,0,2,0,0,0,2,4,1,2,3,3,3,2,0,Anomalous_179
0.43809476190476193,0,0,0,0,2,0,0,0,1,0,0,1,0,0,1,0,0,0,1,0,2,3,0,0,1,0,0,0,1,2,1,0,2,0,2,6,0,0,3,3,4,7,0,0,0,1,4,0,2,5,7,0,0,0,0,4,5,1,1,0,1,1,0,Anomalous_18
0.2995154589371981,0,0,0,0,5,0,0,0,4,0,0,0,0,2,2,0,2,0,0,0,1,1,0,0,2,0,0,0,2,2,0,2,1,1,0,7,1,1,4,0,2,4,3,3,4,2,2,2,4,9,7,0,4,0,1,4,0,3,2,2,3,3,0,Anomalous_180
0.33333333333333337,0,0,0,0,1,0,0,0,4,0,0,0,0,1,0,0,0,0,1,0,0,0,0,0,1,0,0,0,0,0,0,0,4,0,0,7,8,4,3,4,0,12,0,0,8,7,6,7,0,0,0,0,0,0,7,10,1,9,2,7,2,2,0,Anomalous_181
0.3098591549295775,0,0,0,0,0,0,0,0,4,0,0,0,0,0,0,0,1,0,3,0,3,4,0,0,2,0,0,0,1,0,0,2,4,1,0,5,0,4,3,4,5,9,1,1,3,4,0,0,8,13,11,0,0,0,2,0,2,3,3,0,4,6,0,Anomalous_182
0.28643165829145734,0,0,0,0,0,0,0,0,4,0,0,0,0,0,0,0,1,0,4,0,0,0,0,0,1,0,0,0,1,0,0,2,3,2,0,10,1,3,6,3,3,3,0,0,1,4,1,1,8,17,18,0,0,0,1,2,1,4,3,1,0,2,0,Anomalous_183
0.6612879032258064,0,0,0,0,0,0,0,0,2,0,0,0,0,0,0,0,0,0,1,0,4,4,0,0,0,0,0,0,0,1,0,0,0,0,0,1,0,0,0,0,0,7,0,0,0,1,0,0,0,0,0,0,0,0,0,0,0,1,0,0,0,3,0,Anomalous_184
0.2951541850220264,0,0,0,0,1,0,0,0,3,0,0,0,0,1,0,0,0,0,2,0,0,0,0,0,0,0,0,0,0,0,1,1,4,0,0,6,2,3,1,3,3,4,0,0,3,9,3,1,6,19,16,0,0,1,3,2,2,6,4,1,1,6,0,Anomalous_185
0.46927318435754195,0,0,0,0,0,0,0,0,3,0,0,0,0,1,1,0,1,0,1,0,2,0,0,0,0,0,0,0,0,1,0,0,3,1,0,12,1,2,7,4,0,3,4,4,0,1,0,0,0,0,0,0,0,0,0,1,2,0,1,0,1,1,0,Anomalous_186
0.36666611111111114,0,0,0,0,0,0,0,0,2,0,0,0,0,2,0,0,0,0,1,0,0,1,0,0,1,0,0,0,1,0,0,0,3,0,0,0,3,1,0,0,0,0,0,0,2,1,5,2,1,7,9,0,0,8,2,7,6,3,4,2,4,3,0,Anomalous_187
0.43809476190476193,0,0,0,0,2,0,0,0,1,0,0,1,0,0,1,0,0,0,1,0,2,3,0,0,1,0,0,0,1,2,1,0,2,0,2,6,0,0,3,3,4,7,0,0,0,1,4,0,2,5,7,0,0,0,0,4,5,1,1,0,1,1,0,Anomalous_188
0.3741255244755245,0,0,0,0,0,0,0,0,1,0,0,0,0,0,0,0,0,1,0,0,1,0,1,1,2,1,1,1,2,0,3,5,1,0,2,11,1,1,7,2,4,6,6,6,2,3,2,1,5,10,12,3,4,5,1,2,3,4,0,1,5,3,0,Anomalous_189
0.248,0,0,0,0,2,0,0,0,4,0,0,0,0,1,0,0,1,0,2,0,2,4,0,0,1,0,0,0,1,0,0,7,4,0,0,17,1,4,10,6,2,5,6,6,2,4,2,1,2,15,20,0,0,0,2,5,2,4,4,1,0,1,0,Anomalous_19
0.32421796875,0,0,0,0,3,0,0,0,0,0,0,0,0,2,0,0,2,0,0,0,4,0,1,1,2,1,1,1,2,1,0,5,2,1,1,13,0,0,11,1,4,9,10,10,0,0,1,2,2,8,13,0,0,0,0,4,4,3,3,2,0,0,0,Anomalous_190
0.5555548148148148,0,0,0,0,0,0,0,0,3,0,0,0,0,0,0,0,0,0,2,0,1,0,0,0,2,0,0,0,0,0,0,0,2,0,0,2,2,2,0,1,0,4,0,0,0,2,1,1,0,0,0,0,0,0,0,2,0,3,1,1,0,1,0,Anomalous_191
0.3979591836734694,0,0,0,0,1,0,0,0,1,0,0,0,0,1,0,0,1,0,0,0,0,0,0,0,0,0,0,0,0,1,0,0,4,3,0,11,1,1,2,3,0,4,0,0,1,2,1,1,0,11,13,0,0,0,1,1,1,4,4,1,2,2,0,Anomalous_192
0.37209302325581395,0,0,0,0,0,0,0,0,4,0,0,0,0,0,0,0,0,0,3,0,0,0,0,0,1,0,0,0,1,0,0,2,4,0,0,5,1,4,3,4,3,4,0,0,1,0,0,1,5,5,9,0,0,0,1,1,1,3,4,1,4,0,0,Anomalous_193
0.40650325203252036,0,0,0,0,3,0,0,0,4,0,0,0,3,4,2,0,0,0,0,0,0,0,0,0,0,0,0,0,0,0,0,0,3,1,0,5,0,3,2,0,0,9,0,0,0,0,0,0,0,3,2,0,0,0,0,0,0,0,4,0,0,0,0,Anomalous_194
0.3870967741935484,0,0,0,0,3,0,0,0,1,0,0,0,0,1,1,0,1,0,0,0,1,1,0,0,1,0,0,0,0,1,2,4,3,1,2,11,0,1,5,3,7,9,1,1,1,3,2,1,0,7,9,0,0,4,1,2,3,3,2,1,1,1,0,Anomalous_195
0.3443396226415094,0,0,0,0,3,0,0,0,3,0,0,0,0,2,0,0,1,0,1,0,0,1,0,0,1,0,0,0,1,0,0,8,4,4,0,23,0,3,16,6,3,4,3,3,3,0,0,0,0,4,3,0,0,0,3,0,3,0,4,0,0,0,0,Anomalous_196
0.31147499999999995,0,0,0,0,0,0,0,0,1,0,0,0,0,0,0,0,1,0,1,0,1,0,0,0,2,0,0,0,2,3,3,7,3,1,0,12,3,0,7,6,6,8,5,5,0,4,3,1,2,11,13,0,0,1,0,4,3,4,4,1,0,0,0,Anomalous_197
0.2879996,0,0,0,0,1,0,0,0,4,0,0,0,1,3,0,0,2,0,0,0,3,2,0,0,2,0,0,0,2,0,0,0,3,2,0,2,6,3,0,0,5,9,0,0,4,7,6,6,6,16,10,0,0,0,4,6,2,3,3,6,4,3,0,Anomalous_198
0.32421796875,0,0,0,0,3,0,0,0,0,0,0,0,0,2,0,0,2,0,0,0,4,0,1,1,2,1,1,1,2,1,0,5,2,1,1,13,0,0,11,1,4,9,10,10,0,0,1,2,2,8,13,0,0,0,0,4,4,3,3,2,0,0,0,Anomalous_199
0.34636871508379885,0,0,0,0,0,0,0,0,4,0,0,0,0,0,0,0,0,0,3,0,0,0,0,0,0,0,0,0,0,0,0,3,4,0,0,5,0,4,4,4,6,6,0,0,3,1,0,0,5,11,12,0,0,0,3,0,3,1,4,0,0,0,0,Anomalous_2
0.24311926605504586,0,0,0,0,3,0,0,0,4,0,0,0,1,1,1,0,0,0,2,0,0,1,0,0,0,0,0,0,0,0,0,5,4,1,0,11,2,4,8,5,3,3,0,0,1,6,2,2,7,19,20,0,0,0,1,2,1,6,3,2,1,1,0,Anomalous_20
0.3659574468085106,0,0,0,0,0,0,0,0,0,0,0,0,0,0,0,0,0,0,0,0,0,0,0,0,0,0,0,0,0,0,7,3,4,0,4,11,3,0,6,0,0,0,0,0,2,7,2,2,5,16,14,0,0,4,2,4,3,5,4,2,1,5,0,Anomalous_21
0.3771428571428571,0,0,0,0,3,0,0,0,4,0,0,0,0,1,0,0,0,0,2,0,0,0,0,0,0,0,0,0,0,0,0,0,4,2,0,9,1,4,6,6,0,0,0,0,1,0,2,1,0,3,9,0,0,0,1,3,1,3,3,1,3,1,0,Anomalous_22
0.32558139534883723,0,0,0,0,3,0,0,0,2,0,0,0,0,1,0,0,1,0,1,0,0,1,0,0,0,0,0,0,0,1,0,2,4,1,0,10,2,2,6,5,0,1,4,4,1,1,0,2,3,7,9,0,0,3,2,3,4,1,3,2,1,4,0,Anomalous_23
0.375886524822695,0,0,0,0,3,0,0,0,4,0,0,0,1,1,0,0,1,0,2,0,0,1,0,0,1,0,0,0,1,0,0,0,4,2,0,4,1,4,3,0,0,0,1,1,1,2,0,0,0,4,4,0,0,0,1,0,1,2,4,0,0,2,0,Anomalous_24
0.26903502538071067,0,0,0,0,0,0,0,0,4,0,0,0,0,1,0,0,0,0,2,0,0,1,0,0,1,0,0,0,1,0,0,6,3,5,0,14,2,3,10,1,0,0,0,0,0,7,2,1,3,13,13,0,0,0,0,4,0,7,4,1,0,1,0,Anomalous_25
0.37229437229437234,0,0,0,0,1,0,0,0,1,0,0,0,0,2,0,0,1,2,0,0,2,1,0,0,0,0,0,0,0,1,0,1,3,1,1,6,0,2,4,3,10,12,1,1,2,0,2,0,4,8,11,1,0,2,1,1,0,3,2,0,2,0,0,Anomalous_26
0.48611111111111116,0,0,0,0,0,0,0,0,1,0,0,0,0,0,0,0,0,0,1,0,0,0,0,0,0,0,0,0,0,1,0,0,4,0,0,9,0,1,2,1,0,2,0,0,0,1,2,0,0,7,5,0,0,0,0,1,2,1,4,0,0,1,0,Anomalous_27
0.24092376237623758,0,0,0,0,0,0,0,0,1,0,0,1,0,1,1,0,0,0,0,0,0,1,0,0,1,0,0,0,1,0,2,4,3,2,4,13,12,1,7,2,7,7,1,1,1,5,10,14,3,11,17,0,0,3,1,14,9,11,4,14,2,0,0,Anomalous_28
0.3595505617977528,0,0,0,0,0,0,0,0,4,0,0,0,0,0,0,0,1,0,3,0,1,0,0,0,3,0,0,0,3,0,0,1,4,1,0,6,1,4,1,3,0,2,0,0,1,3,1,1,0,6,5,0,0,0,1,5,1,3,4,1,2,3,0,Anomalous_29
0.3088230392156863,0,0,0,0,5,0,0,0,1,0,0,0,0,2,1,0,1,0,0,0,0,1,0,0,1,0,0,0,1,1,0,11,3,8,0,15,2,1,13,4,0,0,2,2,1,0,1,0,1,6,6,0,0,1,1,1,1,1,4,0,0,0,0,Anomalous_3
0.4358967948717949,0,0,0,0,1,0,0,0,1,0,1,0,0,0,0,0,1,0,2,0,2,2,0,0,1,0,0,0,1,1,0,1,3,1,0,2,0,1,2,1,3,6,0,0,0,0,0,1,3,5,5,0,0,1,0,1,1,1,4,1,0,1,0,Anomalous_30
0.4263157894736842,0,0,0,0,0,0,0,0,2,0,0,0,0,1,0,0,0,0,1,0,0,0,0,0,2,0,0,0,2,0,0,2,4,0,0,5,0,2,2,1,0,0,1,1,1,3,0,0,9,14,13,0,0,0,1,0,1,3,3,0,2,0,0,Anomalous_31
0.3118806930693069,0,0,0,0,2,0,0,0,2,0,1,0,0,1,0,0,0,0,2,0,0,1,0,0,1,0,0,0,1,2,0,3,3,0,1,9,3,1,5,2,1,1,3,3,1,5,3,1,0,11,13,0,0,0,1,6,1,5,4,1,0,1,0,Anomalous_32
0.5121934959349593,0,0,0,0,1,0,0,0,4,0,0,0,0,0,0,0,0,0,3,0,1,0,0,0,1,0,0,0,0,1,0,0,2,0,0,2,2,2,0,0,0,2,0,0,0,1,0,1,0,0,0,0,0,0,0,1,0,2,2,1,1,1,0,Anomalous_33
0.3819090452261307,0,0,0,0,1,0,0,0,1,0,0,0,0,2,0,0,0,0,0,0,0,0,0,0,1,0,0,0,1,1,0,1,3,1,1,3,2,0,1,3,1,2,0,0,1,3,2,2,5,9,11,0,0,2,1,2,0,4,4,2,1,2,0,Anomalous_34
0.32421796875,0,0,0,0,3,0,0,0,0,0,0,0,0,2,0,0,2,0,0,0,4,0,1,1,2,1,1,1,2,1,0,5,2,1,1,13,0,0,11,1,4,9,10,10,0,0,1,2,2,8,13,0,0,0,0,4,4,3,3,2,0,0,0,Anomalous_35
0.27428457142857143,0,0,0,0,2,0,0,0,4,0,1,0,1,1,0,0,1,0,2,0,0,1,0,0,2,0,0,0,2,1,0,1,2,2,0,5,1,2,2,3,0,1,0,0,2,1,3,1,4,7,12,0,0,0,2,2,2,6,4,1,2,2,0,Anomalous_36
0.4046242774566474,0,0,0,0,1,0,0,0,4,0,0,0,0,0,0,0,0,0,2,0,0,1,0,0,0,0,0,0,0,0,0,0,4,2,0,10,4,4,8,5,0,6,0,0,2,1,1,3,0,1,3,0,0,0,2,4,1,1,1,3,0,0,0,Anomalous_37
0.23928571428571432,0,0,0,0,2,0,0,0,4,0,0,0,0,1,0,0,2,0,2,0,2,1,0,0,1,0,0,0,1,0,0,1,4,1,0,5,3,4,4,7,1,4,0,0,5,6,6,3,15,26,27,0,0,0,2,7,2,5,3,3,3,8,1,Anomalous_38
0.4098349726775956,0,0,0,0,0,0,0,0,1,0,0,0,0,0,0,0,1,0,1,0,0,0,0,0,1,0,0,0,1,0,0,0,2,1,0,11,4,1,5,6,0,2,0,0,3,3,2,4,0,0,0,0,0,0,2,6,2,6,2,4,4,3,0,Anomalous_39
0.34117588235294116,0,0,0,0,2,0,0,0,4,0,0,0,0,1,0,0,0,0,2,0,0,0,0,0,1,0,0,0,1,0,0,2,3,0,0,4,0,3,2,1,1,2,1,1,1,0,1,0,9,7,9,0,0,0,0,1,0,3,3,0,2,5,0,Anomalous_4
0.4381443298969072,0,0,0,0,0,0,0,0,4,0,0,0,0,0,0,0,1,0,2,0,0,0,0,0,1,0,0,0,1,0,0,0,4,2,0,16,1,4,11,8,0,1,2,2,1,4,0,0,0,0,0,0,0,0,1,1,2,6,2,0,4,0,0,Anomalous_40
0.2558139534883721,0,0,0,0,0,0,0,0,4,0,0,0,0,0,0,0,0,0,3,0,1,1,0,0,1,0,0,0,1,0,0,7,4,1,0,16,3,4,8,6,2,4,5,5,3,5,0,2,8,19,20,0,0,0,3,3,3,6,4,2,0,3,0,Anomalous_41
0.32524174757281554,0,0,0,0,1,0,0,0,4,0,0,0,0,1,0,0,4,0,1,0,5,2,2,2,1,2,2,2,1,1,0,6,2,7,0,10,0,2,6,4,8,14,0,0,0,0,1,0,1,3,2,0,0,0,0,1,0,0,2,0,0,0,0,Anomalous_42
0.38888888888888884,0,0,0,0,0,0,0,0,3,0,0,0,0,1,0,0,0,0,1,0,0,0,0,0,2,0,0,0,1,0,0,7,4,0,1,20,0,3,13,1,7,8,8,8,0,0,1,0,0,2,1,0,0,0,0,1,2,0,2,0,0,1,0,Anomalous_43
0.37229437229437234,0,0,0,0,1,0,0,0,1,0,0,0,0,2,0,0,1,2,0,0,2,1,0,0,0,0,0,0,0,1,0,1,3,1,1,6,0,2,4,3,10,12,1,1,2,0,2,0,4,8,11,1,0,2,1,1,0,3,2,0,2,0,0,Anomalous_44
0.3659574468085106,0,0,0,0,0,0,0,0,0,0,0,0,0,0,0,0,0,0,0,0,0,0,0,0,0,0,0,0,0,0,7,3,4,0,4,11,3,0,6,0,0,0,0,0,2,7,2,2,5,16,14,0,0,4,2,4,3,5,4,2,1,5,0,Anomalous_45
0.43165395683453234,0,0,0,0,2,0,0,0,3,0,0,0,0,1,0,0,1,0,2,0,1,1,0,0,1,0,0,0,1,1,0,0,3,1,0,1,1,2,0,3,0,3,0,0,0,1,2,0,0,4,4,0,0,0,0,1,0,2,4,0,0,2,0,Anomalous_46
0.4559585492227979,0,0,0,0,0,0,0,0,0,0,0,0,0,2,0,0,0,0,0,0,0,1,0,0,1,0,0,0,1,1,0,4,4,0,4,10,0,0,5,0,7,8,3,3,1,0,0,0,0,3,2,0,0,0,1,0,0,0,4,0,0,1,0,Anomalous_47
0.3939393939393939,0,0,0,2,2,0,0,0,0,0,0,0,0,0,0,0,0,1,0,0,0,0,0,0,1,0,0,0,1,0,1,7,3,4,3,14,0,0,9,4,3,4,0,0,0,2,1,0,2,5,5,0,0,0,0,1,2,2,3,0,1,0,0,Anomalous_48
0.45138888888888884,0,0,0,0,1,0,0,0,3,0,1,0,0,0,0,0,0,0,3,0,0,0,0,0,0,0,0,0,0,0,0,0,4,0,0,1,0,3,1,2,1,2,0,0,2,1,0,1,0,7,7,0,0,0,2,0,2,1,3,1,0,0,0,Anomalous_49
0.29756097560975614,0,0,0,0,1,0,0,0,4,0,0,0,0,0,0,0,1,0,3,0,1,0,0,0,1,0,0,0,1,0,0,3,4,1,0,5,1,4,4,4,6,7,1,1,1,3,1,0,4,11,13,0,0,0,1,3,1,3,4,0,2,2,0,Anomalous_5
0.29383886255924174,0,0,0,0,1,0,0,0,4,0,0,0,1,2,0,0,0,0,1,0,0,0,0,0,0,0,0,0,0,0,0,7,4,0,0,18,2,4,11,2,1,2,9,9,1,2,2,0,4,11,10,0,0,0,1,2,1,1,4,0,0,0,0,Anomalous_50
0.30635722543352606,0,0,0,0,0,0,0,0,4,0,0,0,0,2,0,0,0,0,1,0,1,2,0,0,1,0,0,0,1,1,0,2,2,1,0,10,1,2,4,0,4,6,2,2,0,1,1,1,4,6,9,0,0,0,0,1,0,4,4,1,0,7,0,Anomalous_51
0.32432432432432434,0,0,0,0,4,0,0,0,2,0,0,0,0,3,0,0,0,0,0,0,0,2,0,0,0,0,0,0,0,1,0,1,4,0,0,5,1,2,1,2,2,3,0,0,2,5,1,2,3,21,22,0,0,0,2,2,1,5,4,2,2,1,0,Anomalous_52
0.31147499999999995,0,0,0,0,0,0,0,0,1,0,0,0,0,0,0,0,1,0,1,0,1,0,0,0,2,0,0,0,2,3,3,7,3,1,0,12,3,0,7,6,6,8,5,5,0,4,3,1,2,11,13,0,0,1,0,4,3,4,4,1,0,1,0,Anomalous_53
0.2878043902439025,0,0,0,0,0,0,0,0,3,0,0,0,0,0,0,0,1,0,3,0,0,0,0,0,1,0,0,0,1,1,0,0,3,1,0,16,1,2,9,5,0,0,5,5,1,5,3,1,0,16,15,0,0,0,1,2,2,5,4,1,2,1,0,Anomalous_54
0.3595505617977528,0,0,0,0,0,0,0,0,4,0,0,0,0,0,0,0,1,0,3,0,1,0,0,0,3,0,0,0,3,0,0,1,4,1,0,6,1,4,1,3,0,2,0,0,1,3,1,1,0,6,5,0,0,0,1,5,1,3,4,1,2,3,0,Anomalous_55
0.44666666666666666,0,0,0,0,0,0,0,0,4,0,0,0,0,0,0,0,1,0,3,0,0,0,0,0,1,0,0,0,1,0,0,0,4,2,0,9,1,4,5,3,0,6,0,0,0,3,0,0,0,0,0,0,0,0,0,1,0,3,3,0,0,0,0,Anomalous_56
0.44666666666666666,0,0,0,0,0,0,0,0,4,0,0,0,0,0,0,0,1,0,3,0,0,0,0,0,1,0,0,0,1,0,0,0,4,2,0,9,1,4,5,3,0,6,0,0,0,3,0,0,0,0,0,0,0,0,0,1,0,3,3,0,0,0,0,Anomalous_57
0.5187962406015038,0,0,0,0,3,0,0,0,4,0,0,0,0,2,0,0,2,0,0,0,0,0,0,0,2,0,0,0,2,0,0,0,3,2,0,0,0,3,0,1,0,0,0,0,1,1,0,0,0,0,0,0,0,0,1,0,2,1,3,0,5,0,0,Anomalous_58
0.4335254335260116,0,0,0,0,0,0,0,0,4,0,0,0,0,0,0,0,1,0,3,0,0,0,0,0,1,0,0,0,1,0,0,0,3,5,0,9,2,3,7,1,0,3,1,1,3,2,0,1,0,0,0,0,0,0,3,1,2,4,2,1,0,4,0,Anomalous_59
0.28643165829145734,0,0,0,0,0,0,0,0,4,0,0,0,0,0,0,0,1,0,4,0,0,0,0,0,1,0,0,0,1,0,0,2,3,2,0,10,1,3,6,3,3,3,0,0,1,4,1,1,8,17,18,0,0,0,1,2,1,4,3,1,0,2,0,Anomalous_6
0.36627906976744184,0,0,0,0,0,0,0,0,4,0,0,0,0,0,0,0,0,0,3,0,0,0,0,0,0,0,0,0,0,0,0,0,4,0,0,5,0,4,3,1,3,3,2,2,1,4,0,0,4,9,10,0,0,0,0,2,0,5,3,0,0,2,0,Anomalous_60
0.34117588235294116,0,0,0,0,2,0,0,0,4,0,0,0,0,1,0,0,0,0,2,0,0,0,0,0,1,0,0,0,1,0,0,2,3,0,0,4,0,3,2,1,1,2,1,1,1,0,1,0,9,7,9,0,0,0,0,1,0,3,3,0,2,5,0,Anomalous_61
0.34523809523809523,0,0,0,0,0,0,0,0,4,0,0,0,0,2,0,0,0,0,1,0,0,1,0,0,0,0,0,0,0,0,0,2,4,0,0,8,1,4,3,2,4,5,1,1,0,1,0,1,2,5,8,0,0,0,0,3,0,3,4,1,3,2,0,Anomalous_62
0.3515625,0,0,0,0,1,0,0,0,4,0,0,0,0,1,0,0,2,0,1,0,0,0,0,0,3,0,0,0,2,0,0,7,4,3,0,19,0,4,7,2,3,3,4,4,2,4,4,1,8,13,13,0,0,0,0,3,2,4,2,1,0,2,0,Anomalous_63
0.36666611111111114,0,0,0,0,0,0,0,0,2,0,0,0,0,2,0,0,0,0,1,0,0,1,0,0,1,0,0,0,1,0,0,0,3,0,0,0,3,1,0,0,0,0,0,0,2,1,5,2,1,7,9,0,0,8,2,7,6,3,4,2,5,2,0,Anomalous_64
0.499999358974359,0,0,0,0,4,0,0,0,1,0,0,0,0,2,2,0,0,0,1,0,2,0,0,0,0,0,0,0,0,2,0,0,2,0,0,1,1,0,0,1,0,5,0,0,0,3,1,1,0,0,0,0,0,0,0,3,1,4,3,1,1,3,0,Anomalous_65
0.30635722543352606,0,0,0,0,0,0,0,0,4,0,0,0,0,2,0,0,0,0,1,0,1,2,0,0,1,0,0,0,1,1,0,2,2,1,0,10,1,2,4,0,4,6,2,2,0,1,1,1,4,6,9,0,0,0,0,1,0,4,4,1,0,7,0,Anomalous_66
0.4358967948717949,0,0,0,0,1,0,0,0,1,0,1,0,0,0,0,0,1,0,2,0,2,2,0,0,1,0,0,0,1,1,0,1,3,1,0,2,0,1,2,1,3,6,0,0,0,0,0,1,3,5,5,0,0,1,0,1,1,1,4,1,0,0,0,Anomalous_67
0.38888888888888884,0,0,0,0,0,0,0,0,3,0,0,0,0,1,0,0,0,0,1,0,0,0,0,0,2,0,0,0,1,0,0,7,4,0,1,20,0,3,13,1,7,8,8,8,0,0,1,0,0,2,1,0,0,0,0,1,2,0,2,0,0,1,0,Anomalous_68
0.34636871508379885,0,0,0,0,0,0,0,0,4,0,0,0,0,0,0,0,0,0,3,0,0,0,0,0,0,0,0,0,0,0,0,3,4,0,0,5,0,4,4,4,6,6,0,0,3,1,0,0,5,11,12,0,0,0,3,0,3,1,4,0,0,0,0,Anomalous_69
0.38970514705882353,0,0,0,0,2,0,0,0,4,0,1,0,0,1,3,0,0,0,2,0,0,1,0,0,1,0,0,0,1,0,0,0,3,0,0,2,0,3,1,1,0,1,0,0,0,2,0,0,0,5,5,0,0,0,0,0,0,3,4,0,0,4,0,Anomalous_7
0.44134078212290506,0,0,0,0,0,0,0,0,4,0,0,0,0,0,0,1,2,0,2,0,0,0,0,0,2,0,0,0,2,0,0,4,4,2,0,11,0,4,9,2,2,2,7,7,0,0,1,0,0,2,0,0,0,0,0,0,1,0,2,0,0,0,0,Anomalous_70
0.2065865269461078,0,0,0,0,4,0,0,0,4,0,1,0,0,1,0,0,1,0,1,0,0,0,0,0,1,0,0,0,1,0,0,4,3,4,0,13,2,3,9,3,0,0,4,4,1,8,0,4,26,41,48,0,0,0,0,8,0,12,3,4,1,10,0,Anomalous_71
0.3049995,0,0,0,0,0,0,0,0,3,0,0,0,0,0,0,0,0,0,2,0,2,1,0,0,1,0,0,0,1,0,0,2,3,1,0,4,1,2,3,3,0,3,0,0,1,3,0,1,7,21,22,0,0,0,1,1,0,4,4,1,0,4,0,Anomalous_72
0.29999947368421054,0,0,0,0,0,0,0,0,4,0,0,0,1,3,0,0,0,0,0,0,1,1,0,0,3,0,0,0,3,0,0,0,3,1,0,1,2,3,0,0,3,5,0,0,1,4,2,0,7,16,16,0,0,0,1,1,1,4,4,0,0,4,0,Anomalous_73
0.2558139534883721,0,0,0,0,0,0,0,0,4,0,0,0,0,0,0,0,0,0,3,0,1,1,0,0,1,0,0,0,1,0,0,7,4,1,0,18,3,4,8,4,2,4,5,5,3,5,0,2,8,19,20,0,0,0,3,3,3,6,4,2,0,3,0,Anomalous_74
0.3423907608695652,0,0,0,0,0,0,0,0,2,0,0,0,0,0,0,0,1,0,1,0,0,1,0,0,1,0,0,0,1,0,0,0,3,1,0,9,4,2,7,2,0,0,5,5,2,2,2,2,0,9,7,0,0,0,2,3,3,1,4,2,0,4,0,Anomalous_75
0.594059405940594,0,0,0,0,1,0,0,0,1,0,0,0,0,1,0,0,1,0,0,0,0,0,0,0,1,0,0,0,1,0,0,0,1,3,0,9,1,1,7,2,0,4,0,0,4,1,1,1,0,0,0,0,0,0,2,2,4,2,1,1,1,0,0,Anomalous_76
0.3561643835616438,0,0,0,0,0,0,0,0,4,0,0,0,0,0,0,0,0,0,3,0,0,0,0,0,0,0,0,0,0,0,0,0,4,0,0,17,0,4,13,4,0,7,3,3,0,0,0,0,0,0,0,0,0,0,0,1,0,0,4,0,0,2,0,Anomalous_77
0.5317913294797687,0,0,0,0,1,0,0,0,0,0,0,0,0,1,0,0,0,0,0,0,0,0,0,0,1,0,0,0,0,2,1,0,3,1,1,2,0,0,0,1,5,5,0,0,1,1,0,0,1,8,7,0,0,0,2,0,0,1,2,0,0,0,0,Anomalous_78
0.3819090452261307,0,0,0,0,1,0,0,0,1,0,0,0,0,2,0,0,0,0,0,0,0,0,0,0,1,0,0,0,1,1,0,1,3,1,1,3,2,0,1,3,1,2,0,0,1,3,2,2,5,9,11,0,0,2,1,2,0,4,4,2,1,2,0,Anomalous_79
0.30817421383647803,0,0,0,0,0,0,0,0,4,0,0,0,0,1,1,0,0,0,2,0,1,0,0,0,3,0,0,0,3,2,0,0,1,0,0,4,3,1,0,1,0,4,0,0,0,1,3,3,0,8,9,0,0,0,0,3,0,2,4,3,4,3,0,Anomalous_8
0.3515625,0,0,0,0,1,0,0,0,4,0,0,0,0,1,0,0,2,0,1,0,0,0,0,0,3,0,0,0,2,0,0,7,4,3,0,19,0,4,7,2,3,3,4,4,2,4,4,1,8,13,13,0,0,0,0,3,2,4,2,1,0,2,0,Anomalous_80
0.34117588235294116,0,0,0,0,2,0,0,0,4,0,0,0,0,1,0,0,0,0,2,0,0,0,0,0,1,0,0,0,1,0,0,2,3,0,0,4,0,3,2,1,1,2,1,1,1,0,1,0,9,7,9,0,0,0,0,1,0,3,3,0,2,5,0,Anomalous_81
0.31481481481481477,0,0,0,0,0,0,0,0,3,0,0,0,1,1,0,0,0,0,1,0,4,3,1,1,1,1,1,1,1,0,2,4,4,0,0,8,4,3,6,0,6,11,5,5,1,2,2,0,0,5,5,0,0,0,2,2,1,2,3,0,1,3,0,Anomalous_82
0.35858585858585856,0,0,0,0,2,0,0,0,2,0,0,0,0,2,0,0,1,0,1,0,0,1,0,0,1,0,0,0,1,0,0,1,4,3,0,8,1,2,3,3,6,6,0,0,2,2,1,0,3,9,10,0,0,0,2,1,2,2,4,0,0,1,0,Anomalous_83
0.45222929936305734,0,0,0,0,0,0,0,0,4,0,0,0,0,0,0,0,0,0,2,0,2,2,0,0,0,0,0,0,0,0,0,0,4,0,0,6,2,4,3,2,0,2,0,0,2,3,1,1,0,0,0,0,0,0,2,2,2,4,2,1,2,4,0,Anomalous_84
0.47928994082840237,0,0,0,0,1,0,0,0,2,0,0,0,0,1,0,0,0,0,1,0,0,1,0,0,0,0,0,0,0,0,0,0,3,1,0,9,0,2,6,1,0,3,4,4,2,0,0,1,0,0,0,0,0,0,1,1,3,3,2,1,1,2,0,Anomalous_85
0.29756097560975614,0,0,0,0,1,0,0,0,4,0,0,0,0,0,0,0,1,0,3,0,1,0,0,0,1,0,0,0,1,0,0,3,4,1,0,5,1,4,4,4,6,7,1,1,1,3,1,0,4,11,13,0,0,0,1,3,1,3,4,0,2,2,0,Anomalous_86
0.26940639269406397,0,0,0,0,1,0,0,0,4,0,0,0,0,0,0,0,4,0,4,0,6,4,1,1,2,1,1,1,2,0,0,0,4,5,0,13,4,4,11,7,0,7,1,1,2,0,5,2,0,3,5,0,0,0,2,4,2,0,4,2,0,1,0,Anomalous_87
0.3275862068965517,0,0,0,0,0,0,0,0,2,0,0,1,0,0,1,0,0,0,2,0,1,1,0,0,2,0,0,0,2,0,0,15,4,4,3,22,0,2,15,2,5,7,7,7,1,1,0,0,0,3,2,0,0,0,1,0,0,1,4,0,0,0,0,Anomalous_88
0.4965972789115646,0,0,0,0,1,0,0,0,4,0,0,0,0,0,0,0,0,0,2,0,1,0,0,0,2,0,0,0,0,1,0,0,2,0,0,3,1,2,1,2,0,5,0,0,3,0,0,2,0,0,0,0,0,0,2,3,0,4,1,2,0,1,0,Anomalous_89
0.4263157894736842,0,0,0,0,0,0,0,0,2,0,0,0,0,1,0,0,0,0,1,0,0,0,0,0,2,0,0,0,2,0,0,2,4,0,0,5,0,2,2,1,0,0,1,1,1,3,0,0,9,14,13,0,0,0,1,0,1,3,3,0,2,0,0,Anomalous_9
0.3423907608695652,0,0,0,0,0,0,0,0,2,0,0,0,0,0,0,0,1,0,1,0,0,1,0,0,1,0,0,0,1,0,0,0,3,1,0,9,4,2,7,2,0,0,5,5,2,2,2,2,0,9,7,0,0,0,2,3,3,1,4,2,0,4,0,Anomalous_90
0.4516129032258065,0,0,0,0,0,0,0,0,1,0,0,0,0,0,0,0,1,0,1,0,0,0,0,0,2,0,0,0,2,1,1,0,4,0,0,4,2,1,1,5,0,0,0,0,3,2,2,1,0,8,9,0,0,1,3,1,2,2,4,1,1,0,0,Anomalous_91
0.472972972972973,0,0,0,0,2,0,0,0,2,0,0,0,1,2,1,0,0,0,0,0,0,0,0,0,0,0,0,0,0,1,0,0,4,1,0,8,0,2,5,2,0,4,0,0,0,2,3,0,0,0,0,0,0,0,0,2,0,2,2,0,0,0,0,Anomalous_92
0.3098591549295775,0,0,0,0,0,0,0,0,4,0,0,0,0,0,0,0,1,0,3,0,3,4,0,0,2,0,0,0,1,0,0,2,4,2,0,5,0,4,3,3,5,9,1,1,3,4,0,0,8,13,11,0,0,0,2,0,2,3,3,0,4,6,0,Anomalous_93
0.34013605442176875,0,0,0,0,0,0,0,0,0,0,0,0,0,0,0,0,0,1,0,0,1,2,0,0,2,0,0,0,1,0,5,5,4,0,7,16,0,0,8,2,10,12,5,5,1,5,1,0,6,17,16,0,0,4,1,0,1,5,3,0,1,7,0,Anomalous_94
0.2882562277580071,0,0,0,0,0,0,0,0,4,0,0,0,0,0,0,0,1,0,3,0,1,1,0,0,2,0,0,0,2,0,0,2,4,2,0,12,4,4,5,6,2,4,3,3,2,6,3,5,8,16,25,0,0,0,1,10,2,7,3,5,2,3,0,Anomalous_95
0.5121934959349593,0,0,0,0,1,0,0,0,4,0,0,0,0,0,0,0,0,0,3,0,1,0,0,0,1,0,0,0,0,1,0,0,2,0,0,2,2,2,0,0,0,2,0,0,0,1,0,1,0,0,0,0,0,0,0,1,0,2,2,1,1,1,0,Anomalous_96
0.31147499999999995,0,0,0,0,0,0,0,0,1,0,0,0,0,0,0,0,1,0,1,0,1,0,0,0,2,0,0,0,2,3,3,7,3,1,0,12,3,0,7,6,6,8,5,5,0,4,3,1,2,11,13,0,0,1,0,4,3,4,4,1,0,1,0,Anomalous_97
0.3542845714285714,0,0,0,0,1,0,0,0,4,0,0,0,0,2,0,0,2,0,1,0,0,0,0,0,3,0,0,0,3,1,0,0,2,0,0,11,1,2,5,3,0,1,1,1,0,2,1,1,0,15,14,0,0,0,0,1,0,2,3,1,0,1,0,Anomalous_98
0.38509254658385095,0,0,0,0,0,0,0,0,3,0,0,0,0,2,0,0,0,0,1,0,0,0,0,0,0,0,0,0,0,1,0,0,3,0,0,2,0,2,1,0,1,1,0,0,0,4,0,2,7,13,13,0,0,0,0,1,0,4,3,2,1,2,0,Anomalous_99
0.5,2,2,0,0,0,2,0,0,4,0,0,0,0,0,2,0,0,0,0,0,0,0,0,0,0,0,0,0,0,0,0,0,0,0,0,0,0,0,0,0,0,0,0,0,0,0,0,0,0,0,0,0,0,0,0,0,0,0,0,0,0,0,0,Normal_0
0.9999981818181818,0,0,0,0,0,0,0,0,0,0,0,0,0,0,0,0,0,0,0,0,0,0,0,0,0,0,0,0,0,0,0,0,0,0,0,0,0,0,0,0,0,0,0,0,0,0,0,0,0,0,0,0,0,0,0,0,0,0,0,0,0,0,0,Normal_1
0.6292134831460674,0,1,0,0,0,0,0,0,0,0,0,0,0,0,1,0,0,0,0,0,0,0,0,0,0,0,0,0,0,1,0,0,1,0,0,0,0,0,0,1,0,0,0,0,1,0,0,0,0,1,1,0,0,0,1,0,0,0,1,0,0,0,0,Normal_10
0.9090909090909091,0,0,0,0,0,0,0,0,0,0,0,0,0,0,0,1,0,0,0,0,0,1,0,0,0,0,0,0,0,0,0,0,0,0,0,0,0,0,0,0,0,0,0,0,0,0,0,0,0,0,0,0,0,0,0,0,0,0,0,0,0,0,0,Normal_100
0.711340206185567,0,0,0,0,0,0,0,0,0,0,0,0,0,0,0,0,0,0,0,0,0,0,0,0,0,0,0,0,0,2,0,0,2,0,0,0,0,0,0,0,0,0,0,0,0,0,0,0,0,2,0,0,0,0,0,0,0,0,2,0,0,0,0,Normal_101
0.44285428571428576,0,0,0,0,0,0,0,0,4,0,0,0,0,0,0,0,1,0,1,0,0,0,0,0,1,0,0,0,1,1,0,0,0,1,0,0,0,0,0,0,0,0,0,0,0,0,0,0,0,2,0,0,0,0,0,0,0,0,2,0,0,0,0,Normal_102
0.95,0,0,0,0,0,0,0,0,1,0,0,0,0,0,0,0,0,0,0,0,0,0,0,0,0,0,0,0,0,0,0,0,0,0,0,0,0,0,0,0,0,0,0,0,0,0,0,0,0,0,0,0,0,0,0,0,0,0,0,0,0,0,0,Normal_103
0.5473663157894737,0,1,0,0,2,0,0,0,0,0,0,0,0,2,1,0,1,0,0,0,0,0,0,0,1,0,0,0,1,0,0,0,0,2,0,0,0,0,0,0,0,0,0,0,0,0,0,0,0,4,1,0,0,0,0,0,0,0,2,0,0,0,0,Normal_104
0.3783783783783784,2,4,1,0,0,2,0,0,4,0,0,0,0,0,4,0,0,0,0,0,0,0,0,0,0,0,0,0,0,0,0,0,0,0,0,0,0,0,0,0,0,0,0,0,0,0,0,0,0,0,0,0,0,0,0,0,0,0,0,0,0,0,0,Normal_105
0.5774633802816902,1,1,0,0,0,1,0,0,0,0,0,0,0,0,1,0,1,0,0,0,0,0,0,0,0,0,0,0,0,0,0,0,0,0,0,0,0,0,0,0,0,0,0,0,0,0,0,0,0,1,0,0,0,0,0,0,0,0,1,0,0,0,0,Normal_106
0.5393247191011237,1,1,0,0,1,1,0,0,0,0,0,0,0,0,1,0,0,0,0,0,0,0,0,0,0,0,0,0,0,0,0,1,0,1,0,3,0,0,2,0,0,0,0,0,0,0,0,0,0,1,0,0,0,0,0,0,0,0,1,0,0,0,0,Normal_107
0.782608695652174,0,0,0,0,0,0,0,0,4,0,0,0,0,0,0,0,0,0,0,0,0,0,0,0,0,0,0,0,0,0,0,0,1,0,0,0,0,1,0,0,0,0,0,0,0,0,0,0,0,0,0,0,0,0,0,0,0,0,0,0,0,0,0,Normal_108
0.46575068493150684,0,0,0,0,1,0,0,0,4,0,0,0,0,0,0,0,1,0,2,0,0,0,0,0,1,0,0,0,1,1,0,0,1,0,0,0,0,1,0,0,0,0,0,0,0,0,0,0,0,3,0,0,0,0,0,0,0,0,3,0,0,0,0,Normal_109
0.48275862068965514,1,1,0,0,0,1,0,0,4,0,0,0,0,0,1,0,0,0,1,0,0,1,0,0,0,0,0,0,0,0,0,0,1,0,0,0,0,1,0,0,0,0,0,0,0,0,0,0,0,1,0,0,0,0,0,0,0,0,1,0,0,0,0,Normal_11
0.8,0,0,0,0,0,0,0,0,4,0,0,0,0,0,0,0,0,0,1,0,0,0,0,0,0,0,0,0,0,0,0,0,2,0,0,0,0,2,0,0,0,0,0,0,0,0,0,0,0,0,0,0,0,0,0,0,0,0,0,0,0,0,0,Normal_110
0.5,2,3,0,1,1,3,1,0,0,0,0,0,0,0,3,0,0,0,0,0,0,0,0,0,0,0,0,0,0,0,0,0,0,0,0,0,0,0,0,0,0,0,0,0,0,0,0,0,0,2,1,0,0,0,0,0,0,0,0,0,0,0,0,Normal_111
0.7261904761904762,0,1,0,0,0,0,0,0,0,0,0,0,0,0,1,0,0,0,0,0,0,0,0,0,0,0,0,0,0,1,0,0,2,0,0,0,0,0,0,0,0,0,0,0,0,0,0,0,0,1,0,0,0,0,0,0,0,0,1,0,0,0,0,Normal_112
0.9215686274509804,0,0,0,0,0,0,0,0,0,0,0,0,0,0,0,0,0,0,0,0,0,0,0,0,0,0,0,0,0,0,0,0,0,0,0,0,0,0,0,0,0,0,0,0,0,0,0,0,0,0,0,0,0,0,0,0,0,0,0,0,0,0,0,Normal_113
0.9841269841269842,0,0,0,0,0,0,0,0,0,0,0,0,0,0,0,0,0,0,0,0,0,0,0,0,0,0,0,0,0,0,0,0,0,0,0,0,0,0,0,0,0,0,0,0,0,0,0,0,0,0,0,0,0,0,0,0,0,0,0,0,0,0,0,Normal_114
0.5,2,2,0,0,0,2,0,0,4,0,0,0,0,0,2,0,0,0,0,0,0,0,0,0,0,0,0,0,0,0,0,0,1,0,0,0,0,1,0,0,0,0,0,0,0,0,0,0,0,1,0,0,0,0,0,0,0,0,1,0,0,0,0,Normal_115
0.7096774193548387,0,0,0,0,1,0,0,0,4,0,0,0,0,1,0,0,0,0,0,0,0,0,0,0,0,0,0,0,0,0,0,0,1,0,0,0,0,1,0,0,0,0,0,0,0,0,0,0,0,1,0,0,0,0,0,0,0,0,1,0,0,0,0,Normal_116
0.48275747126436785,1,2,0,0,1,1,0,0,0,1,0,0,0,1,2,0,0,0,0,0,0,0,0,0,0,0,0,0,0,0,0,1,0,1,1,3,0,0,1,0,0,0,0,0,0,0,0,0,0,2,0,0,0,0,0,0,0,0,1,0,0,0,0,Normal_117
0.8481,0,0,0,0,0,0,0,0,4,0,0,0,0,0,0,0,0,0,0,0,0,0,0,0,0,0,0,0,0,0,0,0,1,0,0,0,0,1,0,0,0,0,0,0,0,0,0,0,0,0,0,0,0,0,0,0,0,0,0,0,0,0,0,Normal_118
0.8018867924528301,0,0,0,0,0,0,0,0,4,0,0,0,0,0,0,0,0,0,1,0,0,0,0,0,0,0,0,0,0,0,0,0,3,0,0,0,0,3,1,0,0,0,0,0,0,0,0,0,0,0,0,0,0,0,0,0,2,0,0,0,0,0,0,Normal_119
0.4754081967213115,1,1,0,0,0,1,0,0,4,0,0,0,0,0,1,0,1,0,1,0,0,0,0,0,1,0,0,0,1,0,0,0,0,1,0,0,0,0,0,0,0,0,0,0,0,0,0,0,0,1,0,0,0,0,0,0,0,0,1,0,0,0,0,Normal_12
0.7999985714285714,0,0,0,0,0,0,0,0,4,0,0,0,0,0,0,0,0,0,1,0,0,0,0,0,0,0,0,0,0,0,0,0,1,0,0,0,0,1,0,0,0,0,0,0,0,0,0,0,0,0,0,0,0,0,0,0,0,0,0,0,0,0,0,Normal_120
0.5,2,3,0,1,1,3,1,0,0,0,0,0,0,0,3,0,0,0,0,0,0,0,0,0,0,0,0,0,0,0,0,0,0,0,0,0,0,0,0,0,0,0,0,0,0,0,0,0,0,2,1,0,0,0,0,0,0,0,0,0,0,0,0,Normal_121
0.3886005181347151,0,0,0,1,6,0,1,0,0,0,0,1,0,2,2,0,0,0,0,0,0,0,0,0,0,0,0,0,0,2,4,3,2,2,2,6,0,0,3,3,2,2,0,0,0,4,0,0,1,10,8,0,0,4,0,0,0,4,3,0,1,1,0,Normal_122
0.6666666666666667,2,3,0,0,0,0,0,0,0,0,0,0,0,0,3,0,0,0,0,0,0,0,0,0,0,0,0,0,0,0,0,0,0,0,0,0,0,0,0,0,0,0,0,0,0,0,0,0,0,0,0,0,0,0,0,0,0,0,0,0,0,0,0,Normal_123
0.6716402985074628,0,0,0,0,0,0,0,0,4,0,0,0,0,0,0,0,0,0,1,0,0,0,0,0,0,0,0,0,0,0,0,0,1,0,0,0,0,1,0,0,0,0,0,0,0,0,0,0,0,0,0,0,0,0,0,0,0,0,0,0,0,0,0,Normal_124
0.8771921052631579,0,0,0,0,0,0,0,0,0,0,0,0,0,0,0,0,0,0,0,0,0,0,0,0,0,0,0,0,0,0,0,0,0,0,0,1,0,0,0,0,1,1,0,0,0,0,0,0,0,0,0,0,0,0,0,0,0,0,0,0,0,0,0,Normal_125
0.8571428571428572,3,0,0,0,0,0,0,0,0,0,0,0,0,0,0,0,0,0,0,0,0,0,0,0,0,0,0,0,0,0,0,0,0,0,0,0,0,0,0,0,0,0,0,0,0,0,0,0,0,0,0,0,0,0,0,0,0,0,0,0,0,0,0,Normal_126
0.3846153846153846,2,2,0,0,0,0,0,0,4,0,0,0,0,0,2,0,0,0,0,0,0,0,0,0,0,0,0,0,0,0,0,0,0,0,0,0,0,0,0,0,0,0,0,0,0,0,0,0,0,0,0,0,0,0,0,0,0,0,0,0,0,0,0,Normal_127
0.9480506493506493,0,0,0,0,0,0,0,0,0,0,0,0,0,0,0,0,0,0,0,0,0,0,0,0,0,0,0,0,0,0,0,0,0,0,0,0,0,0,0,0,0,0,0,0,0,0,0,0,0,0,0,0,0,0,0,0,0,0,0,0,0,0,0,Normal_128
0.5473663157894737,0,1,0,0,2,0,0,0,0,0,0,0,0,2,1,0,1,0,0,0,0,0,0,0,1,0,0,0,1,0,0,0,0,1,0,0,0,0,0,0,0,0,0,0,0,0,0,0,0,4,1,0,0,0,0,0,0,0,2,0,0,0,0,Normal_129
0.774191935483871,0,0,0,0,0,0,0,0,4,0,0,0,0,0,0,0,0,0,0,0,0,0,0,0,0,0,0,0,0,0,0,0,0,0,0,0,0,0,0,0,0,0,0,0,0,0,0,0,0,0,0,0,0,0,0,0,0,0,0,0,0,0,0,Normal_13
0.8571428571428572,3,0,0,0,0,0,0,0,0,0,0,0,0,0,0,0,0,0,0,0,0,0,0,0,0,0,0,0,0,0,0,0,0,0,0,0,0,0,0,0,0,0,0,0,0,0,0,0,0,0,0,0,0,0,0,0,0,0,0,0,0,0,0,Normal_130
0.8124989583333333,0,0,0,0,0,0,0,0,4,0,0,0,0,0,0,0,0,0,2,0,0,0,0,0,0,0,0,0,0,0,0,0,3,0,0,0,0,3,0,0,0,0,0,0,0,0,0,0,0,0,0,0,0,0,0,0,0,0,0,0,0,0,0,Normal_131
0.7777755555555556,0,0,0,0,0,0,0,0,4,0,0,0,0,0,0,0,0,0,0,0,0,0,0,0,0,0,0,0,0,0,0,0,0,0,0,0,0,0,0,0,0,0,0,0,0,0,0,0,0,0,0,0,0,0,0,0,0,0,0,0,0,0,0,Normal_132
0.7555555555555555,0,0,0,0,0,0,0,0,4,1,0,0,0,0,0,0,0,0,0,0,0,0,0,0,0,0,0,0,0,0,0,0,0,0,0,0,0,0,0,0,0,0,0,0,0,0,0,0,0,0,0,0,0,0,0,0,0,0,0,0,0,0,0,Normal_133
0.7710831325301205,0,0,0,0,0,0,0,0,4,0,0,0,0,0,0,0,0,0,1,0,0,0,0,0,0,0,0,0,0,0,0,0,2,0,0,0,0,2,0,0,0,0,0,0,0,0,0,0,0,0,0,0,0,0,0,0,0,0,0,0,0,0,0,Normal_134
0.42176802721088436,1,1,0,0,2,0,0,0,0,0,0,0,0,1,2,0,1,0,0,0,0,0,0,0,1,0,0,0,1,1,2,0,1,0,0,0,1,0,0,3,0,0,0,0,1,2,0,1,0,8,9,0,0,2,1,1,1,3,2,1,0,0,0,Normal_135
0.7469867469879519,0,0,0,0,0,0,0,0,0,0,0,0,0,0,0,0,0,0,0,0,0,0,0,0,0,0,0,0,0,0,0,0,0,0,0,0,0,0,0,0,0,0,0,0,0,0,0,0,0,1,0,0,0,0,0,0,0,0,1,0,0,0,0,Normal_136
0.7450960784313725,0,0,0,0,0,0,0,0,4,0,0,0,0,0,0,0,0,0,1,0,0,0,0,0,0,0,0,0,0,0,0,0,0,0,0,0,0,0,0,0,0,0,0,0,0,0,0,0,0,0,0,0,0,0,0,0,0,0,0,0,0,0,0,Normal_137
0.8771921052631579,0,0,0,0,0,0,0,0,0,0,0,0,0,0,0,0,0,0,0,0,0,0,0,0,0,0,0,0,0,0,0,0,0,0,0,1,0,0,0,0,1,1,0,0,0,0,0,0,0,0,0,0,0,0,0,0,0,0,0,0,0,0,0,Normal_138
0.631578947368421,3,4,0,0,0,1,0,0,0,0,0,0,0,0,2,0,0,0,0,0,0,0,0,0,0,0,0,0,0,0,0,0,0,0,0,0,0,0,0,0,0,0,0,0,0,0,0,0,0,0,0,0,0,0,0,0,0,0,0,0,0,0,0,Normal_139
0.8095222222222223,0,0,0,0,0,0,0,0,4,0,0,0,0,0,0,0,0,0,0,0,0,0,0,0,0,0,0,0,0,0,0,0,0,0,0,0,0,0,0,0,0,0,0,0,0,0,0,0,0,0,0,0,0,0,0,0,0,0,0,0,0,0,0,Normal_14
0.4385929824561403,0,1,0,0,0,0,0,0,4,0,0,0,0,0,2,0,1,0,0,0,0,0,0,0,1,0,0,0,1,1,0,0,0,1,0,0,0,0,0,0,0,0,0,0,0,0,0,0,0,1,0,0,0,0,0,0,0,0,1,0,0,0,0,Normal_140
0.6585365853658536,0,1,0,0,0,0,0,0,0,0,0,0,0,0,1,0,1,0,0,0,0,0,0,0,1,0,0,0,1,1,0,0,1,1,0,0,0,0,0,0,0,0,0,0,0,0,0,0,0,1,0,0,0,0,0,0,0,0,1,0,0,0,0,Normal_141
0.5324675324675325,0,0,0,0,0,0,0,0,4,0,0,0,0,0,0,0,0,0,1,0,0,1,0,0,0,0,0,0,0,0,0,0,2,0,0,0,0,2,0,0,0,0,0,0,0,0,0,0,0,2,0,0,0,0,0,0,0,0,2,0,0,0,0,Normal_142
0.5,2,2,0,0,0,2,0,0,4,0,0,0,0,0,2,0,0,0,0,0,0,0,0,0,0,0,0,0,0,0,0,0,0,0,0,0,0,0,0,0,0,0,0,0,0,0,0,0,0,0,0,0,0,0,0,0,0,0,0,0,0,0,0,Normal_143
0.774191935483871,0,0,0,0,0,0,0,1,4,0,0,0,0,0,0,0,0,0,0,0,0,0,0,0,0,0,0,0,0,0,0,0,0,0,0,0,0,0,0,0,0,0,0,0,0,0,0,0,0,0,0,0,0,0,0,0,0,0,0,0,0,0,0,Normal_144
0.9215686274509804,0,0,0,0,0,0,0,0,0,0,0,0,0,0,0,0,0,0,0,0,0,0,0,0,0,0,0,0,0,0,0,0,0,0,0,0,0,0,0,0,0,0,0,0,0,0,0,0,0,0,0,0,0,0,0,0,0,0,0,0,0,0,0,Normal_145
1.0,0,0,0,0,0,0,0,0,0,0,0,0,0,0,0,0,0,0,0,0,0,0,0,0,0,0,0,0,0,0,0,0,0,0,0,0,0,0,0,0,0,0,0,0,0,0,0,0,0,0,0,0,0,0,0,0,0,0,0,0,0,0,0,Normal_146
0.6923076923076923,0,0,0,0,0,0,0,0,4,0,0,0,0,0,0,0,0,0,1,0,0,0,0,0,0,0,0,0,0,0,0,0,2,0,0,0,0,2,0,0,0,0,0,0,0,0,0,0,0,0,0,0,0,0,0,0,0,0,0,0,0,0,0,Normal_147
0.33484162895927605,0,1,0,0,0,1,0,0,2,0,0,0,0,0,1,0,0,0,1,0,0,0,0,0,0,0,0,0,0,0,0,4,2,1,0,9,2,2,5,1,0,0,1,1,2,7,2,2,10,19,19,0,0,0,2,2,1,7,0,2,1,2,0,Normal_148
0.8,0,0,0,0,0,0,0,0,4,0,0,0,0,0,0,0,0,0,1,0,0,0,0,0,0,0,0,0,0,0,0,0,2,0,0,0,0,2,0,0,0,0,0,0,0,0,0,0,0,0,0,0,0,0,0,0,0,0,0,0,0,0,0,Normal_149
0.9911486725663717,0,0,0,0,0,0,0,0,0,0,0,0,0,0,0,0,0,0,0,0,0,0,0,0,0,0,0,0,0,0,0,0,0,0,0,0,0,0,0,0,0,0,0,0,0,0,0,0,0,0,0,0,0,0,0,0,0,0,0,0,0,0,0,Normal_15
0.8481,0,0,0,0,0,0,0,0,4,0,0,0,0,0,0,0,0,0,0,0,0,0,0,0,0,0,0,0,0,0,0,0,1,0,0,0,0,1,0,0,0,0,0,0,0,0,0,0,0,0,0,0,0,0,0,0,0,0,0,0,0,0,0,Normal_150
0.6184197368421053,1,2,0,0,0,0,0,0,0,0,0,0,0,0,2,0,1,0,0,0,0,0,0,0,1,0,0,0,1,0,0,0,0,1,0,0,0,0,0,0,0,0,0,0,0,0,0,0,0,1,0,0,0,0,0,0,0,0,1,0,0,0,0,Normal_151
0.4897959183673469,1,2,0,0,0,1,0,0,4,0,0,0,0,0,2,0,0,0,0,0,0,0,0,0,0,0,0,0,0,0,0,0,0,0,0,0,0,0,0,0,0,0,0,0,0,0,0,0,0,0,0,0,0,0,0,0,0,0,0,0,0,0,0,Normal_152
0.9999981818181818,0,0,0,0,0,0,0,0,0,0,0,0,0,0,0,0,0,0,0,0,0,0,0,0,0,0,0,0,0,0,0,0,0,0,0,0,0,0,0,0,0,0,0,0,0,0,0,0,0,0,0,0,0,0,0,0,0,0,0,0,0,0,0,Normal_153
0.7222222222222222,0,0,1,0,0,0,0,0,4,0,0,0,0,0,0,0,0,0,2,0,0,1,0,0,0,0,0,0,0,0,0,0,2,0,0,0,0,2,0,0,0,0,0,0,0,0,0,0,0,0,0,0,0,0,0,0,0,0,0,0,0,0,0,Normal_154
0.7037037037037037,0,0,0,0,0,0,0,0,2,0,0,0,0,0,0,0,0,0,2,0,0,0,0,0,0,0,0,0,0,0,0,0,2,0,0,0,0,2,0,1,0,0,0,0,0,0,0,0,0,2,0,0,0,0,0,0,0,0,2,0,0,0,0,Normal_155
0.6842105263157895,0,1,0,0,0,0,0,0,4,0,0,0,0,0,0,0,0,0,0,0,1,0,0,0,0,0,0,0,0,0,0,0,1,0,0,0,0,1,0,0,0,0,0,0,0,0,0,0,0,0,0,0,0,0,0,0,0,0,0,0,0,0,0,Normal_156
0.5764694117647059,1,1,0,0,1,1,0,0,1,0,0,0,0,1,1,0,0,0,0,0,0,0,1,0,0,0,0,0,0,1,0,0,1,0,0,0,0,0,0,0,0,0,0,0,0,0,0,0,0,2,0,0,0,0,0,0,0,0,2,0,0,0,0,Normal_157
0.75,0,0,0,4,4,0,1,0,0,0,0,0,0,0,0,0,0,0,0,0,0,0,0,0,0,0,0,0,0,0,0,0,0,0,0,0,0,0,0,0,0,0,0,0,0,0,0,0,0,0,0,0,0,0,0,0,0,0,0,0,0,0,0,Normal_158
0.6617632352941176,1,2,0,0,0,2,0,0,0,0,0,0,0,0,2,0,0,0,0,0,0,0,0,0,0,0,0,0,0,0,0,0,0,0,0,0,0,0,0,0,0,0,0,0,0,0,0,0,0,1,0,0,0,0,0,0,0,0,1,0,0,0,0,Normal_159
0.6749974999999999,0,1,0,0,1,0,0,0,0,0,0,0,0,1,1,0,1,0,0,0,0,0,0,0,1,0,0,0,1,0,0,0,0,1,0,0,0,0,0,0,0,0,0,0,0,0,0,0,0,2,0,0,0,0,0,0,0,0,2,0,0,0,0,Normal_16
0.76,0,0,0,1,1,0,1,0,0,0,0,0,0,0,0,0,0,0,0,0,0,0,0,0,0,0,0,0,0,0,0,0,0,0,0,0,0,0,0,0,0,0,0,0,0,0,0,0,0,0,0,0,0,0,0,0,0,0,0,0,0,0,0,Normal_160
0.5822784810126582,0,0,0,0,0,0,0,0,4,0,0,0,0,0,0,0,0,0,1,0,0,0,0,0,0,0,0,0,0,0,0,0,2,0,0,0,0,2,0,0,0,0,0,0,0,0,1,0,0,2,0,0,0,0,0,1,0,0,1,0,0,1,0,Normal_161
0.44999999999999996,0,1,0,0,1,0,0,0,4,0,0,0,0,0,1,0,0,0,0,0,0,0,0,0,0,0,0,0,0,0,0,0,1,1,0,0,0,1,0,0,0,0,0,0,0,0,0,0,0,1,0,0,0,0,0,0,0,0,1,0,0,0,0,Normal_162
0.6842105263157895,1,0,0,0,0,0,0,0,0,0,0,0,0,0,0,0,0,0,0,0,0,0,0,0,0,0,0,0,0,0,0,1,0,0,1,4,0,0,2,2,0,0,0,0,0,0,0,0,0,0,0,0,0,0,0,0,0,0,0,0,0,0,0,Normal_163
0.5901639344262295,0,1,0,0,0,0,0,0,4,0,0,0,0,0,1,0,0,0,1,0,0,0,0,0,0,0,0,0,0,0,0,0,1,0,0,0,0,1,0,0,0,0,0,0,0,0,0,0,0,1,0,0,0,0,0,0,0,0,1,0,0,0,0,Normal_164
0.6111092592592593,2,2,0,0,0,3,0,0,0,0,0,0,0,0,2,0,0,0,0,0,0,0,0,0,0,0,0,0,0,0,0,0,0,0,0,0,0,0,0,0,0,0,0,0,0,0,0,0,0,0,0,0,0,0,0,0,0,0,0,0,0,0,0,Normal_165
0.6179775280898876,1,1,0,0,0,0,0,0,0,0,0,0,0,0,1,0,0,0,0,0,0,1,0,0,0,0,0,0,0,2,0,0,2,0,0,0,0,0,0,2,0,0,0,0,1,0,1,0,0,2,1,0,0,0,1,0,0,0,2,0,0,0,0,Normal_166
0.6666666666666667,2,3,0,0,0,0,0,0,0,0,0,0,0,0,3,0,0,0,0,0,0,0,0,0,0,0,0,0,0,0,0,0,0,0,0,0,0,0,0,0,0,0,0,0,0,0,0,0,0,0,0,0,0,0,0,0,0,0,0,0,0,0,0,Normal_167
0.9672131147540983,0,0,0,0,0,0,0,0,0,0,0,0,0,0,0,0,0,0,0,0,0,0,0,0,0,0,0,0,0,0,0,0,0,0,0,0,0,0,0,0,0,0,0,0,0,0,0,0,0,0,0,0,0,0,0,0,0,0,0,0,0,0,0,Normal_168
1.0,0,0,0,0,0,0,0,0,0,0,0,0,0,0,0,0,0,0,0,0,0,0,0,0,0,0,0,0,0,0,0,0,0,0,0,0,0,0,0,0,0,0,0,0,0,0,0,0,0,0,0,0,0,0,0,0,0,0,0,0,0,0,0,Normal_169
0.47272545454545456,1,2,0,0,0,0,0,0,4,0,0,0,0,0,2,0,0,0,0,0,0,0,0,0,0,0,0,0,0,0,0,0,0,0,0,0,0,0,0,0,0,0,0,0,0,0,0,0,0,1,0,0,0,0,0,0,0,0,1,0,0,0,0,Normal_17
0.5789473684210527,3,3,0,0,0,1,0,0,0,0,0,0,0,0,2,0,0,0,0,0,0,0,0,0,0,0,0,0,0,0,0,0,0,0,0,0,0,0,0,0,0,0,0,0,0,0,0,0,0,0,0,0,0,0,0,0,0,0,0,0,0,0,0,Normal_170
0.9,2,0,0,0,0,0,0,0,0,0,0,0,0,0,0,0,0,0,0,0,0,0,0,0,0,0,0,0,0,0,0,0,0,0,0,0,0,0,0,0,0,0,0,0,0,0,0,0,0,0,0,0,0,0,0,0,0,0,0,0,0,0,0,Normal_171
0.5357133928571429,0,0,0,0,3,0,0,0,4,0,0,0,0,3,0,0,2,0,0,0,0,0,0,0,2,0,0,0,2,0,0,0,3,2,0,0,0,3,0,0,0,0,0,0,0,0,0,0,0,4,0,0,0,0,0,0,0,0,4,0,0,0,0,Normal_172
0.9999976190476191,0,0,0,0,0,0,0,0,0,0,0,0,0,0,0,0,0,0,0,0,0,0,0,0,0,0,0,0,0,0,0,0,0,0,0,0,0,0,0,0,0,0,0,0,0,0,0,0,0,0,0,0,0,0,0,0,0,0,0,0,0,0,0,Normal_173
0.42176802721088436,1,1,0,0,2,0,0,0,0,0,0,0,0,1,2,0,1,0,0,0,0,0,0,0,1,0,0,0,1,1,2,0,1,0,0,0,1,0,0,3,0,0,0,0,1,2,0,1,0,8,9,0,0,2,1,1,1,3,2,1,0,0,0,Normal_174
0.7469867469879519,0,0,0,0,0,0,0,0,0,0,0,0,0,0,0,0,0,0,0,0,0,0,0,0,0,0,0,0,0,0,0,0,0,0,0,0,0,0,0,0,0,0,0,0,0,0,0,0,0,1,0,0,0,0,0,0,0,0,1,0,0,0,0,Normal_175
0.6842105263157895,1,0,0,0,0,0,0,0,0,0,0,0,0,0,0,0,0,0,0,0,0,0,0,0,0,0,0,0,0,0,0,1,0,0,1,4,0,0,2,2,0,0,0,0,0,0,0,0,0,0,0,0,0,0,0,0,0,0,0,0,0,0,0,Normal_176
0.8999983333333333,1,0,0,0,0,0,0,0,0,0,0,0,0,0,0,0,0,0,0,0,0,0,0,0,0,0,0,0,0,0,0,0,0,0,0,0,0,0,0,0,0,0,0,0,0,0,0,0,0,0,0,0,0,0,0,0,0,0,0,0,0,0,1,Normal_177
0.7096774193548387,0,0,0,0,1,0,0,0,4,0,0,0,0,1,0,0,0,0,0,0,0,0,0,0,0,0,0,0,0,0,0,0,1,0,0,0,0,1,0,0,0,0,0,0,0,0,0,0,0,1,0,0,0,0,0,0,0,0,1,0,0,0,0,Normal_178
0.9841269841269842,0,0,0,0,0,0,0,0,0,0,0,0,0,0,0,0,0,0,0,0,0,0,0,0,0,0,0,0,0,0,0,0,0,0,0,0,0,0,0,0,0,0,0,0,0,0,0,0,0,0,0,0,0,0,0,0,0,0,0,0,0,0,0,Normal_179
0.9999976190476191,0,0,0,0,0,0,0,0,0,0,0,0,0,0,0,0,0,0,0,0,0,0,0,0,0,0,0,0,0,0,0,0,0,0,0,0,0,0,0,0,0,0,0,0,0,0,0,0,0,0,0,0,0,0,0,0,0,0,0,0,0,0,0,Normal_18
0.75,3,0,0,0,0,0,0,0,0,3,0,0,0,0,0,0,0,0,0,0,0,0,0,0,0,0,0,0,0,0,0,0,0,0,0,0,0,0,0,0,0,0,0,0,0,0,0,0,0,0,0,0,0,0,0,0,0,0,0,0,0,0,0,Normal_180
0.9444425925925926,0,0,0,0,0,0,0,0,0,1,0,0,0,0,0,0,0,0,0,0,0,0,0,0,0,0,0,0,0,0,0,0,0,0,0,0,0,0,0,0,0,0,0,0,0,0,0,0,0,0,0,0,0,0,0,0,0,0,0,0,0,0,0,Normal_181
0.6716402985074628,0,0,0,0,0,0,0,0,4,0,0,0,0,0,0,0,0,0,1,0,0,0,0,0,0,0,0,0,0,0,0,0,1,0,0,0,0,1,0,0,0,0,0,0,0,0,0,0,0,0,0,0,0,0,0,0,0,0,0,0,0,0,0,Normal_182
0.5555555555555556,4,4,0,0,0,0,0,0,0,0,0,0,0,0,4,0,0,0,0,0,0,0,0,0,0,0,0,0,0,0,0,0,0,0,0,0,0,0,0,0,0,0,0,0,0,0,0,0,0,0,0,0,0,0,0,0,0,0,0,0,0,0,0,Normal_183
0.5357133928571429,0,0,0,0,3,0,0,0,4,0,0,0,0,3,0,0,2,0,0,0,0,0,0,0,2,0,0,0,2,0,0,0,3,2,0,0,0,3,0,0,0,0,0,0,0,0,0,0,0,4,0,0,0,0,0,0,0,0,4,0,0,0,0,Normal_184
0.3868613138686131,1,2,0,0,0,0,0,0,0,1,0,0,0,0,2,0,0,0,0,0,0,0,0,0,0,0,0,0,0,1,3,0,1,0,0,2,0,0,1,2,1,1,0,0,1,3,0,0,0,8,9,0,0,3,1,0,0,3,1,0,1,0,0,Normal_185
0.6842105263157895,0,1,0,0,0,0,0,0,4,0,0,0,0,0,0,0,0,0,0,0,1,0,0,0,0,0,0,0,0,0,0,0,1,0,0,0,0,1,0,0,0,0,0,0,0,0,0,0,0,0,0,0,0,0,0,0,0,0,0,0,0,0,0,Normal_186
0.95,0,0,0,0,0,0,0,0,1,0,0,0,0,0,0,0,0,0,0,0,0,0,0,0,0,0,0,0,0,0,0,0,0,0,0,0,0,0,0,0,0,0,0,0,0,0,0,0,0,0,0,0,0,0,0,0,0,0,0,0,0,0,0,Normal_187
0.7580645161290323,0,0,0,0,0,0,0,0,0,0,0,0,0,0,0,0,0,0,0,0,0,0,0,0,0,0,0,0,0,0,1,0,0,0,0,0,0,0,0,0,3,3,0,0,0,1,0,0,0,2,2,1,0,0,0,0,0,1,0,0,1,0,0,Normal_188
0.4761888888888889,0,1,0,0,0,0,0,0,4,1,0,0,0,0,1,0,0,0,1,0,0,0,0,0,0,0,0,0,0,0,0,0,0,0,0,0,0,0,0,0,0,0,0,0,0,0,0,0,0,1,0,0,0,0,0,0,0,0,1,0,0,0,0,Normal_189
0.5393247191011237,1,1,0,0,1,1,0,0,0,0,0,0,0,0,1,0,0,0,0,0,0,0,0,0,0,0,0,0,0,0,0,1,0,1,0,3,0,0,2,0,0,0,0,0,0,0,0,0,0,1,0,0,0,0,0,0,0,0,1,0,0,0,0,Normal_19
0.3852450819672131,1,2,0,0,0,1,0,0,0,0,0,0,0,0,2,0,0,0,0,0,0,0,0,0,0,0,0,0,0,0,4,0,0,0,0,0,0,0,0,0,0,0,0,0,0,4,0,0,5,12,10,0,0,4,0,0,0,4,1,0,1,2,0,Normal_190
0.6229508196721312,1,3,0,0,0,0,0,0,0,0,0,0,0,0,2,0,0,0,0,0,0,0,0,0,0,0,0,0,0,0,0,0,0,0,0,0,0,0,0,0,0,0,0,0,0,0,0,0,0,0,0,0,0,0,0,0,0,0,0,0,0,0,0,Normal_191
0.5324675324675325,0,0,0,0,0,0,0,0,4,0,0,0,0,0,0,0,0,0,1,0,0,1,0,0,0,0,0,0,0,0,0,0,2,0,0,0,0,2,0,0,0,0,0,0,0,0,0,0,0,2,0,0,0,0,0,0,0,0,2,0,0,0,0,Normal_192
0.9090909090909091,0,0,0,0,0,0,0,0,0,0,0,0,0,0,0,1,0,0,0,0,0,1,0,0,0,0,0,0,0,0,0,0,0,0,0,0,0,0,0,0,0,0,0,0,0,0,0,0,0,0,0,0,0,0,0,0,0,0,0,0,0,0,0,Normal_193
0.962962962962963,0,0,0,0,0,0,0,0,0,0,0,0,0,0,0,0,0,0,0,0,0,0,0,0,0,0,0,0,0,0,0,0,0,0,0,0,0,0,0,0,0,0,0,0,0,0,0,0,0,0,0,0,0,0,0,0,0,0,0,0,0,0,0,Normal_194
0.3852450819672131,1,2,0,0,0,1,0,0,0,0,0,0,0,0,2,0,0,0,0,0,0,0,0,0,0,0,0,0,0,0,4,0,0,0,0,0,0,0,0,0,0,0,0,0,0,4,0,0,5,12,10,0,0,4,0,0,0,4,1,0,1,2,0,Normal_195
0.6780815068493151,0,0,0,0,0,0,0,0,0,0,0,1,0,1,1,0,0,0,0,0,0,0,0,0,0,0,0,0,0,0,1,2,0,0,3,6,0,0,2,1,0,0,0,0,0,1,0,0,0,2,2,1,0,0,0,0,0,1,0,0,0,1,0,Normal_196
0.6470588235294117,0,0,1,0,0,0,0,0,4,0,0,0,0,0,0,0,0,0,1,0,0,0,0,0,0,0,0,0,0,0,0,0,2,0,0,0,0,2,0,0,0,0,0,0,1,0,0,0,0,0,0,0,0,0,0,1,0,0,0,0,0,1,0,Normal_197
0.5324675324675325,0,0,0,0,0,0,0,0,4,0,0,0,0,0,0,0,0,0,1,0,0,1,0,0,0,0,0,0,0,0,0,0,2,0,0,0,0,2,0,0,0,0,0,0,0,0,0,0,0,2,0,0,0,0,0,0,0,0,2,0,0,0,0,Normal_198
0.9090909090909091,0,0,0,0,0,0,0,0,0,0,0,0,0,0,0,1,0,0,0,0,0,1,0,0,0,0,0,0,0,0,0,0,0,0,0,0,0,0,0,0,0,0,0,0,0,0,0,0,0,0,0,0,0,0,0,0,0,0,0,0,0,0,0,Normal_199
0.5357133928571429,0,0,0,0,3,0,0,0,4,0,0,0,0,3,0,0,2,0,0,0,0,0,0,0,2,0,0,0,2,0,0,0,3,2,0,0,0,3,0,0,0,0,0,0,0,0,0,0,0,4,0,0,0,0,0,0,0,0,4,0,0,0,0,Normal_2
0.5442477876106195,0,0,0,0,0,0,0,0,0,0,0,1,0,1,1,0,0,0,0,0,0,0,0,0,0,0,0,0,0,0,5,6,0,1,3,10,0,0,6,3,2,2,0,0,0,5,0,0,3,9,9,5,0,0,0,0,0,5,0,0,3,1,0,Normal_20
0.9603960396039604,0,0,0,0,0,0,0,0,0,0,0,0,0,0,0,0,0,0,0,0,0,1,0,0,0,0,0,0,0,0,0,0,0,0,0,0,0,0,0,0,0,0,0,0,0,0,0,0,0,0,0,0,0,0,0,0,0,0,0,0,0,0,0,Normal_21
0.7555555555555555,0,0,0,0,0,0,0,0,4,1,0,0,0,0,0,0,0,0,0,0,0,0,0,0,0,0,0,0,0,0,0,0,0,0,0,0,0,0,0,0,0,0,0,0,0,0,0,0,0,0,0,0,0,0,0,0,0,0,0,0,0,0,0,Normal_22
0.5975609756097561,1,1,0,0,1,1,0,0,0,0,0,0,0,1,1,0,0,0,0,0,0,0,0,0,0,0,0,0,0,1,0,0,1,0,0,0,0,0,0,0,0,0,0,0,0,0,0,0,0,1,0,0,0,0,0,0,0,0,1,0,0,0,0,Normal_23
0.4380165289256198,1,1,0,0,1,0,0,0,0,0,0,0,0,0,1,0,0,0,0,0,0,0,0,0,0,0,0,0,0,2,0,1,2,3,0,5,0,0,4,0,4,4,0,0,0,0,0,0,0,4,1,0,0,0,0,0,0,0,2,0,0,0,0,Normal_24
0.7222222222222222,0,0,1,0,0,0,0,0,4,0,0,0,0,0,0,0,0,0,2,0,0,1,0,0,0,0,0,0,0,0,0,0,2,0,0,0,0,2,0,0,0,0,0,0,0,0,0,0,0,0,0,0,0,0,0,0,0,0,0,0,0,0,0,Normal_25
0.4838709677419355,1,1,0,0,0,1,0,0,4,0,0,0,0,0,1,0,2,0,1,0,0,0,0,0,2,0,0,0,2,0,0,0,2,2,0,0,0,2,0,0,0,0,0,0,0,0,0,0,0,2,0,0,0,0,0,0,0,0,2,0,0,0,0,Normal_26
0.75,3,0,0,0,0,0,0,0,0,3,0,0,0,0,0,0,0,0,0,0,0,0,0,0,0,0,0,0,0,0,0,0,0,0,0,0,0,0,0,0,0,0,0,0,0,0,0,0,0,0,0,0,0,0,0,0,0,0,0,0,0,0,0,Normal_27
0.7280701754385965,0,0,0,0,0,0,0,0,0,2,0,0,0,0,0,0,0,0,0,0,0,0,0,0,0,0,0,0,0,0,0,2,0,2,0,6,0,0,5,0,1,2,0,0,0,0,0,0,0,0,0,0,0,0,0,0,0,0,0,0,0,0,0,Normal_28
1.0,0,0,0,0,0,0,0,0,0,0,0,0,0,0,0,0,0,0,0,0,0,0,0,0,0,0,0,0,0,0,0,0,0,0,0,0,0,0,0,0,0,0,0,0,0,0,0,0,0,0,0,0,0,0,0,0,0,0,0,0,0,0,0,Normal_29
0.9,2,0,0,0,0,0,0,0,0,0,0,0,0,0,0,0,0,0,0,0,0,0,0,0,0,0,0,0,0,0,0,0,0,0,0,0,0,0,0,0,0,0,0,0,0,0,0,0,0,0,0,0,0,0,0,0,0,0,0,0,0,0,0,Normal_3
0.8571428571428572,3,0,0,0,0,0,0,0,0,0,0,0,0,0,0,0,0,0,0,0,0,0,0,0,0,0,0,0,0,0,0,0,0,0,0,0,0,0,0,0,0,0,0,0,0,0,0,0,0,0,0,0,0,0,0,0,0,0,0,0,0,0,0,Normal_30
0.7798165137614679,0,0,0,0,0,0,0,0,4,0,0,0,0,0,0,0,0,0,1,0,0,0,0,0,0,0,0,0,0,0,0,0,4,0,0,0,0,4,0,0,0,0,0,0,0,0,0,0,0,0,0,0,0,0,0,0,2,0,0,0,0,0,0,Normal_31
0.5206611570247934,0,0,0,1,1,0,0,0,0,0,0,0,0,0,0,0,0,0,0,0,0,1,0,0,0,0,0,0,0,2,0,0,2,0,6,10,0,0,3,0,2,2,0,0,0,0,0,0,0,2,0,0,0,0,0,0,0,0,2,0,0,0,0,Normal_32
0.8018867924528301,0,0,0,0,0,0,0,0,4,0,0,0,0,0,0,0,0,0,1,0,0,0,0,0,0,0,0,0,0,0,0,0,3,0,0,0,0,3,1,0,0,0,0,0,0,0,0,0,0,0,0,0,0,0,0,0,2,0,0,0,0,0,0,Normal_33
0.9622641509433962,1,0,0,0,0,0,0,0,0,0,0,0,0,0,0,0,0,0,0,0,0,0,0,0,0,0,0,0,0,0,0,0,0,0,0,0,0,0,0,0,0,0,0,0,0,0,0,0,0,0,0,0,0,0,0,0,0,0,0,0,0,0,0,Normal_34
0.9912271929824561,0,0,0,0,0,0,0,0,0,0,0,0,0,0,0,0,0,0,0,0,0,0,0,0,0,0,0,0,0,0,0,0,0,0,0,0,0,0,0,0,0,0,0,0,0,0,0,0,0,0,0,0,0,0,0,0,0,0,0,0,0,0,0,Normal_35
0.9622641509433962,0,0,0,0,0,0,0,0,0,0,0,0,0,0,0,0,0,0,0,0,0,0,0,0,0,0,0,0,0,0,0,0,0,0,0,0,0,0,0,0,0,0,0,0,0,0,0,0,0,0,0,0,0,0,0,0,0,0,0,0,0,0,0,Normal_36
0.4380165289256198,1,1,0,0,1,0,0,0,0,0,0,0,0,0,1,0,0,0,0,0,0,0,0,0,0,0,0,0,0,2,0,1,2,3,0,5,0,0,4,0,4,4,0,0,0,0,0,0,0,4,1,0,0,0,0,0,0,0,2,0,0,0,0,Normal_37
0.6617632352941176,1,2,0,0,0,2,0,0,0,0,0,0,0,0,2,0,0,0,0,0,0,0,0,0,0,0,0,0,0,0,0,0,0,0,0,0,0,0,0,0,0,0,0,0,0,0,0,0,0,1,0,0,0,0,0,0,0,0,1,0,0,0,0,Normal_38
0.9090909090909091,0,0,0,0,0,0,0,0,0,0,0,0,0,0,0,1,0,0,0,0,0,1,0,0,0,0,0,0,0,0,0,0,0,0,0,0,0,0,0,0,0,0,0,0,0,0,0,0,0,0,0,0,0,0,0,0,0,0,0,0,0,0,0,Normal_39
0.40804540229885056,0,0,0,0,0,0,0,0,2,0,0,0,0,0,0,0,0,0,1,0,0,0,0,0,0,0,0,0,0,0,2,5,1,0,7,13,2,1,5,5,0,0,1,1,1,2,0,0,1,6,6,2,0,0,1,1,1,2,1,0,0,2,0,Normal_4
0.4838709677419355,1,1,0,0,0,1,0,0,4,0,0,0,0,0,1,0,2,0,1,0,0,0,0,0,2,0,0,0,2,0,0,0,2,2,0,0,0,2,0,0,0,0,0,0,0,0,0,0,0,2,0,0,0,0,0,0,0,0,2,0,0,0,0,Normal_40
0.6296277777777778,1,1,0,0,0,1,0,1,0,0,0,0,0,0,1,0,0,1,0,0,0,0,0,0,0,0,0,0,0,0,0,0,0,0,0,0,0,0,0,0,0,0,0,0,0,0,0,0,0,0,0,0,0,0,0,0,0,0,0,0,0,0,0,Normal_41
0.4385929824561403,0,1,0,0,0,0,0,0,4,0,0,0,0,0,2,0,1,0,0,0,0,0,0,0,1,0,0,0,1,1,0,0,0,1,0,0,0,0,0,0,0,0,0,0,0,0,0,0,0,1,0,0,0,0,0,0,0,0,1,0,0,0,0,Normal_42
0.7096774193548387,0,0,0,0,1,0,0,0,4,0,0,0,0,1,0,0,0,0,0,0,0,0,0,0,0,0,0,0,0,0,0,0,1,0,0,0,0,1,0,0,0,0,0,0,0,0,0,0,0,1,0,0,0,0,0,0,0,0,1,0,0,0,0,Normal_43
0.5357133928571429,0,0,0,0,3,0,0,0,4,0,0,0,0,3,0,0,2,0,0,0,0,0,0,0,2,0,0,0,2,0,0,0,3,2,0,0,0,3,0,0,0,0,0,0,0,0,0,0,0,4,0,0,0,0,0,0,0,0,4,0,0,0,0,Normal_44
0.803030303030303,0,0,0,0,0,0,0,0,4,0,0,0,0,0,0,0,0,0,0,0,0,0,0,0,0,0,0,0,0,0,0,0,1,0,0,0,0,1,0,0,0,0,0,0,0,0,0,0,0,0,0,0,0,0,0,0,0,0,0,0,0,0,0,Normal_45
0.95,0,0,0,0,0,0,0,0,1,0,0,0,0,0,0,0,0,0,0,0,0,0,0,0,0,0,0,0,0,0,0,0,0,0,0,0,0,0,0,0,0,0,0,0,0,0,0,0,0,0,0,0,0,0,0,0,0,0,0,0,0,0,0,Normal_46
0.44680638297872344,0,3,2,0,0,0,0,0,4,0,0,0,0,0,3,0,0,0,0,0,0,0,0,0,0,0,0,0,0,0,0,0,0,0,0,0,0,0,0,0,0,0,0,0,0,0,0,0,0,0,0,0,0,0,0,0,0,0,0,0,0,0,0,Normal_47
0.6710526315789473,0,2,0,0,0,0,0,0,0,0,0,0,0,0,2,0,0,0,0,0,0,0,0,0,0,0,0,0,0,1,0,0,1,0,0,0,0,0,0,1,0,0,0,0,0,0,0,0,0,1,0,0,0,0,0,0,0,0,1,0,0,0,0,Normal_48
0.6716402985074628,0,0,0,0,0,0,0,0,4,0,0,0,0,0,0,0,0,0,1,0,0,0,0,0,0,0,0,0,0,0,0,0,1,0,0,0,0,1,0,0,0,0,0,0,0,0,0,0,0,0,0,0,0,0,0,0,0,0,0,0,0,0,0,Normal_49
0.7280701754385965,1,0,0,0,0,0,0,0,0,0,0,0,0,0,0,0,0,0,0,0,0,0,0,0,0,0,0,0,0,0,0,2,0,2,0,6,0,0,5,0,1,2,0,0,0,0,0,0,0,0,0,0,0,0,0,0,0,0,0,0,0,0,0,Normal_5
0.6486486486486487,2,2,0,0,0,3,0,0,0,0,0,0,0,0,2,0,0,0,0,0,0,0,0,0,0,0,0,0,0,1,0,0,1,1,0,0,0,0,0,0,0,0,0,0,0,0,0,0,0,1,0,0,0,0,0,0,0,0,1,0,0,0,0,Normal_50
0.7798165137614679,0,0,0,0,0,0,0,0,4,0,0,0,0,0,0,0,0,0,1,0,0,0,0,0,0,0,0,0,0,0,0,0,4,0,0,0,0,4,0,0,0,0,0,0,0,0,0,0,0,0,0,0,0,0,0,0,2,0,0,0,0,0,0,Normal_51
0.5,2,2,0,0,0,2,0,0,4,0,0,0,0,0,2,0,0,0,0,0,0,0,0,0,0,0,0,0,0,0,0,0,0,0,0,0,0,0,0,0,0,0,0,0,0,0,0,0,0,0,0,0,0,0,0,0,0,0,0,0,0,0,0,Normal_52
0.75,0,0,0,4,4,0,1,0,0,0,0,0,0,0,0,0,0,0,0,0,0,0,0,0,0,0,0,0,0,0,0,0,0,0,0,0,0,0,0,0,0,0,0,0,0,0,0,0,0,0,0,0,0,0,0,0,0,0,0,0,0,0,0,Normal_53
0.6184197368421053,1,2,0,0,0,0,0,0,0,0,0,0,0,0,2,0,1,0,0,0,0,0,0,0,1,0,0,0,1,0,0,0,0,1,0,0,0,0,0,0,0,0,0,0,0,0,0,0,0,1,0,0,0,0,0,0,0,0,1,0,0,0,0,Normal_54
0.5932194915254237,0,0,0,0,0,0,0,0,0,0,0,0,0,0,0,0,0,0,0,0,0,1,0,0,0,0,0,0,0,0,1,0,0,0,0,1,0,0,0,0,1,1,0,0,0,1,0,0,1,10,10,1,0,0,0,0,0,1,0,0,0,1,0,Normal_55
0.6590909090909092,2,0,0,0,0,0,0,0,4,0,0,0,0,0,0,0,0,0,0,0,0,0,0,0,0,0,0,0,0,0,0,0,0,0,0,0,0,0,0,0,0,0,0,0,0,0,0,0,0,0,0,0,0,0,0,0,0,0,0,0,0,0,0,Normal_56
0.3846153846153846,2,2,0,0,0,0,0,0,4,0,0,0,0,0,2,0,0,0,0,0,0,0,0,0,0,0,0,0,0,0,0,0,0,0,0,0,0,0,0,0,0,0,0,0,0,0,0,0,0,0,0,0,0,0,0,0,0,0,0,0,0,0,0,Normal_57
0.48275862068965514,1,1,0,0,0,1,0,0,4,0,0,0,0,0,1,0,0,0,1,0,0,1,0,0,0,0,0,0,0,0,0,0,1,0,0,0,0,1,0,0,0,0,0,0,0,0,0,0,0,1,0,0,0,0,0,0,0,0,1,0,0,0,0,Normal_58
0.9538446153846154,1,0,0,0,0,0,0,0,0,0,0,0,0,0,0,0,0,0,0,0,0,0,0,0,0,0,0,0,0,0,0,0,0,0,0,0,0,0,0,0,0,0,0,0,0,0,0,0,0,0,0,0,0,0,0,0,0,0,0,0,0,0,0,Normal_59
0.9841269841269842,0,0,0,0,0,0,0,0,0,0,0,0,0,0,0,0,0,0,0,0,0,0,0,0,0,0,0,0,0,0,0,0,0,0,0,0,0,0,0,0,0,0,0,0,0,0,0,0,0,0,0,0,0,0,0,0,0,0,0,0,0,0,0,Normal_6
0.9841269841269842,0,0,0,0,0,0,0,0,0,0,0,0,0,0,0,0,0,0,0,0,0,0,0,0,0,0,0,0,0,0,0,0,0,0,0,0,0,0,0,0,0,0,0,0,0,0,0,0,0,0,0,0,0,0,0,0,0,0,0,0,0,0,0,Normal_60
0.5,2,2,0,0,0,2,0,0,4,0,0,0,0,0,2,0,0,0,0,0,0,0,0,0,0,0,0,0,0,0,0,0,0,0,0,0,0,0,0,0,0,0,0,0,0,0,0,0,0,0,0,0,0,0,0,0,0,0,0,0,0,0,0,Normal_61
0.6179775280898876,1,1,0,0,0,0,0,0,0,0,0,0,0,0,1,0,0,0,0,0,0,1,0,0,0,0,0,0,0,2,0,0,2,0,0,0,0,0,0,2,0,0,0,0,1,0,1,0,0,2,1,0,0,0,1,0,0,0,2,0,0,0,0,Normal_62
0.7352941176470589,0,1,0,0,0,0,0,0,4,0,0,0,0,0,0,0,0,0,0,0,0,0,0,0,0,0,0,0,0,0,0,0,1,0,0,0,0,1,0,0,0,0,0,0,0,0,0,0,0,0,0,0,0,0,0,1,0,0,0,0,0,0,0,Normal_63
0.8571428571428572,3,0,0,0,0,0,0,0,0,0,0,0,0,0,0,0,0,0,0,0,0,0,0,0,0,0,0,0,0,0,0,0,0,0,0,0,0,0,0,0,0,0,0,0,0,0,0,0,0,0,0,0,0,0,0,0,0,0,0,0,0,0,0,Normal_64
0.76,0,0,0,1,1,0,1,0,0,0,0,0,0,0,0,0,0,0,0,0,0,0,0,0,0,0,0,0,0,0,0,0,0,0,0,0,0,0,0,0,0,0,0,0,0,0,0,0,0,0,0,0,0,0,0,0,0,0,0,0,0,0,0,Normal_65
0.47272545454545456,1,2,0,0,0,0,0,0,4,0,0,0,0,0,2,0,0,0,0,0,0,0,0,0,0,0,0,0,0,0,0,0,0,0,0,0,0,0,0,0,0,0,0,0,0,0,0,0,0,1,0,0,0,0,0,0,0,0,1,0,0,0,0,Normal_66
0.6216216216216216,2,2,0,0,0,0,0,0,0,0,0,0,0,0,2,0,0,0,0,0,0,0,0,0,0,0,0,0,0,1,0,0,1,0,0,0,0,0,0,1,0,0,0,0,0,0,0,0,0,1,0,0,0,0,0,0,0,0,1,0,0,0,0,Normal_67
0.774191935483871,0,0,0,0,0,0,0,0,4,0,0,0,0,0,0,0,0,0,0,0,0,0,0,0,0,0,0,0,0,0,0,0,0,0,0,0,0,0,0,0,0,0,0,0,0,0,0,0,0,0,0,0,0,0,0,0,0,0,0,0,0,0,0,Normal_68
0.9622641509433962,0,0,0,0,0,0,0,0,0,0,0,0,0,0,0,0,0,0,0,0,0,0,0,0,0,0,0,0,0,0,0,0,0,0,0,0,0,0,0,0,0,0,0,0,0,0,0,0,0,0,0,0,0,0,0,0,0,0,0,0,0,0,0,Normal_69
0.6749974999999999,0,1,0,0,1,0,0,0,0,0,0,0,0,1,1,0,1,0,0,0,0,0,0,0,1,0,0,0,1,0,0,0,0,1,0,0,0,0,0,0,0,0,0,0,0,0,0,0,0,2,0,0,0,0,0,0,0,0,2,0,0,0,0,Normal_7
0.4819277108433735,1,1,0,0,0,0,0,0,4,0,0,0,0,0,1,0,0,0,1,0,0,0,0,0,0,0,0,0,0,0,0,0,2,0,0,0,0,2,0,1,0,0,0,0,1,0,0,0,0,2,1,0,0,0,1,0,1,0,2,0,0,0,0,Normal_70
0.8095222222222223,0,0,0,0,0,0,0,0,4,0,0,0,1,0,0,0,0,0,0,0,0,0,0,0,0,0,0,0,0,0,0,0,0,0,0,0,0,0,0,0,0,0,0,0,0,0,0,0,0,0,0,0,0,0,0,0,0,0,0,0,0,0,0,Normal_71
0.4897959183673469,1,2,0,0,0,1,0,0,4,0,0,0,0,0,2,0,0,0,0,0,0,0,0,0,0,0,0,0,0,0,0,0,0,0,0,0,0,0,0,0,0,0,0,0,0,0,0,0,0,0,0,0,0,0,0,0,0,0,0,0,0,0,0,Normal_72
0.5138875,0,1,1,0,0,0,0,0,4,0,0,0,0,0,1,0,1,0,0,0,0,0,0,0,1,0,0,0,1,0,0,0,0,1,0,0,0,0,0,0,0,0,0,0,0,0,0,0,0,1,0,0,0,0,0,0,0,0,1,0,0,0,0,Normal_73
0.6780815068493151,0,0,0,0,0,0,0,0,0,0,0,1,0,1,1,0,0,0,0,0,0,0,0,0,0,0,0,0,0,0,1,2,0,0,3,6,0,0,2,1,0,0,0,0,0,1,0,0,0,2,2,1,0,0,0,0,0,1,0,0,0,1,0,Normal_74
0.9772715909090909,0,0,0,0,0,0,0,0,0,0,0,0,0,0,0,0,0,0,0,0,0,0,0,0,0,0,0,0,0,0,0,0,0,0,0,0,0,0,0,0,0,0,0,0,0,0,0,0,0,0,0,0,0,0,0,0,0,0,1,0,0,0,0,Normal_75
0.6292134831460674,0,1,0,0,0,0,0,0,0,0,0,0,0,0,1,0,0,0,0,0,0,0,0,0,0,0,0,0,0,1,0,0,1,0,0,0,0,0,0,2,0,0,0,0,1,0,0,0,0,1,1,0,0,0,1,0,0,0,1,0,0,0,0,Normal_76
0.962962962962963,0,0,0,0,0,0,0,0,0,0,0,0,0,0,0,0,0,0,0,0,0,0,0,0,0,0,0,0,0,0,0,0,0,0,0,0,0,0,0,0,0,0,0,0,0,0,0,0,0,0,0,0,0,0,0,0,0,0,0,0,0,0,0,Normal_77
0.5393247191011237,1,1,0,0,1,1,0,0,0,0,0,0,0,0,1,0,0,0,0,0,0,0,0,0,0,0,0,0,0,0,0,1,0,1,0,3,0,0,2,0,0,0,0,0,0,0,0,0,0,1,0,0,0,0,0,0,0,0,1,0,0,0,0,Normal_78
0.6842105263157895,1,0,0,0,0,0,0,0,0,0,0,0,0,0,0,0,0,0,0,0,0,0,0,0,0,0,0,0,0,0,0,1,0,0,1,4,0,0,2,2,0,0,0,0,0,0,0,0,0,0,0,0,0,0,0,0,0,0,0,0,0,0,0,Normal_79
0.7142836734693878,1,2,0,0,0,0,0,0,1,0,0,0,0,0,2,0,0,0,0,0,0,0,0,0,0,0,0,0,0,0,0,0,0,0,0,0,0,0,0,0,0,0,0,0,0,0,0,0,0,0,0,0,0,0,0,0,0,0,0,0,0,0,0,Normal_8
0.8,0,0,0,0,0,0,0,0,4,0,0,0,0,0,0,0,0,0,1,0,0,0,0,0,0,0,0,0,0,0,0,0,2,0,0,0,0,2,0,0,0,0,0,0,0,0,0,0,0,0,0,0,0,0,0,0,0,0,0,0,0,0,0,Normal_80
0.8481,0,0,0,0,0,0,0,0,4,0,0,0,0,0,0,0,0,0,0,0,0,0,0,0,0,0,0,0,0,0,0,0,1,0,0,0,0,1,0,0,0,0,0,0,0,0,0,0,0,0,0,0,0,0,0,0,0,0,0,0,0,0,0,Normal_81
0.6749974999999999,0,1,0,0,1,0,0,0,0,0,0,0,0,1,1,0,1,0,0,0,0,0,0,0,1,0,0,0,1,0,0,0,0,1,0,0,0,0,0,0,0,0,0,0,0,0,0,0,0,2,0,0,0,0,0,0,0,0,2,0,0,0,0,Normal_82
0.5247524752475248,1,2,0,0,0,0,0,0,2,0,0,0,0,0,2,0,0,0,0,0,0,0,0,0,0,0,0,0,0,1,0,0,1,0,0,1,0,0,0,1,2,2,0,0,1,0,0,0,0,2,2,0,0,0,1,0,0,0,1,0,0,0,0,Normal_83
0.8977272727272727,0,0,0,0,0,0,0,0,0,0,0,0,0,0,0,0,0,0,0,0,0,0,0,0,0,0,0,0,0,0,0,0,0,0,0,0,0,0,0,0,0,0,0,0,0,0,0,0,0,0,0,0,0,0,0,0,0,0,0,0,0,0,0,Normal_84
0.7450960784313725,0,0,0,0,0,0,0,0,4,0,0,0,0,0,0,0,0,0,1,0,0,0,0,0,0,0,0,0,0,0,0,0,0,0,0,0,0,0,0,0,0,0,0,0,0,0,0,0,0,0,0,0,0,0,0,0,0,0,0,0,0,0,0,Normal_85
0.4761888888888889,0,1,0,0,0,0,0,0,4,1,0,0,0,0,1,0,0,0,1,0,0,0,0,0,0,0,0,0,0,0,0,0,0,0,0,0,0,0,0,0,0,0,0,0,0,0,0,0,0,1,0,0,0,0,0,0,0,0,1,0,0,0,0,Normal_86
0.5357133928571429,0,0,0,0,3,0,0,0,4,0,0,0,0,3,0,0,2,0,0,0,0,0,0,0,2,0,0,0,2,0,0,0,3,2,0,0,0,3,0,0,0,0,0,0,0,0,0,0,0,4,0,0,0,0,0,0,0,0,4,0,0,0,0,Normal_87
0.8771921052631579,0,0,0,0,0,0,0,0,0,0,0,0,0,0,0,0,0,0,0,0,0,0,0,0,0,0,0,0,0,0,0,0,0,0,0,1,0,0,0,0,1,1,0,0,0,0,0,0,0,0,0,0,0,0,0,0,0,0,0,0,0,0,0,Normal_88
0.9230769230769231,1,0,0,0,0,0,0,0,0,0,0,0,0,0,0,0,0,0,0,0,0,0,0,0,0,0,0,0,0,0,0,0,0,0,0,0,0,0,0,0,0,0,0,0,0,0,0,0,0,0,0,0,0,0,0,0,0,0,0,0,0,0,0,Normal_89
0.4340659340659341,0,0,0,0,0,0,0,0,0,0,0,0,0,0,0,0,0,0,0,0,0,0,0,0,0,0,0,0,0,0,3,3,0,2,4,14,0,0,9,3,3,3,1,1,0,3,0,0,1,7,7,3,0,0,0,0,0,3,0,0,1,0,0,Normal_9
1.0,0,0,0,0,0,0,0,0,0,0,0,0,0,0,0,0,0,0,0,0,0,0,0,0,0,0,0,0,0,0,0,0,0,0,0,0,0,0,0,0,0,0,0,0,0,0,0,0,0,0,0,0,0,0,0,0,0,0,0,0,0,0,0,Normal_90
0.5555555555555556,4,4,0,0,0,0,0,0,0,0,0,0,0,0,4,0,0,0,0,0,0,0,0,0,0,0,0,0,0,0,0,0,0,0,0,0,0,0,0,0,0,0,0,0,0,0,0,0,0,0,0,0,0,0,0,0,0,0,0,0,0,0,0,Normal_91
0.7764694117647059,0,0,0,1,1,0,0,0,0,0,0,0,0,0,0,0,0,0,0,0,0,0,0,0,0,0,0,0,0,0,0,0,0,0,0,0,0,0,0,0,0,0,0,0,0,0,0,0,0,0,0,0,0,0,0,0,0,0,0,0,0,0,0,Normal_92
0.4761888888888889,0,1,0,0,0,0,0,0,4,1,0,0,0,0,1,0,0,0,1,0,0,0,0,0,0,0,0,0,0,0,0,0,0,0,0,0,0,0,0,0,0,0,0,0,0,0,0,0,0,1,0,0,0,0,0,0,0,0,1,0,0,0,0,Normal_93
0.6842105263157895,1,0,0,0,0,0,0,0,0,0,0,0,0,0,0,0,0,0,0,0,0,0,0,0,0,0,0,0,0,0,0,1,0,0,1,4,0,0,2,2,0,0,0,0,0,0,0,0,0,0,0,0,0,0,0,0,0,0,0,0,0,0,0,Normal_94
0.7037037037037037,0,0,0,0,0,0,0,0,2,0,0,0,0,0,0,0,0,0,2,0,0,0,0,0,0,0,0,0,0,0,0,0,2,0,0,0,0,2,0,1,0,0,0,0,0,0,0,0,0,2,0,0,0,0,0,0,0,0,2,0,0,0,0,Normal_95
0.7261904761904762,0,1,0,0,0,0,0,0,0,0,0,0,0,0,1,0,0,0,0,0,0,0,0,0,0,0,0,0,0,1,0,0,2,0,0,0,0,0,0,0,0,0,0,0,0,0,0,0,0,1,0,0,0,0,0,0,0,0,1,0,0,0,0,Normal_96
0.3852450819672131,1,2,0,0,0,1,0,0,0,0,0,0,0,0,2,0,0,0,0,0,0,0,0,0,0,0,0,0,0,0,4,0,0,0,0,0,0,0,0,0,0,0,0,0,0,4,0,0,5,12,10,0,0,4,0,0,0,4,1,0,1,2,0,Normal_97
0.8481,0,0,0,0,0,0,0,0,4,0,0,0,0,0,0,0,0,0,0,0,0,0,0,0,0,0,0,0,0,0,0,0,1,0,0,0,0,1,0,0,0,0,0,0,0,0,0,0,0,0,0,0,0,0,0,0,0,0,0,0,0,0,0,Normal_98
0.752808988764045,1,1,0,0,0,0,0,0,0,0,0,0,0,0,0,0,0,0,0,0,0,1,0,0,0,0,0,0,0,0,0,0,0,0,0,0,0,0,0,0,0,0,0,0,0,0,0,0,0,0,0,0,0,0,0,0,0,0,0,0,0,0,0,Normal_99
