t09,t10,t19,t20,t17,t21,t22,t42,t38,t39,t40,t36,t35,t32,t43,t44,t30,t46,t69,t55,t31,t70,t65,t56,t47,t37,t62,t64,t11,t05,t15,t13,t52,t41,t24,t23,t34,t26,t27,t71,t28,t48,t68,t59,t16,t45,t66,t14,t29,t25,t60,t18,t33,t12,t57,t58,t06,t04,t07,t01,t02,t08,t03,label
3,5,2,4,6,7,3,13,3,12,7,17,1,8,9,9,3,9,2,12,4,3,9,14,3,5,6,5,1,1,1,1,3,7,3,3,3,3,3,1,2,3,3,2,0,0,0,0,0,0,0,0,0,0,0,0,0,0,0,0,0,0,0,Anomalous_0
0,5,0,3,3,5,3,9,0,25,7,37,0,12,18,18,0,6,3,5,0,3,8,9,2,5,7,0,4,2,2,0,4,4,1,1,1,1,1,0,1,6,6,0,2,1,1,0,0,0,0,0,0,0,0,0,0,0,0,0,0,0,0,Anomalous_1
0,5,0,4,4,13,4,23,0,10,2,12,0,3,5,5,0,10,8,14,0,1,12,16,5,5,5,0,5,0,2,0,9,10,5,5,2,5,5,0,5,5,5,0,4,0,0,0,0,0,0,0,0,0,0,0,0,0,0,0,0,0,0,Anomalous_10
0,5,0,2,7,10,2,17,0,10,2,16,0,6,7,7,0,5,2,6,0,3,4,4,4,3,4,0,4,6,7,0,1,9,7,7,6,7,7,2,5,3,3,0,1,1,1,2,2,2,1,0,0,0,0,0,0,0,0,0,0,0,0,Anomalous_100
0,5,0,5,7,5,3,5,0,14,4,18,0,5,8,8,0,13,5,42,0,11,17,49,1,4,10,0,5,5,1,0,27,1,2,2,6,2,2,1,1,6,6,0,2,3,1,1,0,0,1,0,0,0,0,0,0,0,0,0,0,0,0,Anomalous_101
4,5,3,3,4,7,3,18,4,14,4,22,8,6,10,10,1,11,3,18,6,9,11,17,3,4,4,3,2,0,2,1,7,11,3,3,1,3,3,0,3,4,4,5,0,1,1,1,1,0,1,2,0,0,0,0,0,0,0,0,0,0,0,Anomalous_102
2,5,1,5,6,6,5,9,1,7,3,8,0,0,3,3,2,5,1,10,0,3,6,9,1,2,2,0,4,5,2,0,0,0,1,1,3,1,1,1,0,2,2,0,4,0,0,0,0,0,0,0,0,0,0,0,0,0,0,0,0,0,0,Anomalous_103
1,5,1,4,4,8,3,8,1,8,7,9,0,3,2,2,0,8,3,22,0,5,9,23,3,4,4,1,1,1,1,0,8,1,2,2,2,2,2,1,1,4,4,0,0,0,0,0,0,0,0,0,0,0,0,0,0,0,0,0,0,0,0,Anomalous_104
3,5,1,4,6,6,2,6,1,9,7,15,0,0,2,2,3,7,5,0,0,4,10,0,4,6,8,2,2,1,1,1,0,0,3,3,3,3,3,2,1,6,6,0,0,3,2,1,1,1,2,0,0,0,0,0,0,0,0,0,0,0,0,Anomalous_105
0,5,0,5,7,5,3,5,0,14,4,18,0,5,8,8,0,13,5,42,0,11,17,49,1,4,10,0,5,5,1,0,27,1,2,2,6,2,2,1,1,6,6,0,2,3,1,1,0,0,1,0,0,0,0,0,0,0,0,0,0,0,0,Anomalous_106
4,5,2,5,6,5,2,8,4,15,9,23,0,0,10,10,3,11,5,25,0,4,11,27,4,6,6,6,2,2,0,0,0,0,1,1,1,1,1,0,1,3,3,0,0,0,0,0,0,0,0,0,0,0,0,0,0,0,0,0,0,0,0,Anomalous_107
4,5,1,2,5,10,3,13,2,15,3,17,2,6,13,13,4,4,1,9,1,1,7,14,3,2,6,6,4,4,4,2,3,5,5,5,2,5,5,2,3,4,4,0,1,0,1,1,2,2,0,0,0,0,0,0,0,0,0,0,0,0,0,Anomalous_108
0,5,0,4,6,8,3,12,0,11,5,15,0,5,4,4,0,9,5,9,0,1,9,8,3,1,4,0,3,0,1,0,2,5,4,4,3,4,4,1,3,3,3,0,1,3,3,3,2,2,0,0,0,0,0,0,0,0,0,0,0,0,0,Anomalous_109
0,5,0,4,7,7,2,7,0,6,9,8,0,0,3,3,0,6,5,16,0,3,10,29,5,8,13,0,2,2,1,0,0,0,3,3,4,3,3,1,2,5,5,0,0,0,0,0,0,0,0,0,0,0,0,0,0,0,0,0,0,0,0,Anomalous_11
3,5,1,3,3,7,3,8,3,12,3,14,0,5,9,9,2,4,4,1,0,2,7,3,4,7,8,3,3,1,2,2,1,0,3,3,1,3,3,1,2,7,7,0,0,1,1,1,1,1,0,0,1,0,0,0,0,0,0,0,0,0,0,Anomalous_110
0,5,0,3,4,7,1,10,0,5,1,6,0,1,2,2,0,9,1,17,0,6,9,17,3,3,4,0,4,0,2,0,8,4,5,5,3,5,5,1,4,3,3,0,2,0,0,0,0,0,0,0,0,0,0,0,0,0,0,0,0,0,0,Anomalous_111
0,5,0,4,4,5,4,13,0,19,5,23,0,0,8,8,0,6,3,1,0,2,5,0,0,0,2,0,2,1,2,0,0,0,0,0,2,0,0,0,0,1,1,0,0,0,0,0,0,0,0,0,0,0,0,0,0,0,0,0,0,0,0,Anomalous_112
1,5,1,3,4,7,4,7,0,5,1,9,0,1,4,4,1,11,3,25,0,7,11,23,1,1,1,0,3,3,5,0,10,2,3,3,1,3,3,2,1,1,1,0,0,0,2,3,2,2,0,0,0,0,0,0,0,0,0,0,0,0,0,Anomalous_113
0,5,0,1,1,5,4,14,0,7,0,10,0,0,4,4,0,5,3,4,0,1,5,3,1,0,1,0,5,4,7,0,0,0,1,1,3,1,1,1,0,0,0,0,1,0,0,0,0,0,0,0,0,0,0,0,0,0,0,0,0,0,0,Anomalous_114
3,5,1,4,8,7,1,13,3,15,11,22,6,9,5,5,2,13,9,16,3,2,11,18,6,5,8,2,2,1,1,1,8,6,5,5,6,5,5,0,5,4,4,3,1,0,0,0,0,0,0,0,0,0,0,0,0,0,0,0,0,0,0,Anomalous_115
0,5,0,3,3,5,3,9,0,14,7,17,0,6,2,2,0,12,5,20,0,2,12,21,5,3,5,0,2,4,4,0,8,4,0,0,4,0,0,0,0,5,5,0,0,0,1,0,0,0,0,0,0,0,0,0,0,0,0,0,0,0,0,Anomalous_116
0,5,0,5,5,5,3,12,0,10,6,11,0,4,3,3,0,7,1,12,0,1,7,13,3,5,5,0,1,1,0,0,6,7,1,1,2,1,1,0,1,5,5,0,1,0,0,0,0,0,0,0,0,0,0,0,0,0,0,0,0,0,0,Anomalous_117
3,5,1,5,7,8,4,14,2,18,6,22,0,0,7,7,1,12,3,0,0,6,14,0,6,7,8,5,2,0,0,0,0,0,4,4,8,4,4,1,3,7,7,0,1,5,3,2,2,1,4,0,2,0,0,0,0,0,0,0,0,0,0,Anomalous_118
0,5,0,5,9,7,1,11,0,17,7,27,0,6,8,8,0,5,2,8,0,4,8,11,4,4,5,0,0,0,0,0,3,5,4,4,7,4,4,1,3,4,4,0,0,0,0,0,0,0,0,0,0,0,0,0,0,0,0,0,0,0,0,Anomalous_119
3,5,1,3,3,7,3,8,3,12,3,14,0,5,9,9,2,4,4,1,0,2,7,3,4,7,8,3,3,1,2,2,1,0,3,3,1,3,3,1,2,7,7,0,0,1,1,1,1,1,0,0,1,0,0,0,0,0,0,0,0,0,0,Anomalous_12
0,5,0,5,6,5,1,6,0,10,3,12,0,3,7,7,0,14,2,26,0,5,13,28,9,7,10,0,4,1,4,0,7,2,2,2,2,2,2,1,1,9,9,0,4,5,3,7,1,1,5,0,0,0,0,0,0,0,0,0,0,0,0,Anomalous_120
3,5,2,3,4,6,3,9,2,11,1,22,1,5,6,6,2,7,3,9,2,4,7,8,4,3,4,2,3,2,5,1,5,4,3,3,4,3,3,1,2,3,3,0,0,3,3,4,2,2,3,0,0,1,2,0,0,0,0,0,0,0,0,Anomalous_121
0,5,0,3,6,11,6,14,0,7,3,15,0,0,1,1,0,7,3,2,0,4,9,3,4,5,6,0,2,0,4,0,0,0,5,5,4,5,5,1,4,3,3,0,0,4,2,1,2,2,3,0,0,0,0,0,0,0,0,0,0,0,0,Anomalous_122
1,5,0,5,8,6,1,4,0,3,4,3,0,0,1,1,1,6,2,11,0,0,7,12,4,5,5,0,3,6,3,0,0,0,4,4,3,4,4,3,1,5,5,0,3,0,0,0,0,0,0,1,0,0,0,0,0,0,0,0,0,0,0,Anomalous_123
0,5,0,5,5,6,3,6,0,10,5,13,0,3,2,2,0,8,2,21,0,7,10,24,5,3,5,0,1,2,1,0,12,1,2,2,2,2,2,1,1,2,2,0,1,0,0,0,0,0,0,0,0,0,0,0,0,0,0,0,0,0,0,Anomalous_124
0,5,0,4,4,5,4,13,0,19,5,23,0,0,8,8,0,6,3,1,0,2,5,0,0,0,2,0,2,1,2,0,0,0,0,0,2,0,0,0,0,1,1,0,0,0,0,0,0,0,0,0,0,0,0,0,0,0,0,0,0,0,0,Anomalous_125
0,5,0,4,7,8,1,5,0,8,8,10,0,4,7,7,0,10,8,21,0,11,13,29,11,12,17,0,2,1,2,0,12,0,6,6,3,6,6,3,3,17,17,0,1,10,2,0,2,1,5,0,0,0,0,5,0,0,0,0,0,0,0,Anomalous_126
0,5,0,4,4,5,2,9,0,9,2,11,0,1,5,5,0,10,2,10,0,6,11,11,2,2,4,0,2,1,1,0,5,4,2,2,1,2,2,0,2,2,2,0,0,1,1,0,1,1,0,0,0,0,0,0,0,0,0,0,0,0,0,Anomalous_127
2,5,1,4,4,7,2,13,2,21,4,28,4,16,12,12,0,7,1,4,0,4,7,3,1,1,2,2,1,0,3,1,1,6,4,4,5,4,4,0,4,2,2,0,0,0,0,0,0,0,0,0,0,2,0,0,0,0,0,0,0,0,0,Anomalous_128
2,5,1,5,6,6,4,5,2,8,3,13,4,4,4,4,1,6,8,5,1,1,8,6,0,2,2,1,2,1,1,0,4,0,1,1,3,1,1,1,0,1,1,3,1,1,2,2,0,0,1,1,0,0,0,1,0,0,0,0,0,0,0,Anomalous_129
2,5,0,4,6,5,1,12,2,9,4,14,1,2,3,3,1,8,1,10,0,2,8,11,5,3,5,2,4,3,2,1,4,7,2,2,7,2,2,0,2,4,4,0,2,0,0,0,0,0,0,0,0,1,0,0,0,0,0,0,0,0,0,Anomalous_13
1,5,0,4,4,6,3,10,1,7,6,12,1,2,3,3,1,15,3,20,2,7,12,17,6,7,7,1,2,2,1,0,7,4,2,2,0,2,2,0,2,6,6,2,1,0,0,0,0,0,0,0,0,0,0,0,0,0,0,0,0,0,0,Anomalous_130
3,5,2,5,7,5,1,10,3,13,3,15,0,0,3,3,0,7,2,0,0,0,8,0,5,5,8,6,3,2,0,0,0,0,4,4,5,4,4,0,4,5,5,0,2,6,3,1,2,2,4,0,3,0,0,0,0,0,0,0,0,0,0,Anomalous_131
5,5,2,4,5,6,3,9,4,13,5,21,8,7,1,1,3,8,4,11,4,4,8,10,1,2,4,4,3,2,2,1,5,4,2,2,6,2,2,1,1,2,2,6,2,0,0,0,0,0,0,1,0,1,0,0,0,0,0,0,0,0,0,Anomalous_132
0,5,0,4,7,7,1,7,0,7,1,10,0,3,5,5,0,5,5,10,0,4,6,8,4,3,6,0,4,6,4,0,5,3,4,4,3,4,4,3,1,4,4,0,2,6,2,1,1,1,3,0,0,0,0,5,0,0,0,0,0,0,0,Anomalous_133
3,5,0,4,5,7,3,12,2,11,3,17,1,3,8,8,2,8,3,18,2,4,10,18,4,6,6,5,3,2,2,1,4,6,2,2,1,2,2,1,1,6,6,3,0,0,0,0,0,0,0,2,0,1,0,0,0,0,0,0,0,0,0,Anomalous_134
1,5,0,5,8,6,1,4,0,3,4,3,0,0,1,1,1,6,2,11,0,0,7,12,4,5,5,0,3,6,3,0,0,0,4,4,3,4,4,3,1,5,5,0,3,0,0,0,0,0,0,1,0,0,0,0,0,0,0,0,0,0,0,Anomalous_135
0,5,0,4,5,6,3,7,0,7,2,9,0,3,5,5,0,5,5,8,0,5,8,10,3,1,3,0,2,3,2,0,10,2,3,3,2,3,3,1,2,1,1,0,1,1,1,0,0,0,0,0,0,0,0,0,0,0,0,0,0,0,0,Anomalous_136
0,5,0,4,5,5,2,8,0,6,5,9,0,0,2,2,0,15,8,0,0,2,15,0,4,5,5,0,2,0,1,0,0,0,3,3,2,3,3,0,3,5,5,0,1,3,3,2,2,2,3,0,0,0,0,0,0,0,0,0,0,0,0,Anomalous_137
3,5,2,4,6,7,3,13,3,12,7,17,1,8,9,9,3,9,2,12,4,3,9,14,3,5,6,5,1,1,1,1,3,7,3,3,3,3,3,1,2,3,3,2,0,0,0,0,0,0,0,0,0,0,0,0,0,0,0,0,0,0,0,Anomalous_138
3,5,1,5,7,8,4,14,2,18,6,22,0,0,7,7,1,12,3,0,0,6,14,0,6,7,8,5,2,0,0,0,0,0,4,4,8,4,4,1,3,7,7,0,1,5,3,2,2,1,4,0,2,0,0,0,0,0,0,0,0,0,0,Anomalous_139
2,5,1,5,6,6,4,5,2,8,3,13,4,4,4,4,1,6,8,5,1,1,8,6,0,2,2,1,2,1,1,0,4,0,1,1,3,1,1,1,0,1,1,3,1,1,2,2,0,0,1,1,0,0,0,1,0,0,0,0,0,0,0,Anomalous_14
1,5,0,5,7,5,0,7,1,8,4,14,2,2,1,1,0,4,7,4,0,4,12,11,7,7,10,1,3,4,2,0,4,3,2,2,4,2,2,1,1,5,5,0,3,7,1,0,0,0,4,0,0,0,0,0,0,0,0,0,0,0,0,Anomalous_140
5,5,2,4,5,6,3,9,4,13,5,21,8,7,1,1,3,8,4,11,4,4,8,10,1,2,4,4,3,2,2,1,5,4,2,2,6,2,2,1,1,2,2,6,2,0,0,0,0,0,0,1,0,1,0,0,0,0,0,0,0,0,0,Anomalous_141
0,5,0,5,5,5,3,12,0,10,6,11,0,4,3,3,0,7,1,12,0,1,7,13,3,5,5,0,1,1,0,0,6,7,1,1,2,1,1,0,1,5,5,0,1,0,0,0,0,0,0,0,0,0,0,0,0,0,0,0,0,0,0,Anomalous_142
0,5,0,5,6,6,2,16,0,7,5,11,0,0,1,1,0,13,4,0,0,3,15,0,9,11,13,0,3,2,0,0,0,0,3,3,3,3,3,1,2,10,10,0,3,9,2,1,2,1,8,0,0,0,0,0,0,0,0,0,0,0,0,Anomalous_143
0,5,0,4,6,6,2,10,0,10,4,18,0,2,3,3,0,7,2,13,0,2,7,12,2,2,3,0,1,1,1,0,6,5,3,3,3,3,3,1,2,2,2,0,0,0,0,0,0,0,0,0,0,0,0,0,0,0,0,0,0,0,0,Anomalous_144
5,5,1,4,5,6,3,14,5,11,0,16,5,5,8,8,2,6,2,4,1,2,6,3,2,1,3,3,4,1,2,1,1,8,2,2,1,2,2,0,2,2,2,1,2,0,0,0,0,0,0,1,0,1,0,0,0,0,0,0,0,0,0,Anomalous_145
0,5,0,4,5,5,2,6,0,12,6,15,0,0,5,5,0,6,4,4,0,3,9,10,5,4,6,0,3,4,2,0,0,0,2,2,3,2,2,0,2,4,4,0,1,0,1,0,1,1,0,0,0,0,0,0,0,0,0,0,0,0,0,Anomalous_146
3,5,1,4,5,6,3,9,2,4,3,5,0,0,1,1,2,7,9,3,0,7,7,3,5,3,7,0,3,2,1,1,0,0,2,2,1,2,2,2,0,2,2,0,2,3,1,0,0,0,1,1,0,0,0,0,0,0,0,0,0,0,0,Anomalous_147
4,5,2,4,5,5,1,10,3,5,3,7,2,1,1,1,4,6,1,9,2,2,6,8,2,2,3,2,2,2,1,1,2,6,3,3,4,3,3,1,2,3,3,0,1,1,2,0,2,1,0,0,0,0,1,0,0,0,0,0,0,0,0,Anomalous_148
1,5,1,3,4,7,4,7,0,5,1,9,0,1,4,4,1,11,3,25,0,7,11,23,1,1,1,0,3,3,5,0,10,2,3,3,1,3,3,2,1,1,1,0,0,0,2,3,2,2,0,0,0,0,0,0,0,0,0,0,0,0,0,Anomalous_149
4,5,4,4,4,5,2,9,4,30,4,36,5,15,10,10,0,12,4,10,6,4,12,10,2,3,4,3,1,2,2,0,1,4,1,1,8,1,1,0,1,1,1,0,0,0,0,0,0,0,0,0,0,0,0,0,0,0,0,0,0,0,0,Anomalous_15
0,5,0,3,5,6,2,5,0,6,4,9,0,2,3,3,0,5,3,8,0,3,10,13,5,5,6,0,4,3,2,0,5,1,3,3,4,3,3,2,1,5,5,0,0,0,0,0,0,0,0,0,0,0,0,0,0,0,0,0,0,0,0,Anomalous_150
0,5,0,5,6,5,2,7,0,8,2,11,0,2,2,2,0,5,2,1,0,2,5,0,0,1,1,0,0,0,0,0,0,2,3,3,2,3,3,0,3,1,1,0,0,0,0,0,0,0,0,0,0,0,0,0,0,0,0,0,0,0,0,Anomalous_151
0,5,0,4,4,5,3,9,0,13,3,19,0,0,10,10,0,6,5,0,0,2,6,0,3,1,3,0,2,2,2,0,0,0,1,1,0,1,1,1,0,2,2,0,0,2,3,1,1,1,1,0,0,0,0,0,0,0,0,0,0,0,0,Anomalous_152
1,5,0,5,6,6,3,14,1,19,2,26,2,8,14,14,0,6,2,3,0,2,5,2,0,3,4,1,3,1,0,0,1,8,3,3,1,3,3,0,3,2,2,0,3,1,2,1,1,0,1,0,0,0,0,0,0,0,0,0,0,0,0,Anomalous_153
0,5,0,4,5,5,1,5,0,5,1,6,0,2,3,3,0,9,3,15,0,2,9,15,3,3,4,0,5,4,3,0,4,2,4,4,3,4,4,2,2,3,3,0,2,2,3,3,3,1,2,0,0,0,0,0,0,0,0,0,0,0,0,Anomalous_154
0,5,0,4,6,12,5,16,0,3,2,4,0,0,0,0,0,9,2,14,0,3,9,13,4,4,7,0,3,1,1,0,1,6,3,3,3,3,3,2,1,6,6,0,0,6,3,2,1,0,3,0,0,0,0,0,0,0,0,0,0,0,0,Anomalous_155
3,5,2,5,6,5,3,10,3,9,3,12,0,2,4,4,3,7,0,15,2,4,7,14,2,2,3,2,1,1,0,0,5,5,1,1,4,1,1,0,1,1,1,2,1,1,2,0,0,0,0,0,0,0,0,0,0,0,0,0,0,0,0,Anomalous_156
3,5,1,4,5,6,2,7,3,6,5,8,2,2,2,2,1,8,4,10,1,3,9,12,5,5,5,3,4,2,2,0,6,2,3,3,3,3,3,1,2,5,5,3,2,0,0,0,0,0,0,1,0,0,0,0,0,0,0,0,0,0,0,Anomalous_157
0,5,0,3,3,5,3,9,0,14,7,17,0,6,2,2,0,12,5,20,0,2,12,21,5,3,5,0,2,4,4,0,8,4,0,0,4,0,0,0,0,5,5,0,0,0,1,0,0,0,0,0,0,0,0,0,0,0,0,0,0,0,0,Anomalous_158
0,5,0,4,6,5,2,12,0,11,4,15,0,0,5,5,0,9,4,0,0,2,9,0,2,3,3,0,1,1,1,0,0,0,2,2,4,2,2,0,2,2,2,0,0,1,1,0,0,0,1,0,0,0,0,0,0,0,0,0,0,0,0,Anomalous_159
0,5,0,4,4,13,4,23,0,10,2,12,0,3,5,5,0,10,8,14,0,1,12,16,5,5,5,0,5,0,2,0,9,10,5,5,2,5,5,0,5,5,5,0,4,0,0,0,0,0,0,0,0,0,0,0,0,0,0,0,0,0,0,Anomalous_16
3,5,1,4,4,5,4,5,3,5,3,6,0,0,1,1,1,9,0,13,3,3,8,12,7,6,7,4,3,1,2,0,8,0,0,0,0,0,0,0,0,7,7,0,2,0,0,0,0,0,0,0,0,0,0,0,0,0,0,0,0,0,0,Anomalous_160
1,5,1,5,6,7,3,9,1,4,5,7,0,0,1,1,0,7,3,0,0,1,8,0,3,2,4,0,1,0,0,0,0,0,3,3,1,3,3,1,2,3,3,0,0,1,3,1,2,0,0,0,1,0,0,0,0,0,0,0,0,0,0,Anomalous_161
2,5,0,5,6,6,3,9,2,7,5,11,1,2,3,3,2,11,5,22,1,2,11,23,3,3,6,1,4,5,1,0,4,3,1,1,2,1,1,0,1,6,6,1,4,0,0,0,0,0,0,0,0,1,0,0,0,0,0,0,0,0,0,Anomalous_162
0,5,0,3,5,5,3,10,0,7,3,9,0,2,4,4,0,14,5,22,0,5,14,21,4,1,4,0,4,7,5,0,8,5,2,2,2,2,2,0,2,3,3,0,2,0,0,0,0,0,0,0,0,0,0,0,0,0,0,0,0,0,0,Anomalous_163
0,5,0,4,6,5,2,12,0,11,4,15,0,0,5,5,0,9,4,0,0,2,9,0,2,3,3,0,1,1,1,0,0,0,2,2,4,2,2,0,2,2,2,0,0,1,1,0,0,0,1,0,0,0,0,0,0,0,0,0,0,0,0,Anomalous_164
1,5,1,5,8,6,2,13,1,10,5,15,0,0,4,4,1,11,5,25,0,3,10,23,6,6,6,2,3,2,2,0,0,0,4,4,6,4,4,0,4,5,5,0,3,0,0,0,0,0,0,0,0,0,0,0,0,0,0,0,0,0,0,Anomalous_165
0,5,0,3,4,8,6,14,0,7,5,11,0,1,2,2,0,6,2,5,0,1,5,3,2,3,3,0,3,2,2,0,0,6,1,1,3,1,1,0,1,3,3,0,0,0,1,1,0,0,0,0,0,0,0,0,0,0,0,0,0,0,0,Anomalous_166
0,5,0,5,8,5,1,9,0,13,3,25,0,8,9,9,0,10,3,14,0,3,10,14,6,3,7,0,3,2,0,0,9,4,4,4,5,4,4,0,4,5,5,0,3,4,2,1,1,0,2,0,0,0,0,0,0,0,0,0,0,0,0,Anomalous_167
4,5,4,4,4,5,2,9,4,30,4,36,5,15,10,10,0,12,4,10,6,4,12,10,2,3,4,3,1,2,2,0,1,4,1,1,8,1,1,0,1,1,1,0,0,0,0,0,0,0,0,0,0,0,0,0,0,0,0,0,0,0,0,Anomalous_168
0,5,0,5,10,12,5,13,0,17,8,19,0,0,5,5,0,6,1,4,0,2,6,6,7,6,8,0,1,2,1,0,0,0,5,5,8,5,5,0,5,6,6,0,0,0,0,0,0,0,0,0,0,0,0,0,0,0,0,0,0,0,0,Anomalous_169
0,5,0,5,10,12,5,13,0,17,8,19,0,0,5,5,0,6,1,4,0,2,6,6,7,6,8,0,1,2,1,0,0,0,5,5,8,5,5,0,5,6,6,0,0,0,0,0,0,0,0,0,0,0,0,0,0,0,0,0,0,0,0,Anomalous_17
3,5,1,4,5,8,2,12,3,8,7,11,3,1,0,0,2,6,3,6,2,1,6,8,5,3,7,6,3,3,3,0,3,5,4,4,2,4,4,1,3,2,2,0,0,3,3,2,3,3,2,0,1,2,0,0,0,0,0,0,0,0,0,Anomalous_170
0,5,0,5,7,5,2,5,0,4,4,4,0,0,1,1,0,7,4,8,0,2,6,10,4,3,7,0,2,3,1,0,0,0,3,3,2,3,3,1,2,4,4,0,2,1,1,0,1,1,1,0,0,0,0,0,0,0,0,0,0,0,0,Anomalous_171
0,5,0,4,4,5,3,9,0,13,3,19,0,0,10,10,0,6,5,0,0,2,6,0,3,1,3,0,2,2,2,0,0,0,1,1,0,1,1,1,0,2,2,0,0,2,3,1,1,1,1,0,0,0,0,0,0,0,0,0,0,0,0,Anomalous_172
0,5,0,4,4,5,4,13,0,19,5,23,0,0,8,8,0,6,3,1,0,2,5,0,0,0,2,0,2,1,2,0,0,0,0,0,2,0,0,0,0,1,1,0,0,0,0,0,0,0,0,0,0,0,0,0,0,0,0,0,0,0,0,Anomalous_173
3,5,1,3,3,7,3,8,3,12,3,14,0,5,9,9,2,4,4,1,0,2,7,3,4,7,8,3,3,1,2,2,1,0,3,3,1,3,3,1,2,7,7,0,0,1,1,1,1,1,0,0,1,0,0,0,0,0,0,0,0,0,0,Anomalous_174
0,5,0,5,8,5,1,5,0,9,4,15,0,0,5,5,0,6,2,16,0,3,6,15,2,2,2,0,3,2,0,0,0,0,4,4,1,4,4,2,2,2,2,0,3,0,1,0,0,0,0,0,0,0,0,0,0,0,0,0,0,0,0,Anomalous_175
2,5,1,2,3,5,3,10,2,11,2,14,0,0,4,4,2,8,2,0,0,2,8,0,3,1,4,2,3,3,5,1,0,0,1,1,3,1,1,0,1,2,2,0,0,0,2,2,0,0,0,0,0,0,0,0,0,0,0,0,0,0,0,Anomalous_176
0,5,0,5,7,9,3,15,0,14,4,34,0,0,10,10,0,5,0,3,0,3,5,2,3,3,3,0,2,1,0,0,0,0,3,3,2,3,3,1,2,2,2,0,1,0,0,0,0,0,0,0,0,0,0,0,0,0,0,0,0,0,0,Anomalous_177
0,5,0,4,5,5,1,6,0,6,2,7,0,0,4,4,0,7,2,6,0,6,8,6,0,2,2,0,4,3,5,0,0,0,2,2,1,2,2,1,1,2,2,0,1,0,0,0,0,0,0,0,0,0,0,0,0,0,0,0,0,0,0,Anomalous_178
3,5,1,3,3,7,3,8,3,12,3,14,0,5,9,9,2,4,4,1,0,2,7,3,4,7,8,3,3,1,2,2,1,0,3,3,1,3,3,1,2,7,7,0,0,1,1,1,1,1,0,0,1,0,0,0,0,0,0,0,0,0,0,Anomalous_179
3,5,1,4,5,8,2,12,3,8,7,11,3,1,0,0,2,6,3,6,2,1,6,8,5,3,7,6,3,3,3,0,3,5,4,4,2,4,4,1,3,2,2,0,0,3,3,2,3,3,2,0,1,2,0,0,0,0,0,0,0,0,0,Anomalous_18
0,5,0,4,7,7,1,7,0,7,1,10,0,3,5,5,0,5,5,10,0,4,6,8,4,3,6,0,4,6,4,0,5,3,4,4,3,4,4,3,1,4,4,0,2,6,2,1,1,1,3,0,0,0,0,5,0,0,0,0,0,0,0,Anomalous_180
0,5,0,5,6,6,2,16,0,7,5,11,0,0,1,1,0,13,4,0,0,3,15,0,9,11,13,0,3,2,0,0,0,0,3,3,3,3,3,1,2,10,10,0,3,9,2,1,2,1,8,0,0,0,0,0,0,0,0,0,0,0,0,Anomalous_181
0,5,0,5,7,9,5,15,0,9,6,11,0,3,4,4,0,10,6,14,0,6,9,12,3,3,4,0,1,0,0,0,9,6,3,3,2,3,3,0,3,3,3,0,0,1,1,1,1,0,0,0,0,0,0,0,0,0,0,0,0,0,0,Anomalous_182
0,5,0,5,7,5,3,8,0,11,5,15,0,3,2,2,0,9,1,18,0,3,9,19,4,4,5,0,0,0,0,0,9,4,2,2,4,2,2,1,1,4,4,0,0,0,1,0,0,0,0,0,0,0,0,0,0,0,0,0,0,0,0,Anomalous_183
2,5,2,4,4,10,7,10,1,2,1,4,0,0,1,1,1,4,2,0,0,4,4,0,0,1,1,0,1,0,1,0,0,0,3,3,0,3,3,3,0,1,1,0,0,1,5,1,3,2,1,0,1,0,0,0,0,0,0,0,0,0,0,Anomalous_184
1,5,0,4,4,6,3,10,1,7,6,12,1,2,3,3,1,15,3,20,2,7,12,17,6,7,7,1,2,2,1,0,7,4,2,2,0,2,2,0,2,6,6,2,1,0,0,0,0,0,0,0,0,0,0,0,0,0,0,0,0,0,0,Anomalous_185
1,5,1,4,6,8,4,8,1,12,5,17,0,0,9,9,1,6,4,0,0,2,5,0,2,4,4,1,2,0,3,0,0,0,3,3,2,3,3,1,2,3,3,0,1,1,3,4,1,1,1,0,0,0,0,0,0,0,0,0,0,0,0,Anomalous_186
2,5,0,3,4,5,1,5,2,4,3,4,0,0,2,2,0,6,6,8,0,4,8,10,9,5,11,8,3,1,2,1,2,1,2,2,1,2,2,1,1,6,6,9,1,0,0,0,0,0,0,0,0,0,0,0,0,0,0,0,0,0,0,Anomalous_187
3,5,1,4,5,8,2,12,3,8,7,11,3,1,0,0,2,6,3,6,2,1,6,8,5,3,7,6,3,3,3,0,3,5,4,4,2,4,4,1,3,2,2,0,0,3,3,2,3,3,2,0,1,2,0,0,0,0,0,0,0,0,0,Anomalous_188
3,5,2,4,5,7,2,11,2,12,4,16,3,6,9,9,1,8,7,11,4,4,9,13,4,5,6,3,2,1,1,1,6,5,5,5,2,5,5,1,4,5,5,6,1,4,4,1,4,2,3,2,2,0,4,5,0,0,0,0,0,0,0,Anomalous_189
0,5,0,4,6,8,4,11,0,16,7,23,0,8,12,12,0,10,0,16,0,4,10,21,4,5,9,0,2,3,2,0,3,3,2,2,1,2,2,0,2,5,5,0,1,0,0,0,0,0,0,0,0,0,0,0,0,0,0,0,0,0,0,Anomalous_19
4,5,1,2,5,10,3,13,2,15,3,17,2,6,13,13,4,4,1,9,1,1,7,14,3,2,6,6,4,4,4,2,3,5,5,5,2,5,5,2,3,4,4,0,1,0,1,1,2,2,0,0,0,0,0,0,0,0,0,0,0,0,0,Anomalous_190
1,5,1,5,6,7,3,9,1,4,5,7,0,0,1,1,0,7,3,0,0,1,8,0,3,2,4,0,1,0,0,0,0,0,3,3,1,3,3,1,2,3,3,0,0,1,3,1,2,0,0,0,1,0,0,0,0,0,0,0,0,0,0,Anomalous_191
3,5,2,4,6,6,4,10,3,8,6,17,0,0,2,2,2,8,4,12,0,5,10,14,4,4,4,0,3,2,2,0,0,0,2,2,5,2,2,0,2,4,4,0,1,0,0,0,0,0,0,0,0,0,0,0,0,0,0,0,0,0,0,Anomalous_192
0,5,0,4,4,6,4,10,0,9,5,11,0,3,4,4,0,6,7,6,0,2,9,10,2,4,4,0,1,1,1,0,6,4,2,2,2,2,2,0,2,4,4,0,0,0,0,0,0,0,0,0,0,0,0,0,0,0,0,0,0,0,0,Anomalous_193
0,5,0,1,1,5,4,14,0,7,0,10,0,0,4,4,0,5,3,4,0,1,5,3,1,0,1,0,5,4,7,0,0,0,1,1,3,1,1,1,0,0,0,0,1,0,0,0,0,0,0,0,0,0,0,0,0,0,0,0,0,0,0,Anomalous_194
3,5,1,5,7,7,3,15,3,11,7,17,3,5,3,3,2,9,2,8,3,3,9,10,5,5,7,4,3,4,2,0,1,8,3,3,3,3,3,0,3,4,4,5,2,2,2,1,1,0,2,1,1,1,1,0,0,0,0,0,0,0,0,Anomalous_195
1,5,0,5,7,6,3,10,1,22,9,29,0,9,6,6,1,5,1,5,0,0,5,4,4,4,4,0,3,4,1,0,0,4,2,2,6,2,2,0,2,4,4,0,3,0,0,0,0,0,0,1,0,0,0,0,0,0,0,0,0,0,0,Anomalous_196
3,5,2,4,6,7,3,13,3,12,7,17,1,8,9,9,3,9,2,12,4,3,9,14,3,5,6,5,1,1,1,1,3,7,3,3,3,3,3,1,2,3,3,2,0,0,0,0,0,0,0,0,0,0,0,0,0,0,0,0,0,0,0,Anomalous_197
0,5,0,3,6,9,5,14,0,5,0,7,0,1,3,3,0,12,5,17,0,5,8,11,10,10,10,0,5,2,3,0,7,6,4,4,5,4,4,1,3,10,10,0,3,4,1,1,0,0,4,0,0,0,0,0,0,0,0,0,0,0,0,Anomalous_198
4,5,1,2,5,10,3,13,2,15,3,17,2,6,13,13,4,4,1,9,1,1,7,14,3,2,6,6,4,4,4,2,3,5,5,5,2,5,5,2,3,4,4,0,1,0,1,1,2,2,0,0,0,0,0,0,0,0,0,0,0,0,0,Anomalous_199
0,5,0,5,5,5,3,12,0,10,6,11,0,4,3,3,0,7,1,12,0,1,7,13,3,5,5,0,1,1,0,0,6,7,1,1,2,1,1,0,1,5,5,0,1,0,0,0,0,0,0,0,0,0,0,0,0,0,0,0,0,0,0,Anomalous_2
0,5,0,3,3,5,3,9,0,14,7,17,0,6,2,2,0,12,5,20,0,2,12,21,5,3,5,0,2,4,4,0,8,4,0,0,4,0,0,0,0,5,5,0,0,0,1,0,0,0,0,0,0,0,0,0,0,0,0,0,0,0,0,Anomalous_20
4,5,4,5,5,5,3,5,4,12,3,17,5,4,3,3,0,13,3,17,8,5,11,15,4,7,8,7,0,0,0,0,6,0,1,1,2,1,1,0,1,6,6,5,0,0,0,0,0,0,0,0,0,0,0,0,0,0,0,0,0,0,0,Anomalous_21
0,5,0,4,5,5,2,6,0,12,6,15,0,0,5,5,0,6,4,4,0,3,9,10,5,4,6,0,3,4,2,0,0,0,2,2,3,2,2,0,2,4,4,0,1,0,1,0,1,1,0,0,0,0,0,0,0,0,0,0,0,0,0,Anomalous_22
2,5,0,4,6,6,2,7,2,12,5,16,1,3,8,8,2,7,2,8,1,3,7,10,4,4,7,4,4,4,2,1,4,1,2,2,3,2,2,0,2,6,6,4,1,1,1,1,0,0,0,0,0,0,0,0,0,0,0,0,0,0,0,Anomalous_23
0,5,0,3,5,5,1,5,0,9,2,10,0,0,4,4,0,8,2,5,0,5,8,5,3,0,3,0,3,4,3,0,0,0,2,2,5,2,2,0,2,2,2,0,0,0,0,0,0,0,0,0,0,0,0,0,0,0,0,0,0,0,0,Anomalous_24
0,5,0,4,4,5,1,5,0,15,4,19,0,7,2,2,0,12,3,14,0,3,12,14,4,4,6,0,2,0,2,0,4,1,2,2,6,2,2,1,1,3,3,0,1,0,0,0,0,0,0,0,0,0,0,0,0,0,0,0,0,0,0,Anomalous_25
3,5,1,3,5,8,6,18,2,8,3,10,2,2,4,4,2,6,5,9,1,1,9,12,4,4,5,2,4,2,3,1,5,11,2,2,2,2,2,1,1,4,4,3,2,2,2,3,0,0,1,3,1,1,2,1,0,0,0,0,0,0,0,Anomalous_26
3,5,3,5,6,5,3,8,3,8,5,15,0,0,0,0,2,7,2,8,0,2,7,6,2,2,3,2,1,1,0,0,0,0,1,1,3,1,1,0,1,1,1,0,0,0,0,0,0,0,0,0,0,0,0,0,0,0,0,0,0,0,0,Anomalous_27
3,5,2,5,5,5,1,12,2,12,2,18,5,5,4,4,1,10,4,12,3,2,16,18,13,15,17,10,2,0,2,0,4,8,2,2,4,2,2,1,1,17,17,4,2,0,0,0,0,0,0,0,0,2,0,0,0,0,0,0,0,0,0,Anomalous_28
0,5,0,4,6,7,2,8,0,7,5,12,0,2,2,2,0,9,6,7,0,4,9,6,4,4,8,0,1,0,1,0,1,1,5,5,2,5,5,0,5,4,4,0,0,0,0,0,0,0,0,0,0,0,0,0,0,0,0,0,0,0,0,Anomalous_29
3,5,1,2,4,5,1,5,2,18,7,20,1,12,4,4,3,5,2,7,1,0,6,7,4,3,4,2,4,6,5,2,2,1,2,2,8,2,2,1,1,3,3,2,0,0,0,0,0,0,0,0,0,0,0,0,0,0,0,0,0,0,0,Anomalous_3
3,5,2,5,7,8,4,11,2,7,3,7,0,2,1,1,3,4,2,6,0,4,6,6,0,0,2,2,2,2,0,0,4,4,2,2,4,2,2,1,1,2,2,2,0,0,0,0,0,0,0,1,0,0,0,0,0,0,0,0,0,0,0,Anomalous_30
2,5,1,4,5,5,2,6,2,8,1,11,1,3,4,4,1,9,4,15,0,2,9,14,2,3,3,1,3,0,1,0,10,1,3,3,3,3,3,0,3,3,3,0,1,1,1,0,0,0,1,0,0,0,0,0,0,0,0,0,0,0,0,Anomalous_31
2,5,0,5,6,5,1,6,2,10,3,14,2,4,6,6,2,10,1,12,0,0,10,14,6,6,9,2,4,3,0,0,1,2,2,2,3,2,2,1,1,4,4,0,2,0,0,0,0,0,0,0,0,0,0,0,0,0,0,0,0,0,0,Anomalous_32
0,5,0,5,5,7,3,6,0,4,1,6,0,0,1,1,0,5,2,1,0,4,6,1,1,2,3,0,1,2,1,0,0,0,3,3,2,3,3,2,1,3,3,0,1,1,2,0,2,1,0,0,0,0,0,0,0,0,0,0,0,0,0,Anomalous_33
3,5,1,4,5,6,2,7,3,6,5,8,2,2,2,2,1,8,4,10,1,3,9,12,5,5,5,3,4,2,2,0,6,2,3,3,3,3,3,1,2,5,5,3,2,0,0,0,0,0,0,1,0,0,0,0,0,0,0,0,0,0,0,Anomalous_34
4,5,1,2,5,10,3,13,2,15,3,17,2,6,13,13,4,4,1,9,1,1,7,14,3,2,6,6,4,4,4,2,3,5,5,5,2,5,5,2,3,4,4,0,1,0,1,1,2,2,0,0,0,0,0,0,0,0,0,0,0,0,0,Anomalous_35
0,5,0,3,5,6,2,5,0,6,4,9,0,2,3,3,0,5,3,8,0,3,10,13,5,5,6,0,4,3,2,0,5,1,3,3,4,3,3,2,1,5,5,0,0,0,0,0,0,0,0,0,0,0,0,0,0,0,0,0,0,0,0,Anomalous_36
0,5,0,5,5,5,2,12,0,14,7,16,0,0,2,2,0,7,0,2,0,2,7,4,4,7,7,0,3,2,0,0,0,0,1,1,2,1,1,0,1,6,6,0,2,3,3,1,1,1,3,0,0,0,0,0,0,0,0,0,0,0,0,Anomalous_37
0,5,0,5,8,8,4,8,0,6,7,7,0,2,3,3,0,12,4,27,0,11,11,28,10,7,11,0,2,3,1,0,16,2,4,4,3,4,4,2,2,7,7,0,2,5,1,0,1,1,2,0,0,0,0,0,0,0,0,0,0,0,0,Anomalous_38
3,5,1,4,6,6,2,6,1,9,7,15,0,0,2,2,3,7,5,0,0,4,10,0,4,6,8,2,2,1,1,1,0,0,3,3,3,3,3,2,1,6,6,0,0,3,2,1,1,1,2,0,0,0,0,0,0,0,0,0,0,0,0,Anomalous_39
0,5,0,4,5,6,3,7,0,7,2,9,0,3,5,5,0,5,5,8,0,5,8,10,3,1,3,0,2,3,2,0,10,2,3,3,2,3,3,1,2,1,1,0,1,1,1,0,0,0,0,0,0,0,0,0,0,0,0,0,0,0,0,Anomalous_4
0,5,0,5,7,5,2,7,0,17,10,22,0,0,6,6,0,10,7,0,0,1,12,0,3,5,5,0,2,1,0,0,0,0,3,3,4,3,3,0,3,4,4,0,2,1,2,1,1,1,1,0,0,0,0,0,0,0,0,0,0,0,0,Anomalous_40
0,5,0,5,6,7,5,10,0,14,7,22,0,8,9,9,0,11,0,20,0,5,12,21,5,8,8,0,1,1,0,0,9,3,2,2,2,2,2,0,2,7,7,0,1,0,0,0,0,0,0,0,0,0,0,0,0,0,0,0,0,0,0,Anomalous_41
0,5,0,4,9,11,5,18,0,10,4,14,0,7,2,2,0,3,1,4,0,0,4,3,3,1,3,0,4,2,2,0,2,9,6,6,8,6,6,2,4,2,2,0,2,2,2,3,1,1,1,0,0,0,0,0,0,0,0,0,0,0,0,Anomalous_42
1,5,0,5,6,6,3,14,1,19,2,26,2,8,14,14,0,6,2,3,0,2,5,2,0,3,4,1,3,1,0,0,1,8,3,3,1,3,3,0,3,2,2,0,3,1,2,1,1,0,1,0,0,0,0,0,0,0,0,0,0,0,0,Anomalous_43
3,5,1,3,5,8,6,18,2,8,3,10,2,2,4,4,2,6,5,9,1,1,9,12,4,4,5,2,4,2,3,1,5,11,2,2,2,2,2,1,1,4,4,3,2,2,2,3,0,0,1,3,1,1,2,1,0,0,0,0,0,0,0,Anomalous_44
4,5,4,5,5,5,3,5,4,12,3,17,5,4,3,3,0,13,3,17,8,5,11,15,4,7,8,7,0,0,0,0,6,0,1,1,2,1,1,0,1,6,6,5,0,0,0,0,0,0,0,0,0,0,0,0,0,0,0,0,0,0,0,Anomalous_45
1,5,0,5,7,7,3,8,1,5,4,6,0,0,2,2,1,6,1,5,0,3,7,5,2,3,3,1,3,3,0,0,0,0,2,2,4,2,2,1,1,2,2,0,2,0,0,0,0,0,0,0,0,0,0,0,0,0,0,0,0,0,0,Anomalous_46
5,5,1,4,5,6,3,14,5,11,0,16,5,5,8,8,2,6,2,4,1,2,6,3,2,1,3,3,4,1,2,1,1,8,2,2,1,2,2,0,2,2,2,1,2,0,0,0,0,0,0,1,0,1,0,0,0,0,0,0,0,0,0,Anomalous_47
4,5,2,4,4,5,3,9,3,14,5,19,4,8,3,3,0,7,4,6,2,1,7,6,3,1,3,2,2,4,0,0,3,4,2,2,6,2,2,0,2,1,1,1,1,0,0,0,0,0,0,2,0,0,0,0,1,4,1,0,0,0,0,Anomalous_48
1,5,0,4,4,6,4,8,1,7,4,7,0,0,4,4,1,7,2,8,0,1,7,8,4,4,4,1,3,2,1,1,0,2,0,0,2,0,0,0,0,2,2,0,0,1,1,0,0,0,1,0,0,0,0,0,0,0,0,0,0,0,0,Anomalous_49
0,5,0,5,7,7,4,13,0,8,7,9,0,4,4,4,0,9,4,12,0,5,9,14,4,4,6,0,2,2,0,0,5,7,3,3,3,3,3,1,2,3,3,0,1,0,0,0,0,0,0,0,0,0,0,0,0,0,0,0,0,0,0,Anomalous_5
0,5,0,3,3,6,5,8,0,17,3,24,0,8,15,15,0,8,2,12,0,1,7,11,3,5,5,0,4,2,2,0,5,2,1,1,0,1,1,0,1,2,2,0,1,0,0,0,0,0,0,0,0,0,0,0,0,0,0,0,0,0,0,Anomalous_50
0,5,0,5,5,7,4,10,0,8,1,14,0,3,5,5,0,5,1,7,0,10,8,10,2,2,2,0,4,0,1,0,5,5,2,2,2,2,2,2,0,2,2,0,3,0,0,0,0,0,0,0,0,0,0,0,0,0,0,0,0,0,0,Anomalous_51
2,5,0,5,6,6,3,9,2,7,5,11,1,2,3,3,2,11,5,22,1,2,11,23,3,3,6,1,4,5,1,0,4,3,1,1,2,1,1,0,1,6,6,1,4,0,0,0,0,0,0,0,0,1,0,0,0,0,0,0,0,0,0,Anomalous_52
3,5,2,4,6,7,3,13,3,12,7,17,1,8,9,9,3,9,2,12,4,3,9,14,3,5,6,5,1,1,1,1,3,7,3,3,3,3,3,1,2,3,3,2,0,0,0,0,0,0,0,0,0,0,0,0,0,0,0,0,0,0,0,Anomalous_53
1,5,1,5,7,5,2,4,1,14,6,21,0,0,10,10,1,10,4,17,0,1,10,16,4,4,5,1,0,0,0,0,0,0,2,2,2,2,2,1,1,4,4,0,0,0,0,0,0,0,0,0,0,0,0,0,0,0,0,0,0,0,0,Anomalous_54
0,5,0,4,6,7,2,8,0,7,5,12,0,2,2,2,0,9,6,7,0,4,9,6,4,4,8,0,1,0,1,0,1,1,5,5,2,5,5,0,5,4,4,0,0,0,0,0,0,0,0,0,0,0,0,0,0,0,0,0,0,0,0,Anomalous_55
0,5,0,4,6,5,2,12,0,11,4,15,0,0,5,5,0,9,4,0,0,2,9,0,2,3,3,0,1,1,1,0,0,0,2,2,4,2,2,0,2,2,2,0,0,1,1,0,0,0,1,0,0,0,0,0,0,0,0,0,0,0,0,Anomalous_56
0,5,0,4,6,5,2,12,0,11,4,15,0,0,5,5,0,9,4,0,0,2,9,0,2,3,3,0,1,1,1,0,0,0,2,2,4,2,2,0,2,2,2,0,0,1,1,0,0,0,1,0,0,0,0,0,0,0,0,0,0,0,0,Anomalous_57
0,5,0,4,7,5,2,4,0,5,3,5,0,0,2,2,0,6,6,0,0,2,6,0,3,3,3,0,4,4,2,0,0,0,3,3,4,3,3,1,2,2,2,0,3,1,1,1,0,0,1,0,0,0,0,0,0,0,0,0,0,0,0,Anomalous_58
0,5,0,5,7,5,2,8,0,12,3,14,0,0,5,5,0,7,2,0,0,5,9,0,4,4,5,0,1,0,1,0,0,0,3,3,6,3,3,1,2,5,5,0,1,3,2,2,1,1,3,0,0,0,0,0,0,0,0,0,0,0,0,Anomalous_59
0,5,0,5,7,5,3,8,0,11,5,15,0,3,2,2,0,9,1,18,0,3,9,19,4,4,5,0,0,0,0,0,9,4,2,2,4,2,2,1,1,4,4,0,0,0,1,0,0,0,0,0,0,0,0,0,0,0,0,0,0,0,0,Anomalous_6
0,5,0,4,4,5,2,9,0,9,2,11,0,1,5,5,0,10,2,10,0,6,11,11,2,2,4,0,2,1,1,0,5,4,2,2,1,2,2,0,2,2,2,0,0,1,1,0,1,1,0,0,0,0,0,0,0,0,0,0,0,0,0,Anomalous_60
0,5,0,4,5,6,3,7,0,7,2,9,0,3,5,5,0,5,5,8,0,5,8,10,3,1,3,0,2,3,2,0,10,2,3,3,2,3,3,1,2,1,1,0,1,1,1,0,0,0,0,0,0,0,0,0,0,0,0,0,0,0,0,Anomalous_61
0,5,0,5,5,6,5,11,0,9,3,14,0,3,4,4,0,7,6,6,0,3,9,9,2,3,5,0,4,1,0,0,3,5,0,0,2,0,0,0,0,3,3,0,3,0,0,0,0,0,0,0,0,0,0,0,0,0,0,0,0,0,0,Anomalous_62
0,5,0,5,8,5,1,9,0,13,3,25,0,8,9,9,0,10,3,14,0,3,10,14,6,3,7,0,3,2,0,0,9,4,4,4,5,4,4,0,4,5,5,0,3,4,2,1,1,0,2,0,0,0,0,0,0,0,0,0,0,0,0,Anomalous_63
2,5,0,3,4,5,1,5,2,4,3,4,0,0,2,2,0,6,6,8,0,4,8,10,9,5,11,8,3,1,2,1,2,1,2,2,1,2,2,1,1,6,6,9,1,0,0,0,0,0,0,0,0,0,0,0,0,0,0,0,0,0,0,Anomalous_64
3,5,0,5,6,8,5,10,3,5,2,6,0,0,2,2,2,8,4,0,0,3,9,0,3,3,5,3,4,5,3,0,0,0,1,1,1,1,1,1,0,3,3,0,2,2,1,2,0,0,2,0,1,0,0,0,0,0,0,0,0,0,0,Anomalous_65
0,5,0,5,5,7,4,10,0,8,1,14,0,3,5,5,0,5,1,7,0,10,8,10,2,2,2,0,4,0,1,0,5,5,2,2,2,2,2,2,0,2,2,0,3,0,0,0,0,0,0,0,0,0,0,0,0,0,0,0,0,0,0,Anomalous_66
3,5,2,5,7,8,4,11,2,7,3,7,0,2,1,1,3,4,2,6,0,4,6,6,0,0,2,2,2,2,0,0,4,4,2,2,4,2,2,1,1,2,2,2,0,0,0,0,0,0,0,1,0,0,0,0,0,0,0,0,0,0,0,Anomalous_67
1,5,0,5,6,6,3,14,1,19,2,26,2,8,14,14,0,6,2,3,0,2,5,2,0,3,4,1,3,1,0,0,1,8,3,3,1,3,3,0,3,2,2,0,3,1,2,1,1,0,1,0,0,0,0,0,0,0,0,0,0,0,0,Anomalous_68
0,5,0,5,5,5,3,12,0,10,6,11,0,4,3,3,0,7,1,12,0,1,7,13,3,5,5,0,1,1,0,0,6,7,1,1,2,1,1,0,1,5,5,0,1,0,0,0,0,0,0,0,0,0,0,0,0,0,0,0,0,0,0,Anomalous_69
0,5,0,4,5,5,1,6,0,6,2,7,0,0,4,4,0,7,2,6,0,6,8,6,0,2,2,0,4,3,5,0,0,0,2,2,1,2,2,1,1,2,2,0,1,0,0,0,0,0,0,0,0,0,0,0,0,0,0,0,0,0,0,Anomalous_7
0,5,0,5,8,5,0,8,0,15,2,17,0,5,10,10,0,5,2,3,0,0,5,1,2,2,3,0,3,1,0,0,0,3,4,4,5,4,4,0,4,2,2,0,0,2,2,2,1,1,2,0,0,0,0,0,0,0,0,0,0,0,0,Anomalous_70
0,5,0,5,7,5,3,5,0,14,4,18,0,5,8,8,0,13,5,42,0,11,17,49,1,4,10,0,5,5,1,0,27,1,2,2,6,2,2,1,1,6,6,0,2,3,1,1,0,0,1,0,0,0,0,0,0,0,0,0,0,0,0,Anomalous_71
1,5,1,4,4,8,3,8,1,8,7,9,0,3,2,2,0,8,3,22,0,5,9,23,3,4,4,1,1,1,1,0,8,1,2,2,2,2,2,1,1,4,4,0,0,0,0,0,0,0,0,0,0,0,0,0,0,0,0,0,0,0,0,Anomalous_72
0,5,0,3,4,7,1,10,0,5,1,6,0,1,2,2,0,9,1,17,0,6,9,17,3,3,4,0,4,0,2,0,8,4,5,5,3,5,5,1,4,3,3,0,2,0,0,0,0,0,0,0,0,0,0,0,0,0,0,0,0,0,0,Anomalous_73
0,5,0,5,6,7,5,10,0,14,7,22,0,8,9,9,0,11,0,20,0,5,12,21,5,8,8,0,1,1,0,0,9,3,2,2,2,2,2,0,2,7,7,0,1,0,0,0,0,0,0,0,0,0,0,0,0,0,0,0,0,0,0,Anomalous_74
2,5,2,4,6,5,1,5,1,12,4,14,0,0,8,8,1,7,1,10,0,6,6,8,6,6,7,1,1,1,1,0,0,0,2,2,3,2,2,1,1,6,6,0,0,0,0,0,0,0,0,0,0,0,0,0,0,0,0,0,0,0,0,Anomalous_75
3,5,2,5,7,5,1,10,3,13,3,15,0,0,3,3,0,7,2,0,0,0,8,0,5,5,8,6,3,2,0,0,0,0,4,4,5,4,4,0,4,5,5,0,2,6,3,1,2,2,4,0,3,0,0,0,0,0,0,0,0,0,0,Anomalous_76
0,5,0,4,4,5,4,13,0,19,5,23,0,0,8,8,0,6,3,1,0,2,5,0,0,0,2,0,2,1,2,0,0,0,0,0,2,0,0,0,0,1,1,0,0,0,0,0,0,0,0,0,0,0,0,0,0,0,0,0,0,0,0,Anomalous_77
4,5,2,4,5,5,1,10,3,5,3,7,2,1,1,1,4,6,1,9,2,2,6,8,2,2,3,2,2,2,1,1,2,6,3,3,4,3,3,1,2,3,3,0,1,1,2,0,2,1,0,0,0,0,1,0,0,0,0,0,0,0,0,Anomalous_78
3,5,1,4,5,6,2,7,3,6,5,8,2,2,2,2,1,8,4,10,1,3,9,12,5,5,5,3,4,2,2,0,6,2,3,3,3,3,3,1,2,5,5,3,2,0,0,0,0,0,0,1,0,0,0,0,0,0,0,0,0,0,0,Anomalous_79
0,5,0,4,4,7,2,7,0,3,2,7,0,0,2,2,0,4,5,9,0,5,5,10,5,5,5,0,2,0,3,0,0,0,5,5,0,5,5,3,2,5,5,0,1,0,0,0,0,0,0,0,0,0,0,0,0,0,0,0,0,0,0,Anomalous_8
0,5,0,5,8,5,1,9,0,13,3,25,0,8,9,9,0,10,3,14,0,3,10,14,6,3,7,0,3,2,0,0,9,4,4,4,5,4,4,0,4,5,5,0,3,4,2,1,1,0,2,0,0,0,0,0,0,0,0,0,0,0,0,Anomalous_80
0,5,0,4,5,6,3,7,0,7,2,9,0,3,5,5,0,5,5,8,0,5,8,10,3,1,3,0,2,3,2,0,10,2,3,3,2,3,3,1,2,1,1,0,1,1,1,0,0,0,0,0,0,0,0,0,0,0,0,0,0,0,0,Anomalous_81
1,5,0,2,2,10,5,17,1,12,1,14,1,5,9,9,0,8,3,6,3,3,8,6,6,4,6,1,3,0,4,1,1,7,4,4,2,4,4,0,4,3,3,0,0,1,1,1,0,0,0,0,0,1,0,0,0,0,0,0,0,0,0,Anomalous_82
2,5,0,4,6,5,1,12,2,9,4,14,1,2,3,3,1,8,1,10,0,2,8,11,5,3,5,2,4,3,2,1,4,7,2,2,7,2,2,0,2,4,4,0,2,0,0,0,0,0,0,0,0,1,0,0,0,0,0,0,0,0,0,Anomalous_83
0,5,0,4,4,8,4,8,0,9,4,12,0,0,2,2,0,9,4,0,0,6,10,0,5,6,6,0,2,1,1,0,0,0,0,0,3,0,0,0,0,5,5,0,1,4,2,1,0,0,4,0,0,0,0,0,0,0,0,0,0,0,0,Anomalous_84
2,5,1,5,6,5,2,9,2,12,2,15,0,0,8,8,1,6,3,0,0,4,9,0,2,4,5,3,2,2,1,0,0,0,1,1,2,1,1,0,1,3,3,0,2,4,2,0,0,0,3,0,1,0,0,0,0,0,0,0,0,0,0,Anomalous_85
0,5,0,5,7,7,4,13,0,8,7,9,0,4,4,4,0,9,4,12,0,5,9,14,4,4,6,0,2,2,0,0,5,7,3,3,3,3,3,1,2,3,3,0,1,0,0,0,0,0,0,0,0,0,0,0,0,0,0,0,0,0,0,Anomalous_86
0,5,0,5,10,12,5,13,0,17,8,19,0,0,5,5,0,6,1,4,0,2,6,6,7,6,8,0,1,2,1,0,0,0,5,5,8,5,5,0,5,6,6,0,0,0,0,0,0,0,0,0,0,0,0,0,0,0,0,0,0,0,0,Anomalous_87
2,5,1,4,4,7,2,13,2,21,4,28,4,16,12,12,0,7,1,4,0,4,7,3,1,1,2,2,1,0,3,1,1,6,4,4,5,4,4,0,4,2,2,0,0,0,0,0,0,0,0,0,0,2,0,0,0,0,0,0,0,0,0,Anomalous_88
0,5,0,5,6,7,0,9,0,5,4,7,0,0,1,1,0,3,3,0,0,2,8,0,1,3,5,0,3,2,1,0,0,0,4,4,2,4,4,2,2,4,4,0,2,3,3,2,3,1,2,0,0,0,0,0,0,0,0,0,0,0,0,Anomalous_89
2,5,1,4,5,5,2,6,2,8,1,11,1,3,4,4,1,9,4,15,0,2,9,14,2,3,3,1,3,0,1,0,10,1,3,3,3,3,3,0,3,3,3,0,1,1,1,0,0,0,1,0,0,0,0,0,0,0,0,0,0,0,0,Anomalous_9
2,5,2,4,6,5,1,5,1,12,4,14,0,0,8,8,1,7,1,10,0,6,6,8,6,6,7,1,1,1,1,0,0,0,2,2,3,2,2,1,1,6,6,0,0,0,0,0,0,0,0,0,0,0,0,0,0,0,0,0,0,0,0,Anomalous_90
3,5,2,5,7,6,3,6,3,7,9,10,1,0,2,2,2,8,3,9,2,1,8,10,3,5,6,5,1,0,0,0,1,0,3,3,1,3,3,0,3,6,6,2,1,0,0,0,0,0,0,0,0,0,0,0,0,0,0,0,0,0,0,Anomalous_91
2,5,1,2,3,5,3,10,2,11,2,14,0,0,4,4,2,8,2,0,0,2,8,0,3,1,4,2,3,3,5,1,0,0,1,1,3,1,1,0,1,2,2,0,0,0,2,2,0,0,0,0,0,0,0,0,0,0,0,0,0,0,0,Anomalous_92
0,5,0,5,7,9,5,15,0,9,6,11,0,3,4,4,0,10,6,14,0,6,9,12,3,3,4,0,1,0,0,0,9,6,3,3,2,3,3,0,3,3,3,0,0,1,1,1,1,0,0,0,0,0,0,0,0,0,0,0,0,0,0,Anomalous_93
4,5,3,3,4,7,3,18,4,14,4,22,8,6,10,10,1,11,3,18,6,9,11,17,3,4,4,3,2,0,2,1,7,11,3,3,1,3,3,0,3,4,4,5,0,1,1,1,1,0,1,2,0,0,0,0,0,0,0,0,0,0,0,Anomalous_94
0,5,0,5,7,7,3,10,0,11,9,18,0,3,7,7,0,12,4,17,0,5,13,26,7,8,14,0,2,1,0,0,9,3,4,4,3,4,4,0,4,9,9,0,1,2,1,0,1,1,1,0,0,0,0,0,0,0,0,0,0,0,0,Anomalous_95
0,5,0,5,5,7,3,6,0,4,1,6,0,0,1,1,0,5,2,1,0,4,6,1,1,2,3,0,1,2,1,0,0,0,3,3,2,3,3,2,1,3,3,0,1,1,2,0,2,1,0,0,0,0,0,0,0,0,0,0,0,0,0,Anomalous_96
3,5,2,4,6,7,3,13,3,12,7,17,1,8,9,9,3,9,2,12,4,3,9,14,3,5,6,5,1,1,1,1,3,7,3,3,3,3,3,1,2,3,3,2,0,0,0,0,0,0,0,0,0,0,0,0,0,0,0,0,0,0,0,Anomalous_97
0,5,0,5,8,5,1,5,0,9,4,15,0,0,5,5,0,6,2,16,0,3,6,15,2,2,2,0,3,2,0,0,0,0,4,4,1,4,4,2,2,2,2,0,3,0,1,0,0,0,0,0,0,0,0,0,0,0,0,0,0,0,0,Anomalous_98
1,5,0,3,3,5,4,6,1,6,3,7,0,0,3,3,1,9,4,14,0,2,9,14,2,1,3,1,3,1,2,1,8,2,1,1,1,1,1,1,0,2,2,0,1,0,1,0,1,1,0,0,0,0,0,0,0,0,0,0,0,0,0,Anomalous_99
0,5,0,1,1,1,1,1,0,1,0,1,0,0,0,0,0,1,0,1,0,1,1,0,0,0,0,0,0,1,3,0,0,0,0,0,1,0,0,0,0,0,0,0,0,0,0,0,0,0,0,0,0,0,0,0,4,1,0,0,0,0,0,Normal_0
5,5,1,1,1,1,0,0,0,0,0,0,0,0,0,0,1,0,0,0,0,0,0,0,0,0,0,0,0,2,0,0,0,0,1,1,0,1,1,1,0,0,0,0,0,0,1,0,1,1,0,0,0,0,0,0,2,2,0,2,2,2,0,Normal_1
5,5,1,1,2,2,1,2,2,2,2,2,0,0,1,1,2,2,0,2,0,0,2,2,1,2,2,2,1,2,3,1,0,0,1,1,0,0,1,0,1,1,1,0,0,0,0,0,0,0,0,1,0,0,0,0,3,4,0,0,0,0,2,Normal_10
5,5,0,2,2,2,0,2,2,2,1,2,0,0,0,0,0,2,0,0,0,0,2,0,1,2,2,2,2,0,0,0,0,0,0,0,0,0,0,0,0,2,2,0,0,2,2,2,0,0,2,0,2,0,0,0,0,0,0,2,3,0,0,Normal_100
5,5,2,3,4,3,2,3,3,3,2,3,0,0,1,1,3,3,0,3,0,2,3,1,1,1,1,1,1,2,1,0,0,0,1,1,2,1,1,0,1,1,1,0,1,0,0,0,0,0,0,1,0,0,0,0,2,1,0,0,0,0,0,Normal_101
0,5,0,2,4,3,1,1,0,1,2,1,0,0,0,0,0,1,0,3,0,0,1,1,1,1,1,0,1,2,2,0,0,0,2,2,2,2,2,2,0,1,1,0,0,0,0,0,0,0,0,0,0,0,0,0,2,0,0,0,0,0,0,Normal_102
5,5,0,1,1,1,1,0,1,1,0,1,0,0,0,0,0,1,0,0,0,1,1,0,0,0,0,0,1,1,0,0,0,0,0,0,1,0,0,0,0,0,0,0,1,0,1,1,0,0,0,0,1,0,0,0,3,3,0,1,3,1,2,Normal_103
5,5,0,2,4,3,1,1,1,2,1,2,0,1,0,0,3,2,0,5,1,2,2,2,0,0,0,0,3,3,3,1,1,0,2,2,3,2,1,2,0,0,0,1,2,0,0,0,0,0,0,0,0,0,0,0,2,1,0,0,0,0,1,Normal_104
0,5,0,0,0,0,0,0,0,0,0,0,0,0,0,0,0,0,0,0,0,0,0,0,0,0,0,0,0,0,5,0,0,0,0,0,0,0,0,0,0,0,0,0,0,0,0,0,0,0,0,0,0,0,0,0,5,2,0,0,0,0,0,Normal_105
5,6,1,2,4,2,0,1,1,1,0,1,0,0,0,0,2,1,0,2,0,0,1,1,1,0,1,1,1,2,2,0,0,0,1,1,0,1,1,1,0,1,1,0,0,0,0,0,0,0,0,1,0,0,0,0,3,1,0,0,0,0,0,Normal_106
6,5,0,2,3,2,1,1,1,4,1,5,1,2,1,1,2,1,0,2,0,0,1,1,1,1,1,1,2,3,2,0,0,0,1,1,2,1,1,1,0,1,1,0,1,0,0,0,0,0,0,1,0,0,0,0,3,1,0,0,0,0,0,Normal_107
0,5,0,1,1,2,1,2,0,2,1,2,0,0,0,0,0,2,0,0,0,1,2,0,1,1,1,0,2,0,1,0,0,0,1,1,1,1,1,0,1,0,0,0,1,1,2,2,1,1,1,0,0,0,0,0,1,1,0,1,3,0,0,Normal_108
0,5,0,3,5,4,1,2,0,2,0,2,0,0,1,1,0,2,0,4,0,2,2,0,0,0,0,0,2,2,2,0,0,0,2,2,1,2,2,2,0,0,0,0,0,0,0,0,0,0,0,0,0,0,0,0,0,0,0,0,0,0,0,Normal_109
0,5,0,2,2,2,2,2,0,2,1,2,0,0,0,0,0,2,1,2,0,0,2,1,1,0,1,0,0,1,2,0,0,0,0,0,1,0,0,0,0,0,0,0,0,0,0,0,0,0,0,0,0,0,0,0,3,1,0,0,0,0,0,Normal_11
0,5,0,2,2,3,2,3,0,3,0,3,0,0,2,2,0,3,2,0,0,1,3,0,0,0,0,0,1,0,1,0,0,0,1,1,1,1,1,0,1,0,0,0,0,0,3,1,1,1,0,0,0,0,0,0,1,1,0,1,2,0,0,Normal_110
5,5,1,1,1,1,1,2,1,1,0,1,0,0,0,0,1,2,2,3,1,0,2,2,0,0,0,0,0,2,4,0,1,1,0,0,1,0,0,0,0,0,0,1,0,0,0,0,0,0,0,0,0,0,0,0,5,3,2,0,0,0,1,Normal_111
4,5,1,3,4,3,2,3,2,3,2,3,0,0,0,0,2,3,3,2,0,0,3,0,0,0,0,0,1,1,2,0,0,0,1,1,2,1,1,0,1,0,0,0,1,0,1,0,0,0,0,0,0,0,0,0,1,1,0,0,0,0,1,Normal_112
4,5,1,1,1,1,0,1,1,1,0,1,0,0,0,0,0,1,1,0,0,0,1,0,0,0,0,0,0,1,0,0,0,0,0,0,0,0,0,0,0,0,0,0,0,0,1,0,0,0,0,0,1,0,0,0,1,1,0,2,3,1,0,Normal_113
5,6,0,1,1,1,1,1,1,1,0,1,0,0,1,1,0,1,0,0,0,1,1,0,0,0,0,0,1,1,0,0,0,0,0,0,0,0,0,0,0,0,0,0,1,0,1,1,0,0,0,0,1,0,0,0,3,3,0,1,3,1,2,Normal_114
0,5,0,1,1,2,2,2,0,2,0,2,0,0,2,2,0,2,2,2,0,0,2,0,0,0,0,0,1,1,4,0,0,0,0,0,0,0,0,0,0,0,0,0,0,0,0,0,0,0,0,0,0,0,0,0,3,0,0,0,0,0,0,Normal_115
0,5,0,2,2,2,2,2,0,2,1,2,0,0,0,0,0,2,1,2,0,1,2,0,0,0,0,0,2,3,0,0,0,0,0,0,1,0,0,0,0,0,0,0,2,0,0,0,0,0,0,0,0,0,0,0,1,1,0,2,2,0,0,Normal_116
5,5,0,0,1,2,1,1,1,3,1,5,2,2,0,0,2,2,1,3,1,1,2,1,0,0,0,0,2,2,5,2,0,0,1,1,3,1,1,1,0,0,0,1,0,0,0,0,0,0,0,0,0,0,0,0,3,1,0,0,0,0,1,Normal_117
0,5,0,3,3,3,1,2,0,2,0,2,0,0,2,2,0,2,1,0,0,1,2,0,0,0,0,0,2,0,0,0,0,0,2,2,0,2,2,1,1,0,0,0,2,0,3,2,2,2,0,0,0,0,0,0,1,1,0,1,2,0,0,Normal_118
0,5,0,4,4,4,3,4,0,4,2,4,0,0,0,0,0,4,0,0,0,1,4,0,3,3,3,0,2,1,0,0,0,0,1,1,2,1,1,0,1,3,3,0,2,3,4,2,1,1,3,0,0,0,0,0,1,1,0,0,0,0,0,Normal_119
0,4,0,2,4,2,0,1,0,1,0,1,0,0,1,1,0,1,0,2,0,1,1,0,0,0,0,0,0,1,2,0,0,0,2,2,2,2,2,1,1,0,0,0,0,0,0,0,0,0,0,0,0,0,0,0,3,1,0,0,0,0,0,Normal_12
0,5,0,3,3,3,2,2,0,3,1,2,0,0,1,1,0,2,1,0,0,1,2,0,0,0,0,0,1,1,0,0,0,0,1,1,0,1,1,1,0,0,0,0,1,0,3,1,1,1,0,0,0,0,0,0,1,1,0,1,1,0,0,Normal_120
5,5,1,1,1,1,1,2,1,1,0,1,0,0,0,0,1,2,2,3,1,0,2,2,0,0,0,0,0,2,4,0,1,1,0,0,1,0,0,0,0,0,0,1,0,0,0,0,0,0,0,0,0,0,0,0,5,3,2,0,0,0,1,Normal_121
5,5,1,3,4,4,3,6,3,7,4,10,3,4,1,1,4,8,4,11,5,2,8,9,2,2,2,2,3,7,4,1,2,3,1,1,5,1,1,1,0,2,2,5,2,0,0,0,0,0,0,0,0,2,0,0,1,3,2,0,0,0,1,Normal_122
5,5,0,0,0,0,0,0,0,0,0,0,0,0,0,0,0,0,0,0,0,0,0,0,0,0,0,0,0,1,4,0,0,0,0,0,0,0,0,0,0,0,0,0,0,0,0,0,0,0,0,1,0,0,0,0,3,2,0,0,0,0,1,Normal_123
0,5,0,3,4,3,2,2,0,2,1,2,0,0,0,0,0,2,1,1,0,1,2,0,0,0,0,0,1,0,1,0,0,0,1,1,2,1,1,1,0,0,0,0,1,0,2,1,0,0,0,0,0,0,0,0,1,0,0,1,1,0,0,Normal_124
5,5,0,3,2,3,0,4,2,3,1,4,1,1,0,0,1,2,1,0,0,0,2,0,1,1,1,1,3,0,1,0,0,2,3,3,2,3,3,1,2,1,1,0,3,1,3,4,3,3,1,0,2,1,0,0,0,0,0,2,2,0,0,Normal_125
4,5,0,0,0,0,0,0,0,0,0,0,0,0,0,0,0,0,0,0,0,0,0,0,0,0,0,0,0,0,0,0,0,0,0,0,0,0,0,0,0,0,0,0,0,0,0,0,0,0,0,0,0,0,0,0,0,0,0,1,5,0,0,Normal_126
0,5,0,0,1,1,0,1,0,1,1,1,0,0,0,0,0,1,0,1,0,0,1,1,0,1,1,0,1,2,4,0,0,0,1,1,0,1,1,0,1,0,0,0,0,0,0,0,0,0,0,0,0,0,0,0,2,1,0,0,0,0,0,Normal_127
5,5,1,1,1,2,0,1,1,1,0,1,0,0,1,1,1,1,0,0,0,0,1,0,1,0,1,1,1,0,1,1,0,0,2,2,0,2,2,1,1,0,0,0,0,1,2,1,2,2,0,0,1,0,0,0,1,1,0,2,3,0,1,Normal_128
5,5,0,2,4,3,1,1,1,2,1,2,0,1,0,0,3,2,0,5,1,2,2,2,0,0,0,0,3,3,3,1,1,0,2,2,3,2,1,2,0,0,0,1,2,0,0,0,0,0,0,0,0,0,0,0,2,1,0,0,0,0,1,Normal_129
0,5,0,2,2,2,0,1,0,1,0,1,0,0,1,1,0,1,0,0,0,0,1,0,1,1,1,0,2,0,0,0,0,0,1,1,0,1,1,1,0,0,0,0,2,1,2,2,1,1,1,0,0,0,0,0,0,0,0,2,2,0,0,Normal_13
4,5,0,0,0,0,0,0,0,0,0,0,0,0,0,0,0,0,0,0,0,0,0,0,0,0,0,0,0,0,0,0,0,0,0,0,0,0,0,0,0,0,0,0,0,0,0,0,0,0,0,0,0,0,0,0,0,0,0,1,5,0,0,Normal_130
0,5,0,4,4,5,3,4,0,4,1,4,0,0,2,2,0,4,0,0,0,4,4,0,0,0,0,0,2,0,1,0,0,0,2,2,1,2,2,1,1,0,0,0,1,0,5,2,2,2,0,0,0,0,0,0,0,0,0,0,0,0,0,Normal_131
0,5,0,1,1,1,0,0,0,0,0,0,0,0,0,0,0,0,0,0,0,0,0,0,0,0,0,0,0,1,0,0,0,0,1,1,0,1,1,1,0,0,0,0,0,0,1,0,1,1,0,0,0,0,0,0,2,2,0,1,3,0,0,Normal_132
0,5,0,1,1,1,1,1,0,1,0,1,0,0,1,1,0,1,0,0,0,1,1,0,0,0,0,0,0,0,0,0,0,0,0,0,0,0,0,0,0,0,0,0,0,0,1,0,0,0,0,0,0,0,0,0,0,0,0,4,3,0,0,Normal_133
0,5,0,3,3,4,3,3,0,3,3,3,0,0,0,0,0,2,1,0,0,1,3,0,1,1,1,0,2,0,1,0,0,0,1,1,0,1,1,1,0,1,1,0,1,1,4,2,1,1,1,0,0,0,0,0,0,1,0,0,1,0,0,Normal_134
5,5,0,2,4,3,1,3,2,2,4,3,1,0,2,2,3,5,1,9,3,0,6,10,3,4,4,4,3,3,4,1,1,1,2,2,1,2,2,1,1,4,4,3,1,0,0,0,0,0,0,0,0,0,0,0,0,0,0,0,0,0,0,Normal_135
5,6,2,3,4,3,2,2,2,2,0,2,0,0,1,1,2,2,0,2,0,1,2,0,0,0,1,1,1,1,1,0,0,0,1,1,2,1,1,1,0,0,0,0,1,1,1,0,0,0,0,0,1,0,0,0,1,0,0,1,1,0,0,Normal_136
0,5,0,2,2,2,0,1,0,0,0,1,0,0,0,0,0,1,1,0,0,0,1,0,0,0,0,0,0,0,0,0,0,0,1,1,1,1,1,1,0,0,0,0,0,0,2,0,1,1,0,0,0,0,0,0,0,0,0,2,3,0,0,Normal_137
5,5,0,3,2,3,0,4,2,3,1,4,1,1,0,0,1,2,1,0,0,0,2,0,1,1,1,1,3,0,1,0,0,2,3,3,2,3,3,1,2,1,1,0,3,1,3,4,3,3,1,0,2,1,0,0,0,0,0,2,2,0,0,Normal_138
5,5,0,0,0,0,0,0,0,0,0,0,0,0,0,0,0,0,0,0,0,0,0,0,0,0,0,0,0,0,3,0,0,0,0,0,0,0,0,0,0,0,0,0,0,0,0,0,0,0,0,0,0,0,0,0,3,1,0,0,0,0,1,Normal_139
0,5,0,2,2,2,1,1,0,1,1,1,0,0,0,0,0,1,0,0,0,0,1,0,1,1,1,0,1,0,0,0,0,0,1,1,0,1,1,1,0,1,1,0,1,1,2,1,1,1,1,0,0,0,0,0,0,1,0,2,3,0,0,Normal_14
0,5,0,1,3,2,0,0,0,0,0,0,0,0,0,0,0,0,0,2,0,0,0,0,0,0,0,0,1,2,4,0,0,0,2,2,2,2,2,2,0,0,0,0,0,0,0,0,0,0,0,0,0,0,0,0,3,2,0,0,0,0,0,Normal_140
5,5,1,2,4,2,0,2,2,2,0,2,0,0,0,0,2,2,1,2,0,1,2,0,0,0,0,0,1,2,2,0,0,0,2,2,3,2,2,0,2,0,0,0,0,0,0,0,0,0,0,1,0,0,0,0,3,2,0,0,0,0,1,Normal_141
0,5,0,3,4,3,0,3,0,3,1,3,0,0,2,2,0,3,1,3,0,1,3,1,0,0,1,0,1,2,1,0,0,0,1,1,0,1,1,0,1,1,1,0,1,0,0,0,0,0,0,0,0,0,0,0,2,1,0,0,0,0,0,Normal_142
0,5,0,1,1,1,1,1,0,1,0,1,0,0,0,0,0,1,0,1,0,1,1,0,0,0,0,0,0,1,3,0,0,0,0,0,1,0,0,0,0,0,0,0,0,0,0,0,0,0,0,0,0,0,0,0,4,1,0,0,0,0,0,Normal_143
0,5,0,0,1,2,1,1,0,1,1,1,0,0,0,0,0,1,0,0,0,0,1,0,1,1,1,0,1,2,1,0,0,0,1,1,0,1,1,1,0,1,1,0,0,1,2,1,1,1,1,0,0,0,0,0,2,2,0,1,1,0,0,Normal_144
4,5,1,1,1,1,0,1,1,1,0,1,0,0,0,0,0,1,1,0,0,0,1,0,0,0,0,0,0,1,0,0,0,0,0,0,0,0,0,0,0,0,0,0,0,0,1,0,0,0,0,0,1,0,0,0,1,1,0,2,3,1,0,Normal_145
5,5,0,0,0,0,0,0,0,0,0,0,0,0,0,0,0,0,0,0,0,0,0,0,0,0,0,0,0,1,0,0,0,0,0,0,0,0,0,0,0,0,0,0,0,0,0,0,0,0,0,0,0,0,0,0,3,3,0,2,4,1,2,Normal_146
0,5,0,3,3,3,1,3,0,3,1,3,0,0,0,0,0,3,0,0,0,1,3,0,1,0,2,0,2,1,0,0,0,0,1,1,1,1,1,0,1,1,1,0,1,2,3,1,1,0,0,0,0,0,0,0,1,1,0,1,1,0,0,Normal_147
2,5,0,3,3,3,0,2,0,7,2,11,0,5,3,3,0,11,3,20,0,3,11,20,5,5,5,0,1,1,2,0,11,0,3,3,2,3,3,1,2,5,5,0,1,5,3,1,3,3,5,0,0,0,0,0,3,2,0,0,0,0,1,Normal_148
0,5,0,2,2,3,2,3,0,3,0,3,0,0,2,2,0,3,2,0,0,1,3,0,0,0,0,0,1,0,1,0,0,0,1,1,1,1,1,0,1,0,0,0,0,0,3,1,1,1,0,0,0,0,0,0,1,1,0,1,2,0,0,Normal_149
5,5,1,4,4,5,2,3,3,3,1,3,0,0,0,0,2,3,3,0,0,0,3,0,0,0,0,0,4,0,1,1,0,0,3,3,2,3,2,2,1,0,0,0,3,0,5,4,3,3,0,0,3,0,0,0,0,0,0,0,0,0,0,Normal_15
0,5,0,3,3,3,1,2,0,2,0,2,0,0,2,2,0,2,1,0,0,1,2,0,0,0,0,0,2,0,0,0,0,0,2,2,0,2,2,1,1,0,0,0,2,0,3,2,2,2,0,0,0,0,0,0,1,1,0,1,2,0,0,Normal_150
4,5,2,2,4,2,0,1,1,1,1,1,0,0,0,0,2,1,0,2,0,0,1,1,0,1,1,1,0,0,3,0,0,0,2,2,3,2,2,1,1,1,1,0,0,0,0,0,0,0,0,0,0,0,0,0,2,1,0,0,0,0,1,Normal_151
0,5,0,0,0,1,1,1,0,1,0,1,0,0,0,0,0,1,0,1,0,1,1,0,0,0,0,0,1,2,4,0,0,0,0,0,2,0,0,0,0,0,0,0,0,0,0,0,0,0,0,0,0,0,0,0,4,2,0,0,0,0,0,Normal_152
5,5,1,1,1,1,0,0,0,0,0,0,0,0,0,0,1,0,0,0,0,0,0,0,0,0,0,0,0,2,0,0,0,0,1,1,0,1,1,1,0,0,0,0,0,0,1,0,1,1,0,0,0,0,0,0,2,2,0,2,2,2,0,Normal_153
0,5,0,3,3,3,0,3,0,3,0,3,0,0,1,1,0,3,2,0,0,1,3,0,0,0,0,0,0,0,0,0,0,0,1,1,1,1,1,0,1,0,0,0,0,0,3,0,1,1,0,0,0,0,0,0,2,2,0,0,3,0,0,Normal_154
2,5,0,4,5,5,3,5,2,5,2,5,0,0,1,1,0,5,2,3,0,2,6,1,0,1,1,0,3,1,1,1,0,0,1,1,2,1,1,0,1,1,1,0,1,0,2,2,0,0,0,0,2,0,0,0,0,0,0,0,0,0,0,Normal_155
0,5,0,1,1,2,1,2,0,2,0,2,0,0,0,0,0,2,0,0,0,2,2,0,0,0,0,0,2,0,1,0,0,0,0,0,1,0,0,0,0,0,0,0,1,0,2,2,0,0,0,0,0,0,0,0,1,1,0,1,3,0,0,Normal_156
5,5,1,2,3,3,2,2,2,2,2,2,0,0,0,0,3,2,1,3,0,0,2,1,1,1,1,1,2,2,3,1,0,0,1,1,2,1,1,1,0,0,0,0,1,0,0,0,0,0,0,0,0,0,0,0,2,0,0,0,0,0,0,Normal_157
4,5,0,0,0,0,0,0,0,0,0,0,0,0,0,0,0,0,0,0,0,0,0,0,0,0,0,0,0,7,0,0,0,0,0,0,0,0,0,0,0,0,0,0,0,0,0,0,0,0,0,0,0,0,0,0,3,8,2,1,3,2,1,Normal_158
5,5,1,1,2,2,1,1,1,1,1,1,0,0,0,0,2,1,0,2,0,1,1,0,0,0,0,0,1,1,4,1,0,0,1,1,1,1,1,1,0,0,0,0,0,0,0,0,0,0,0,0,0,0,0,0,4,1,0,0,0,0,1,Normal_159
5,5,1,2,4,3,1,1,1,1,0,1,0,0,0,0,3,1,0,3,0,1,1,0,0,0,0,0,2,2,3,1,0,0,2,2,3,2,2,2,0,0,0,0,1,0,0,0,0,0,0,0,0,0,0,0,2,1,0,0,0,0,1,Normal_16
5,5,0,0,0,0,0,0,0,0,0,0,0,0,0,0,0,0,0,0,0,0,0,0,0,0,0,0,0,3,1,0,0,0,0,0,0,0,0,0,0,0,0,0,0,0,0,0,0,0,0,1,0,0,0,0,3,4,2,2,3,0,1,Normal_160
0,5,0,2,2,3,2,3,0,3,3,3,0,0,0,0,0,3,1,3,0,0,4,1,2,1,2,0,1,1,1,0,0,0,1,1,1,1,1,0,1,0,0,0,0,1,1,1,1,0,0,0,0,0,0,0,1,1,0,0,1,0,0,Normal_161
0,5,0,1,1,2,1,2,0,2,0,2,0,0,0,0,0,2,0,2,0,1,2,1,1,0,1,0,2,3,3,0,0,0,0,0,2,0,0,0,0,0,0,0,0,0,0,0,0,0,0,0,0,0,0,0,2,2,0,0,0,0,0,Normal_162
5,6,0,1,1,1,1,2,1,4,3,6,2,2,1,1,0,1,0,0,0,1,1,0,0,0,0,0,1,1,0,0,0,1,0,0,0,0,0,0,0,0,0,0,0,0,1,1,0,0,0,0,1,0,0,0,1,2,1,1,4,0,1,Normal_163
0,5,0,2,2,2,2,2,0,2,0,2,0,0,2,2,0,2,1,2,0,1,2,0,0,0,0,0,1,2,2,0,0,0,0,0,0,0,0,0,0,0,0,0,0,0,0,0,0,0,0,0,0,0,0,0,3,2,0,0,0,0,0,Normal_164
5,5,1,1,2,1,0,0,0,0,0,0,0,0,0,0,1,0,0,1,0,0,0,0,0,0,0,0,0,1,3,0,0,0,1,1,1,1,1,1,0,0,0,0,0,0,0,0,0,0,0,1,0,0,0,0,5,1,0,0,0,0,0,Normal_165
5,5,3,3,3,3,1,3,4,3,2,3,0,0,0,0,3,3,1,3,0,0,3,2,0,2,2,2,0,0,2,0,0,0,0,0,2,0,0,0,0,2,3,0,0,0,0,0,0,0,0,0,0,0,0,0,1,0,0,0,0,0,0,Normal_166
5,5,0,0,0,0,0,0,0,0,0,0,0,0,0,0,0,0,0,0,0,0,0,0,0,0,0,0,0,1,4,0,0,0,0,0,0,0,0,0,0,0,0,0,0,0,0,0,0,0,0,1,0,0,0,0,3,2,0,0,0,0,1,Normal_167
5,5,2,3,3,4,2,4,4,4,0,4,0,0,3,3,0,4,1,0,0,1,4,0,2,1,2,2,2,1,1,1,0,0,2,2,1,2,2,0,2,1,1,0,1,2,4,2,2,2,1,0,4,0,0,0,1,1,0,0,0,1,0,Normal_168
5,5,0,0,0,0,0,0,0,0,0,0,0,0,0,0,0,0,0,0,0,0,0,0,0,0,0,0,0,1,0,0,0,0,0,0,0,0,0,0,0,0,0,0,0,0,0,0,0,0,0,0,0,0,0,0,3,3,0,2,4,1,2,Normal_169
0,5,0,2,3,2,1,1,0,1,0,1,0,0,0,0,0,1,0,2,0,1,1,0,0,0,0,0,1,1,3,0,0,0,1,1,0,1,1,1,0,0,0,0,1,0,0,0,0,0,0,0,0,0,0,0,2,1,0,0,0,0,0,Normal_17
5,5,0,1,2,1,0,1,1,1,0,1,0,0,0,0,1,1,1,1,0,0,1,0,0,0,0,0,1,1,3,0,0,0,1,1,2,1,1,0,1,0,0,0,0,0,0,0,0,0,0,0,0,0,0,0,2,0,0,0,0,0,0,Normal_170
5,6,0,0,0,0,0,0,0,0,0,0,0,0,0,0,0,0,0,0,0,0,0,0,0,0,0,0,0,0,0,0,0,0,0,0,0,0,0,0,0,0,0,0,0,0,0,0,0,0,0,0,0,0,0,0,1,1,0,1,5,0,1,Normal_171
0,5,0,4,7,5,2,4,0,4,3,4,0,0,1,1,0,4,2,5,0,1,4,1,1,1,1,0,3,4,1,0,0,0,3,3,4,3,3,1,2,1,1,0,3,0,0,0,0,0,0,0,0,0,0,0,0,0,0,0,0,0,0,Normal_172
5,5,1,1,1,3,0,1,1,1,0,1,0,0,1,1,2,1,0,0,0,1,1,0,0,0,0,0,2,0,2,2,0,0,3,3,0,3,3,2,1,0,0,0,0,0,3,2,3,3,0,0,1,0,0,0,0,0,0,2,2,0,0,Normal_173
5,5,0,2,4,3,1,3,2,2,4,3,1,0,2,2,3,5,1,9,3,0,6,10,3,4,4,4,3,3,4,1,1,1,2,2,1,2,2,1,1,4,4,3,1,0,0,0,0,0,0,0,0,0,0,0,0,0,0,0,0,0,0,Normal_174
5,6,2,3,4,3,2,2,2,2,0,2,0,0,1,1,2,2,0,2,0,1,2,0,0,0,1,1,1,1,1,0,0,0,1,1,2,1,1,1,0,0,0,0,1,1,1,0,0,0,0,0,1,0,0,0,1,0,0,1,1,0,0,Normal_175
5,6,0,1,1,1,1,2,1,4,3,6,2,2,1,1,0,1,0,0,0,1,1,0,0,0,0,0,1,1,0,0,0,1,0,0,0,0,0,0,0,0,0,0,0,0,1,1,0,0,0,0,1,0,0,0,1,2,1,1,4,0,1,Normal_176
5,5,2,2,2,2,0,1,1,1,1,1,0,0,0,0,1,1,1,0,0,0,1,0,0,0,0,0,0,0,0,0,0,0,1,1,0,1,1,1,0,0,0,0,0,0,2,0,1,0,0,0,1,0,0,0,0,0,0,1,3,0,0,Normal_177
0,5,0,2,2,2,2,2,0,2,1,2,0,0,0,0,0,2,1,2,0,1,2,0,0,0,0,0,2,3,0,0,0,0,0,0,1,0,0,0,0,0,0,0,2,0,0,0,0,0,0,0,0,0,0,0,1,1,0,2,2,0,0,Normal_178
5,6,0,1,1,1,1,1,1,1,0,1,0,0,1,1,0,1,0,0,0,1,1,0,0,0,0,0,1,1,0,0,0,0,0,0,0,0,0,0,0,0,0,0,1,0,1,1,0,0,0,0,1,0,0,0,3,3,0,1,3,1,2,Normal_179
5,5,1,1,1,3,0,1,1,1,0,1,0,0,1,1,2,1,0,0,0,1,1,0,0,0,0,0,2,0,2,2,0,0,3,3,0,3,3,2,1,0,0,0,0,0,3,2,3,3,0,0,1,0,0,0,0,0,0,2,2,0,0,Normal_18
5,5,0,1,1,1,0,2,1,1,0,1,0,0,1,1,0,1,1,0,0,0,1,0,0,0,0,0,1,0,1,0,0,1,0,0,0,0,0,0,0,0,0,0,1,0,1,2,0,0,0,0,1,1,0,0,0,0,0,0,4,0,0,Normal_180
5,7,1,1,1,1,0,0,0,0,0,0,0,0,0,0,1,0,0,0,0,0,0,0,0,0,0,0,0,0,0,0,0,0,1,1,0,1,1,1,0,0,0,0,0,0,1,0,1,0,0,0,0,0,0,0,1,1,0,3,4,0,1,Normal_181
0,5,0,3,4,3,2,2,0,2,1,2,0,0,0,0,0,2,1,1,0,1,2,0,0,0,0,0,1,0,1,0,0,0,1,1,2,1,1,1,0,0,0,0,1,0,2,1,0,0,0,0,0,0,0,0,1,0,0,1,1,0,0,Normal_182
5,5,0,0,0,0,0,0,0,0,0,0,0,0,0,0,0,0,0,0,0,0,0,0,0,0,0,0,0,0,5,0,0,0,0,0,0,0,0,0,0,0,0,0,0,0,0,0,0,0,0,0,0,0,0,0,1,0,0,0,0,0,0,Normal_183
0,5,0,4,7,5,2,4,0,4,3,4,0,0,1,1,0,4,2,5,0,1,4,1,1,1,1,0,3,4,1,0,0,0,3,3,4,3,3,1,2,1,1,0,3,0,0,0,0,0,0,0,0,0,0,0,0,0,0,0,0,0,0,Normal_184
5,5,2,2,3,2,0,4,2,4,3,5,1,1,1,1,2,6,2,9,4,1,6,10,1,3,3,3,0,0,3,0,1,2,1,1,2,1,1,0,1,3,3,4,0,0,0,0,0,0,0,0,0,0,0,0,1,1,0,0,0,0,1,Normal_185
0,5,0,1,1,2,1,2,0,2,0,2,0,0,0,0,0,2,0,0,0,2,2,0,0,0,0,0,2,0,1,0,0,0,0,0,1,0,0,0,0,0,0,0,1,0,2,2,0,0,0,0,0,0,0,0,1,1,0,1,3,0,0,Normal_186
5,5,0,1,1,1,1,0,1,1,0,1,0,0,0,0,0,1,0,0,0,1,1,0,0,0,0,0,1,1,0,0,0,0,0,0,1,0,0,0,0,0,0,0,1,0,1,1,0,0,0,0,1,0,0,0,3,3,0,1,3,1,2,Normal_187
5,5,1,1,1,2,1,6,2,2,1,3,1,0,1,1,0,4,2,3,2,0,4,3,2,2,2,2,1,1,1,1,1,4,1,1,0,1,1,0,1,2,2,0,0,2,2,1,1,1,2,0,2,0,2,0,3,4,1,0,3,0,3,Normal_188
0,5,0,2,3,2,1,1,0,1,1,1,0,0,1,1,0,1,0,2,0,0,1,1,1,1,1,0,0,1,2,0,0,0,1,1,1,1,1,1,0,1,1,0,0,0,0,0,0,0,0,0,0,0,0,0,3,2,0,0,0,0,0,Normal_189
6,5,0,2,3,2,1,1,1,4,1,5,1,2,1,1,2,1,0,2,0,0,1,1,1,1,1,1,2,3,2,0,0,0,1,1,2,1,1,1,0,1,1,0,1,0,0,0,0,0,0,1,0,0,0,0,3,1,0,0,0,0,0,Normal_19
5,5,1,2,3,2,1,1,1,1,0,1,0,0,1,1,2,6,3,13,5,3,6,11,0,0,0,0,1,1,3,0,6,0,1,1,1,1,1,1,0,0,0,5,1,0,0,0,0,0,0,0,0,0,0,0,3,1,0,0,0,0,1,Normal_190
5,5,1,1,1,1,0,1,1,1,2,1,0,0,0,0,1,1,0,1,0,0,1,1,0,1,1,1,0,1,3,0,0,0,0,0,0,0,0,0,0,1,1,0,0,0,0,0,0,0,0,1,0,0,0,0,3,2,0,0,0,0,1,Normal_191
0,5,0,3,4,3,0,3,0,3,1,3,0,0,2,2,0,3,1,3,0,1,3,1,0,0,1,0,1,2,1,0,0,0,1,1,0,1,1,0,1,1,1,0,1,0,0,0,0,0,0,0,0,0,0,0,2,1,0,0,0,0,0,Normal_192
5,5,0,2,2,2,0,2,2,2,1,2,0,0,0,0,0,2,0,0,0,0,2,0,1,2,2,2,2,0,0,0,0,0,0,0,0,0,0,0,0,2,2,0,0,2,2,2,0,0,2,0,2,0,0,0,0,0,0,2,3,0,0,Normal_193
5,5,1,1,1,1,0,1,1,1,0,1,0,0,1,1,0,1,1,0,0,0,1,0,0,0,0,0,0,0,0,0,0,0,0,0,0,0,0,0,0,0,0,0,0,0,1,0,0,0,0,0,1,0,0,0,1,1,0,2,4,0,1,Normal_194
5,5,1,2,3,2,1,1,1,1,0,1,0,0,1,1,2,6,3,13,5,3,6,11,0,0,0,0,1,1,3,0,6,0,1,1,1,1,1,1,0,0,0,5,1,0,0,0,0,0,0,0,0,0,0,0,3,1,0,0,0,0,1,Normal_195
6,6,1,3,3,3,2,3,2,5,2,9,4,3,0,0,1,4,0,3,2,2,4,3,2,2,2,2,2,1,2,0,1,1,1,1,3,1,1,1,0,2,2,0,2,2,3,4,1,1,2,0,2,2,2,0,2,2,0,0,1,1,1,Normal_196
0,5,0,2,2,3,0,3,0,3,0,3,0,0,2,2,0,3,0,0,0,0,3,0,2,1,3,0,1,0,1,0,0,0,2,2,0,1,2,0,2,0,0,0,0,3,3,1,2,1,1,0,0,0,0,0,2,2,0,0,2,0,0,Normal_197
0,5,0,3,4,3,0,3,0,3,1,3,0,0,2,2,0,3,1,3,0,1,3,1,0,0,1,0,1,2,1,0,0,0,1,1,0,1,1,0,1,1,1,0,1,0,0,0,0,0,0,0,0,0,0,0,2,1,0,0,0,0,0,Normal_198
5,5,0,2,2,2,0,2,2,2,1,2,0,0,0,0,0,2,0,0,0,0,2,0,1,2,2,2,2,0,0,0,0,0,0,0,0,0,0,0,0,2,2,0,0,2,2,2,0,0,2,0,2,0,0,0,0,0,0,2,3,0,0,Normal_199
0,5,0,4,7,5,2,4,0,4,3,4,0,0,1,1,0,4,2,5,0,1,4,1,1,1,1,0,3,4,1,0,0,0,3,3,4,3,3,1,2,1,1,0,3,0,0,0,0,0,0,0,0,0,0,0,0,0,0,0,0,0,0,Normal_2
5,5,0,3,3,4,3,7,4,11,4,15,4,7,5,5,0,10,6,10,6,2,10,10,2,2,2,2,4,0,3,1,4,3,1,1,2,1,1,0,1,2,2,0,3,2,4,6,1,1,2,0,4,2,6,0,0,0,0,1,1,0,0,Normal_20
5,5,2,3,3,3,1,3,2,3,2,3,0,0,1,1,0,3,0,0,0,0,3,0,3,3,3,3,1,0,0,0,0,0,0,0,0,0,0,0,0,3,3,0,0,3,3,1,0,0,3,0,3,0,0,0,1,1,0,1,2,0,1,Normal_21
0,5,0,1,1,1,1,1,0,1,0,1,0,0,1,1,0,1,0,0,0,1,1,0,0,0,0,0,0,0,0,0,0,0,0,0,0,0,0,0,0,0,0,0,0,0,1,0,0,0,0,0,0,0,0,0,0,0,0,4,3,0,0,Normal_22
5,5,0,2,3,2,0,2,2,1,1,2,0,0,0,0,2,2,1,2,0,0,2,1,1,1,1,1,2,3,2,0,0,0,1,1,3,1,1,0,1,1,1,0,2,0,0,0,0,0,0,1,0,0,0,0,3,0,0,0,0,0,0,Normal_23
4,4,1,2,3,3,1,8,3,8,2,9,1,2,1,1,3,4,1,5,1,3,4,2,0,0,0,0,2,2,3,1,0,5,1,1,5,1,1,0,1,0,0,1,0,0,0,0,0,0,0,0,0,0,0,0,1,0,0,0,0,0,0,Normal_24
0,5,0,3,3,3,0,3,0,3,0,3,0,0,1,1,0,3,2,0,0,1,3,0,0,0,0,0,0,0,0,0,0,0,1,1,1,1,1,0,1,0,0,0,0,0,3,0,1,1,0,0,0,0,0,0,2,2,0,0,3,0,0,Normal_25
0,5,0,2,5,3,0,3,0,3,1,3,0,0,2,2,0,3,0,3,0,2,3,1,1,1,1,0,1,1,3,0,0,0,3,3,4,4,3,0,3,1,1,0,0,0,0,0,0,0,0,0,0,0,0,0,2,0,0,0,0,0,0,Normal_26
5,5,0,1,1,1,0,2,1,1,0,1,0,0,1,1,0,1,1,0,0,0,1,0,0,0,0,0,1,0,1,0,0,1,0,0,0,0,0,0,0,0,0,0,1,0,1,2,0,0,0,0,1,1,0,0,0,0,0,0,4,0,0,Normal_27
5,4,2,2,2,2,0,5,2,8,1,9,0,3,3,3,0,2,1,0,0,0,2,0,1,1,1,1,0,0,0,0,0,2,2,2,3,2,2,0,2,1,1,0,0,1,2,0,2,1,1,0,2,0,0,0,1,1,0,2,3,0,1,Normal_28
5,5,1,2,2,2,2,2,2,2,0,2,0,0,0,0,0,2,1,0,0,1,2,0,0,0,0,0,1,1,0,0,0,0,0,0,2,0,0,0,0,0,0,0,1,0,2,1,0,0,0,0,2,0,0,0,2,2,0,1,2,1,1,Normal_29
5,6,0,0,0,0,0,0,0,0,0,0,0,0,0,0,0,0,0,0,0,0,0,0,0,0,0,0,0,0,0,0,0,0,0,0,0,0,0,0,0,0,0,0,0,0,0,0,0,0,0,0,0,0,0,0,1,1,0,1,5,0,1,Normal_3
4,5,0,0,0,0,0,0,0,0,0,0,0,0,0,0,0,0,0,0,0,0,0,0,0,0,0,0,0,0,0,0,0,0,0,0,0,0,0,0,0,0,0,0,0,0,0,0,0,0,0,0,0,0,0,0,0,0,0,1,5,0,0,Normal_30
0,5,0,4,4,5,4,5,0,5,2,5,0,0,2,2,0,5,1,0,0,1,5,0,2,3,3,0,3,0,1,0,0,0,0,0,1,0,0,0,0,3,3,0,1,3,5,3,0,0,3,0,0,0,0,0,0,0,0,0,0,0,0,Normal_31
5,5,3,3,3,3,1,6,3,7,2,14,7,1,1,1,3,3,0,3,0,2,3,1,1,1,1,1,0,3,1,0,0,3,0,0,1,0,0,0,0,1,1,0,0,0,0,0,0,0,0,1,0,0,0,0,2,3,1,0,0,0,0,Normal_32
0,5,0,4,4,4,3,4,0,4,2,4,0,0,0,0,0,4,0,0,0,1,4,0,3,3,3,0,2,1,0,0,0,0,1,1,2,1,1,0,1,3,3,0,2,3,4,2,1,1,3,0,0,0,0,0,1,1,0,0,0,0,0,Normal_33
5,5,1,1,1,1,1,1,1,1,0,1,0,0,0,0,0,1,0,0,0,1,1,0,0,0,0,0,0,0,0,0,0,0,0,0,1,0,0,0,0,0,0,0,0,0,1,0,0,0,0,0,1,0,0,0,1,1,0,1,4,0,1,Normal_34
5,5,1,2,2,4,2,3,3,3,1,3,0,0,1,1,1,3,0,0,0,1,3,0,2,2,2,2,3,0,2,2,0,0,2,2,1,2,2,1,1,2,2,0,1,2,4,2,2,2,2,0,3,0,0,0,0,0,0,1,1,0,0,Normal_35
5,5,1,1,1,1,1,1,1,1,0,1,0,0,0,0,0,1,1,0,0,0,1,0,0,0,0,0,0,0,0,0,0,0,0,0,0,0,0,0,0,0,0,0,0,0,1,0,0,0,0,0,1,0,0,0,1,0,0,3,4,0,1,Normal_36
4,4,1,2,3,3,1,8,3,8,2,9,1,2,1,1,3,4,1,5,1,3,4,2,0,0,0,0,2,2,3,1,0,5,1,1,5,1,1,0,1,0,0,1,0,0,0,0,0,0,0,0,0,0,0,0,1,0,0,0,0,0,0,Normal_37
5,5,1,1,2,2,1,1,1,1,1,1,0,0,0,0,2,1,0,2,0,1,1,0,0,0,0,0,1,1,4,1,0,0,1,1,1,1,1,1,0,0,0,0,0,0,0,0,0,0,0,0,0,0,0,0,4,1,0,0,0,0,1,Normal_38
5,5,0,2,2,2,0,2,2,2,1,2,0,0,0,0,0,2,0,0,0,0,2,0,1,2,2,2,2,0,0,0,0,0,0,0,0,0,0,0,0,2,2,0,0,2,2,2,0,0,2,0,2,0,0,0,0,0,0,2,3,0,0,Normal_39
2,5,1,4,4,4,2,3,1,9,5,17,8,6,3,3,1,6,0,7,3,2,6,7,3,3,4,2,1,1,0,0,2,0,1,1,2,1,1,1,0,3,3,0,1,2,2,1,1,1,2,0,1,0,3,0,1,1,0,0,0,0,0,Normal_4
0,5,0,2,5,3,0,3,0,3,1,3,0,0,2,2,0,3,0,3,0,2,3,1,1,1,1,0,1,1,3,0,0,0,3,3,4,4,3,0,3,1,1,0,0,0,0,0,0,0,0,0,0,0,0,0,2,0,0,0,0,0,0,Normal_40
5,4,0,0,0,1,0,0,0,0,0,0,0,0,0,0,1,0,0,1,0,0,0,0,0,0,0,0,1,3,3,1,0,0,1,1,1,1,1,1,0,0,0,0,0,0,0,0,0,0,0,2,0,0,0,0,4,2,0,0,0,0,0,Normal_41
0,5,0,1,3,2,0,0,0,0,0,0,0,0,0,0,0,0,0,2,0,0,0,0,0,0,0,0,1,2,4,0,0,0,2,2,2,2,2,2,0,0,0,0,0,0,0,0,0,0,0,0,0,0,0,0,3,2,0,0,0,0,0,Normal_42
0,5,0,2,2,2,2,2,0,2,1,2,0,0,0,0,0,2,1,2,0,1,2,0,0,0,0,0,2,3,0,0,0,0,0,0,1,0,0,0,0,0,0,0,2,0,0,0,0,0,0,0,0,0,0,0,1,1,0,2,2,0,0,Normal_43
0,5,0,4,7,5,2,4,0,4,3,4,0,0,1,1,0,4,2,5,0,1,4,1,1,1,1,0,3,4,1,0,0,0,3,3,4,3,3,1,2,1,1,0,3,0,0,0,0,0,0,0,0,0,0,0,0,0,0,0,0,0,0,Normal_44
0,5,0,1,1,2,1,2,0,2,1,2,0,0,0,0,0,2,2,0,0,0,2,0,0,0,0,0,2,1,1,0,0,0,1,1,1,1,1,0,1,0,0,0,1,0,2,2,1,0,0,0,0,0,0,0,2,2,0,1,2,0,0,Normal_45
5,5,0,1,1,1,1,0,1,1,0,1,0,0,0,0,0,1,0,0,0,1,1,0,0,0,0,0,1,1,0,0,0,0,0,0,1,0,0,0,0,0,0,0,1,0,1,1,0,0,0,0,1,0,0,0,3,3,0,1,3,1,2,Normal_46
0,5,0,1,2,1,0,0,0,0,0,0,0,0,0,0,0,0,0,1,0,0,0,0,0,0,0,0,0,0,4,0,0,0,1,1,1,1,1,1,0,0,0,0,0,0,0,0,0,0,0,0,0,0,0,0,4,3,0,0,0,0,0,Normal_47
5,5,1,2,2,2,1,2,2,2,2,2,0,0,0,0,2,2,0,2,0,1,2,1,1,1,1,1,1,1,3,0,0,0,0,0,0,0,0,0,0,1,1,0,0,0,0,0,0,0,0,0,0,0,0,0,3,2,0,0,0,0,2,Normal_48
0,5,0,3,4,3,2,2,0,2,1,2,0,0,0,0,0,2,1,1,0,1,2,0,0,0,0,0,1,0,1,0,0,0,1,1,2,1,1,1,0,0,0,0,1,0,2,1,0,0,0,0,0,0,0,0,1,0,0,1,1,0,0,Normal_49
5,4,2,2,2,2,0,5,2,8,1,9,0,3,3,3,0,2,1,0,0,0,2,0,1,1,1,1,0,0,0,0,0,2,2,2,3,2,2,0,2,1,1,0,0,1,2,0,2,1,1,0,2,0,0,0,1,1,0,2,3,0,1,Normal_5
5,5,2,2,3,2,1,2,2,2,0,2,0,0,0,0,2,2,1,2,0,1,2,0,0,0,0,0,0,0,3,0,0,0,1,1,4,1,1,0,1,0,0,0,0,0,0,0,0,0,0,0,0,0,0,0,4,0,0,0,0,0,0,Normal_50
0,5,0,4,4,5,4,5,0,5,2,5,0,0,2,2,0,5,1,0,0,1,5,0,2,3,3,0,3,0,1,0,0,0,0,0,1,0,0,0,0,3,3,0,1,3,5,3,0,0,3,0,0,0,0,0,0,0,0,0,0,0,0,Normal_51
0,5,0,1,1,1,1,1,0,1,0,1,0,0,0,0,0,1,0,1,0,1,1,0,0,0,0,0,0,1,3,0,0,0,0,0,1,0,0,0,0,0,0,0,0,0,0,0,0,0,0,0,0,0,0,0,4,1,0,0,0,0,0,Normal_52
4,5,0,0,0,0,0,0,0,0,0,0,0,0,0,0,0,0,0,0,0,0,0,0,0,0,0,0,0,7,0,0,0,0,0,0,0,0,0,0,0,0,0,0,0,0,0,0,0,0,0,0,0,0,0,0,3,8,2,1,3,2,1,Normal_53
4,5,2,2,4,2,0,1,1,1,1,1,0,0,0,0,2,1,0,2,0,0,1,1,0,1,1,1,0,0,3,0,0,0,2,2,3,2,2,1,1,1,1,0,0,0,0,0,0,0,0,0,0,0,0,0,2,1,0,0,0,0,1,Normal_54
5,5,2,3,3,3,0,4,2,3,2,4,1,0,1,1,1,4,2,11,2,2,4,11,0,0,0,0,1,0,0,0,2,2,1,1,0,1,1,1,0,0,0,0,0,0,3,1,1,0,0,0,2,0,2,0,0,0,0,1,2,0,0,Normal_55
0,5,0,1,1,1,1,1,0,1,0,1,0,0,0,0,0,1,0,0,0,0,1,0,0,0,1,0,0,0,0,0,0,0,0,0,1,0,0,0,0,0,0,0,0,1,1,0,0,0,0,0,0,0,0,0,1,1,0,0,4,0,0,Normal_56
0,5,0,0,1,1,0,1,0,1,1,1,0,0,0,0,0,1,0,1,0,0,1,1,0,1,1,0,1,2,4,0,0,0,1,1,0,1,1,0,1,0,0,0,0,0,0,0,0,0,0,0,0,0,0,0,2,1,0,0,0,0,0,Normal_57
0,5,0,2,2,2,2,2,0,2,1,2,0,0,0,0,0,2,1,2,0,0,2,1,1,0,1,0,0,1,2,0,0,0,0,0,1,0,0,0,0,0,0,0,0,0,0,0,0,0,0,0,0,0,0,0,3,1,0,0,0,0,0,Normal_58
5,5,0,1,1,2,1,1,1,1,0,1,0,0,1,1,1,1,0,0,0,1,1,0,0,0,0,0,2,0,1,1,0,0,1,1,0,1,1,1,0,0,0,0,0,0,2,2,1,1,0,0,1,0,0,0,0,0,0,1,3,0,0,Normal_59
5,6,0,1,1,1,1,1,1,1,0,1,0,0,1,1,0,1,0,0,0,1,1,0,0,0,0,0,1,1,0,0,0,0,0,0,0,0,0,0,0,0,0,0,1,0,1,1,0,0,0,0,1,0,0,0,3,3,0,1,3,1,2,Normal_6
5,6,0,1,1,1,1,1,1,1,0,1,0,0,1,1,0,1,0,0,0,1,1,0,0,0,0,0,1,1,0,0,0,0,0,0,0,0,0,0,0,0,0,0,1,0,1,1,0,0,0,0,1,0,0,0,3,3,0,1,3,1,2,Normal_60
0,5,0,1,1,1,1,1,0,1,0,1,0,0,0,0,0,1,0,1,0,1,1,0,0,0,0,0,0,1,3,0,0,0,0,0,1,0,0,0,0,0,0,0,0,0,0,0,0,0,0,0,0,0,0,0,4,1,0,0,0,0,0,Normal_61
5,5,3,3,3,3,1,3,4,3,2,3,0,0,0,0,3,3,1,3,0,0,3,2,0,2,2,2,0,0,2,0,0,0,0,0,2,0,0,0,0,2,3,0,0,0,0,0,0,0,0,0,0,0,0,0,1,0,0,0,0,0,0,Normal_62
0,5,0,1,1,2,1,2,0,2,0,2,0,0,0,0,0,2,0,0,0,1,2,0,0,1,1,0,2,0,1,0,0,0,1,1,1,1,1,0,1,1,1,0,1,1,2,2,1,1,1,0,0,0,0,0,0,0,0,2,3,0,0,Normal_63
4,5,0,0,0,0,0,0,0,0,0,0,0,0,0,0,0,0,0,0,0,0,0,0,0,0,0,0,0,0,0,0,0,0,0,0,0,0,0,0,0,0,0,0,0,0,0,0,0,0,0,0,0,0,0,0,0,0,0,1,5,0,0,Normal_64
5,5,0,0,0,0,0,0,0,0,0,0,0,0,0,0,0,0,0,0,0,0,0,0,0,0,0,0,0,3,1,0,0,0,0,0,0,0,0,0,0,0,0,0,0,0,0,0,0,0,0,1,0,0,0,0,3,4,2,2,3,0,1,Normal_65
0,5,0,2,3,2,1,1,0,1,0,1,0,0,0,0,0,1,0,2,0,1,1,0,0,0,0,0,1,1,3,0,0,0,1,1,0,1,1,1,0,0,0,0,1,0,0,0,0,0,0,0,0,0,0,0,2,1,0,0,0,0,0,Normal_66
5,5,2,2,3,2,0,2,2,2,1,2,0,0,1,1,2,2,1,2,0,0,2,1,0,1,1,1,0,0,3,0,0,0,1,1,0,1,1,0,1,1,1,0,0,0,0,0,0,0,0,0,0,0,0,0,1,0,0,0,0,0,0,Normal_67
0,5,0,2,2,2,0,1,0,1,0,1,0,0,1,1,0,1,0,0,0,0,1,0,1,1,1,0,2,0,0,0,0,0,1,1,0,1,1,1,0,0,0,0,2,1,2,2,1,1,1,0,0,0,0,0,0,0,0,2,2,0,0,Normal_68
5,5,1,1,1,1,1,1,1,1,0,1,0,0,0,0,0,1,1,0,0,0,1,0,0,0,0,0,0,0,0,0,0,0,0,0,0,0,0,0,0,0,0,0,0,0,1,0,0,0,0,0,1,0,0,0,1,0,0,3,4,0,1,Normal_69
5,5,1,2,4,3,1,1,1,1,0,1,0,0,0,0,3,1,0,3,0,1,1,0,0,0,0,0,2,2,3,1,0,0,2,2,3,2,2,2,0,0,0,0,1,0,0,0,0,0,0,0,0,0,0,0,2,1,0,0,0,0,1,Normal_7
0,5,0,2,3,3,2,3,0,3,5,3,0,0,0,0,0,3,0,3,0,1,3,2,2,2,2,0,1,1,3,0,0,0,1,1,1,1,1,0,1,2,2,0,0,0,0,0,0,0,0,0,0,0,0,0,1,0,0,0,0,0,0,Normal_70
0,5,0,0,0,2,1,1,0,1,0,1,0,0,0,0,0,1,0,0,0,0,1,0,1,1,1,0,2,0,2,0,0,0,1,1,1,1,1,1,0,1,1,0,0,1,2,2,1,1,1,0,0,0,0,0,1,1,0,2,3,0,0,Normal_71
0,5,0,0,0,1,1,1,0,1,0,1,0,0,0,0,0,1,0,1,0,1,1,0,0,0,0,0,1,2,4,0,0,0,0,0,2,0,0,0,0,0,0,0,0,0,0,0,0,0,0,0,0,0,0,0,4,2,0,0,0,0,0,Normal_72
0,5,0,2,4,2,0,1,0,1,1,1,0,0,0,0,0,1,0,2,0,0,1,1,1,1,1,0,1,2,2,0,0,0,2,2,3,2,2,1,1,1,1,0,1,0,0,0,0,0,0,0,0,0,0,0,3,3,0,0,0,0,0,Normal_73
6,6,1,3,3,3,2,3,2,5,2,9,4,3,0,0,1,4,0,3,2,2,4,3,2,2,2,2,2,1,2,0,1,1,1,1,3,1,1,1,0,2,2,0,2,2,3,4,1,1,2,0,2,2,2,0,2,2,0,0,1,1,1,Normal_74
5,5,1,2,2,3,1,2,2,2,0,2,0,0,0,0,1,2,0,0,0,2,2,0,0,0,0,0,2,0,1,1,0,0,2,2,2,2,2,1,1,0,0,0,1,0,3,2,2,2,0,0,2,0,0,0,1,1,0,1,2,0,1,Normal_75
5,5,1,1,2,2,1,2,2,2,2,2,0,0,1,1,2,2,0,2,0,0,2,2,1,2,2,2,1,2,3,1,0,0,1,1,0,0,1,0,1,1,1,0,0,0,0,0,0,0,0,1,0,0,0,0,3,4,0,0,0,0,2,Normal_76
5,5,1,1,1,1,0,1,1,1,0,1,0,0,1,1,0,1,1,0,0,0,1,0,0,0,0,0,0,0,0,0,0,0,0,0,0,0,0,0,0,0,0,0,0,0,1,0,0,0,0,0,1,0,0,0,1,1,0,2,4,0,1,Normal_77
6,5,0,2,3,2,1,1,1,4,1,5,1,2,1,1,2,1,0,2,0,0,1,1,1,1,1,1,2,3,2,0,0,0,1,1,2,1,1,1,0,1,1,0,1,0,0,0,0,0,0,1,0,0,0,0,3,1,0,0,0,0,0,Normal_78
5,6,0,1,1,1,1,2,1,4,3,6,2,2,1,1,0,1,0,0,0,1,1,0,0,0,0,0,1,1,0,0,0,1,0,0,0,0,0,0,0,0,0,0,0,0,1,1,0,0,0,0,1,0,0,0,1,2,1,1,4,0,1,Normal_79
3,5,0,1,1,1,0,0,0,0,0,0,0,0,0,0,0,0,0,0,0,0,0,0,0,0,0,0,0,0,3,0,0,0,1,1,0,1,1,1,0,0,0,0,0,0,1,0,1,1,0,0,0,0,0,0,3,2,0,0,1,0,1,Normal_8
0,5,0,2,2,3,2,3,0,3,0,3,0,0,2,2,0,3,2,0,0,1,3,0,0,0,0,0,1,0,1,0,0,0,1,1,1,1,1,0,1,0,0,0,0,0,3,1,1,1,0,0,0,0,0,0,1,1,0,1,2,0,0,Normal_80
0,5,0,3,3,3,1,2,0,2,0,2,0,0,2,2,0,2,1,0,0,1,2,0,0,0,0,0,2,0,0,0,0,0,2,2,0,2,2,1,1,0,0,0,2,0,3,2,2,2,0,0,0,0,0,0,1,1,0,1,2,0,0,Normal_81
5,5,1,2,4,3,1,1,1,1,0,1,0,0,0,0,3,1,0,3,0,1,1,0,0,0,0,0,2,2,3,1,0,0,2,2,3,2,2,2,0,0,0,0,1,0,0,0,0,0,0,0,0,0,0,0,2,1,0,0,0,0,1,Normal_82
6,5,1,2,2,2,2,5,2,3,2,4,1,0,1,1,2,3,1,3,1,0,3,3,1,2,2,2,1,1,3,0,0,3,0,0,2,0,0,0,0,2,2,1,1,0,0,0,0,0,0,0,0,0,0,0,1,1,0,0,0,0,1,Normal_83
5,5,1,3,3,3,3,3,3,3,1,3,0,0,2,2,1,3,1,1,0,2,3,0,0,0,0,0,2,2,1,0,0,0,0,0,0,0,0,0,0,0,0,0,2,0,2,2,0,0,0,0,2,0,0,0,2,1,0,0,0,1,0,Normal_84
0,5,0,2,2,2,0,1,0,0,0,1,0,0,0,0,0,1,1,0,0,0,1,0,0,0,0,0,0,0,0,0,0,0,1,1,1,1,1,1,0,0,0,0,0,0,2,0,1,1,0,0,0,0,0,0,0,0,0,2,3,0,0,Normal_85
0,5,0,2,3,2,1,1,0,1,1,1,0,0,1,1,0,1,0,2,0,0,1,1,1,1,1,0,0,1,2,0,0,0,1,1,1,1,1,1,0,1,1,0,0,0,0,0,0,0,0,0,0,0,0,0,3,2,0,0,0,0,0,Normal_86
0,5,0,4,7,5,2,4,0,4,3,4,0,0,1,1,0,4,2,5,0,1,4,1,1,1,1,0,3,4,1,0,0,0,3,3,4,3,3,1,2,1,1,0,3,0,0,0,0,0,0,0,0,0,0,0,0,0,0,0,0,0,0,Normal_87
5,5,0,3,2,3,0,4,2,3,1,4,1,1,0,0,1,2,1,0,0,0,2,0,1,1,1,1,3,0,1,0,0,2,3,3,2,3,3,1,2,1,1,0,3,1,3,4,3,3,1,0,2,1,0,0,0,0,0,2,2,0,0,Normal_88
5,5,0,0,0,1,0,1,1,1,0,1,0,0,0,0,0,1,1,0,0,0,1,0,0,0,0,0,1,1,1,1,0,0,0,0,0,0,0,0,0,0,0,0,0,0,1,1,0,0,0,0,1,0,0,0,1,1,0,1,3,1,0,Normal_89
5,5,1,2,2,2,1,6,2,12,3,17,5,4,3,3,0,6,2,8,4,1,6,8,1,3,3,3,1,3,0,0,2,4,0,0,3,0,0,0,0,3,3,0,1,3,2,1,0,0,3,0,2,0,4,0,2,3,1,0,1,2,0,Normal_9
5,5,1,2,2,2,2,2,2,2,0,2,0,0,0,0,0,2,1,0,0,1,2,0,0,0,0,0,1,1,0,0,0,0,0,0,2,0,0,0,0,0,0,0,1,0,2,1,0,0,0,0,2,0,0,0,2,2,0,1,2,1,1,Normal_90
5,5,0,0,0,0,0,0,0,0,0,0,0,0,0,0,0,0,0,0,0,0,0,0,0,0,0,0,0,0,5,0,0,0,0,0,0,0,0,0,0,0,0,0,0,0,0,0,0,0,0,0,0,0,0,0,1,0,0,0,0,0,0,Normal_91
5,5,1,2,2,2,0,2,1,2,0,2,0,0,1,1,1,1,0,0,0,0,1,0,0,1,1,1,1,4,1,0,0,1,1,1,1,1,1,1,0,1,1,0,0,1,2,1,1,1,1,1,1,0,0,0,3,4,1,0,0,1,0,Normal_92
0,5,0,2,3,2,1,1,0,1,1,1,0,0,1,1,0,1,0,2,0,0,1,1,1,1,1,0,0,1,2,0,0,0,1,1,1,1,1,1,0,1,1,0,0,0,0,0,0,0,0,0,0,0,0,0,3,2,0,0,0,0,0,Normal_93
5,6,0,1,1,1,1,2,1,4,3,6,2,2,1,1,0,1,0,0,0,1,1,0,0,0,0,0,1,1,0,0,0,1,0,0,0,0,0,0,0,0,0,0,0,0,1,1,0,0,0,0,1,0,0,0,1,2,1,1,4,0,1,Normal_94
2,5,0,4,5,5,3,5,2,5,2,5,0,0,1,1,0,5,2,3,0,2,6,1,0,1,1,0,3,1,1,1,0,0,1,1,2,1,1,0,1,1,1,0,1,0,2,2,0,0,0,0,2,0,0,0,0,0,0,0,0,0,0,Normal_95
4,5,1,3,4,3,2,3,2,3,2,3,0,0,0,0,2,3,3,2,0,0,3,0,0,0,0,0,1,1,2,0,0,0,1,1,2,1,1,0,1,0,0,0,1,0,1,0,0,0,0,0,0,0,0,0,1,1,0,0,0,0,1,Normal_96
5,5,1,2,3,2,1,1,1,1,0,1,0,0,1,1,2,6,3,13,5,3,6,11,0,0,0,0,1,1,3,0,6,0,1,1,1,1,1,1,0,0,0,5,1,0,0,0,0,0,0,0,0,0,0,0,3,1,0,0,0,0,1,Normal_97
0,5,0,3,3,3,1,2,0,2,0,2,0,0,2,2,0,2,1,0,0,1,2,0,0,0,0,0,2,0,0,0,0,0,2,2,0,2,2,1,1,0,0,0,2,0,3,2,2,2,0,0,0,0,0,0,1,1,0,1,2,0,0,Normal_98
5,5,1,1,1,3,1,4,3,3,0,3,0,0,0,0,1,3,1,1,0,0,3,1,2,1,2,2,2,1,3,2,0,0,0,0,2,0,0,0,0,1,1,0,0,1,2,1,0,0,1,0,2,0,0,0,1,0,0,0,2,0,0,Normal_99
