HR0,HR1,HR10,HR11,HR12,HR13,HR14,HR15,HR16,HR17,HR18,HR19,HR2,HR20,HR21,HR22,HR24,HR25,HR26,HR27,HR28,HR29,HR3,HR4,HR5,HR6,HR7,HR8,HR9,NormativeModel_fitness,label
4,4,0,0,9,0,4,0,0,4,0,9,4,9,14,9,9,0,0,0,0,14,9,9,4,0,9,0,9,0.31818181818181823,Anomalous_0
4,4,4,0,4,9,4,0,0,4,0,4,4,29,4,0,14,0,4,0,0,4,9,0,4,0,4,0,4,0.2702702702702703,Anomalous_1
9,0,9,4,4,9,4,4,0,4,14,4,4,4,9,4,9,0,14,0,4,9,4,0,4,0,4,4,4,0.19512195121951215,Anomalous_10
14,24,4,0,4,4,4,4,0,4,0,4,4,0,4,4,9,0,4,0,9,4,4,4,0,4,9,4,4,0.22499999999999998,Anomalous_100
9,0,0,4,9,4,9,4,0,4,4,0,0,0,4,4,0,0,4,0,4,0,9,0,4,0,4,9,4,0.42105263157894735,Anomalous_101
4,4,4,0,9,9,4,0,0,4,0,4,4,4,4,4,4,0,4,0,4,0,4,0,4,0,4,4,9,0.25806451612903225,Anomalous_102
0,0,4,0,4,4,4,4,4,4,4,9,9,4,0,4,4,0,0,0,4,0,4,14,0,0,4,4,9,0.3513513513513513,Anomalous_103
14,4,4,0,9,4,9,4,4,4,0,0,4,4,9,14,4,0,9,0,4,0,4,4,4,0,4,4,4,0.16666666666666663,Anomalous_104
4,9,4,4,9,4,14,0,0,4,0,4,4,4,4,4,4,0,14,0,4,0,4,0,4,0,4,4,4,0.22857142857142854,Anomalous_105
9,4,0,9,4,4,4,4,0,9,0,14,0,4,4,4,4,9,4,0,4,4,4,4,4,4,4,4,9,0.24390243902439024,Anomalous_106
9,4,0,9,4,4,4,4,0,9,0,14,0,4,4,4,4,9,4,0,4,4,4,4,4,4,4,4,9,0.24390243902439024,Anomalous_107
0,9,4,0,14,0,4,4,0,0,0,0,0,0,4,0,4,4,4,0,0,0,0,14,0,0,0,0,0,0.6590909090909092,Anomalous_108
0,9,0,0,9,4,4,4,0,0,0,14,9,4,9,4,4,0,4,4,4,0,14,4,4,4,4,4,4,0.2564102564102564,Anomalous_109
4,9,0,0,0,4,4,9,0,4,0,9,4,4,4,4,9,0,4,0,4,4,4,0,4,4,4,0,4,0.25,Anomalous_11
4,4,4,0,4,14,4,4,0,4,0,4,0,9,4,9,0,4,4,4,0,4,9,4,4,4,0,9,4,0.26315789473684215,Anomalous_110
9,4,4,9,4,0,4,4,9,0,0,4,0,0,4,9,0,0,4,0,0,4,4,0,4,0,9,0,4,0.37142857142857144,Anomalous_111
14,4,4,0,0,9,4,9,4,4,0,4,14,0,4,0,4,9,4,0,0,4,0,0,4,0,4,0,4,0.41860465116279066,Anomalous_112
4,4,0,0,4,9,4,9,0,4,0,4,4,4,4,4,0,4,4,4,4,4,4,9,0,0,4,0,4,0.2727272727272727,Anomalous_113
4,4,0,0,4,4,4,0,0,4,0,4,4,19,9,4,4,9,4,0,4,4,4,4,4,4,4,4,4,0.17647058823529416,Anomalous_114
14,4,14,0,14,4,4,4,0,0,9,9,0,4,14,0,4,4,4,4,4,4,4,4,4,0,4,4,0,0.28888888888888886,Anomalous_115
4,4,4,0,4,0,4,4,0,4,0,4,4,4,0,0,9,0,9,0,0,4,9,0,9,0,0,4,4,0.32258064516129037,Anomalous_116
4,4,4,0,4,0,4,4,0,4,0,4,4,4,0,0,9,0,9,0,0,4,9,0,9,0,0,4,4,0.32258064516129037,Anomalous_117
4,4,4,0,4,9,4,4,4,4,9,4,0,4,4,4,9,0,4,0,4,4,4,4,0,9,0,0,9,0.25,Anomalous_118
9,4,4,0,14,4,14,4,4,4,0,0,4,4,4,0,4,0,4,0,4,4,4,0,4,0,4,4,4,0.3157894736842105,Anomalous_119
9,4,4,0,14,4,14,4,4,4,0,0,4,4,4,0,4,0,4,0,4,4,4,0,4,0,4,4,4,0.3157894736842105,Anomalous_12
4,9,9,0,9,4,14,0,0,4,0,4,4,4,4,4,4,0,14,0,4,0,4,0,4,0,4,4,4,0.22857142857142854,Anomalous_120
9,4,4,0,4,0,4,0,14,4,0,4,4,9,4,0,9,0,4,0,9,4,9,0,0,0,9,0,4,0.2777777777777778,Anomalous_121
14,9,4,0,9,4,0,4,0,9,0,9,0,4,9,4,14,9,0,0,4,0,4,0,0,4,4,14,4,0.2790697674418605,Anomalous_122
4,9,0,0,9,4,4,0,0,4,0,4,4,4,9,4,4,9,4,4,4,4,4,0,0,0,4,4,4,0.24242424242424243,Anomalous_123
4,4,4,4,4,0,4,4,0,4,0,4,14,0,4,4,0,0,4,0,4,14,0,0,4,0,4,0,4,0.38888888888888884,Anomalous_124
19,4,0,4,0,9,9,9,0,9,0,4,19,9,14,9,9,0,4,0,9,9,0,0,4,0,9,0,0,0.21739130434782605,Anomalous_125
4,0,0,0,0,4,9,4,0,0,0,9,4,4,0,4,14,0,4,0,4,0,4,4,4,0,4,4,0,0.4444444444444444,Anomalous_126
4,14,0,0,9,9,4,0,0,4,0,4,4,0,9,9,9,0,0,0,0,4,0,0,9,0,0,9,4,0.368421052631579,Anomalous_127
4,4,4,0,4,4,14,4,9,0,0,9,0,4,0,4,4,0,0,0,4,14,4,0,9,0,4,14,4,0.2432432432432432,Anomalous_128
9,9,4,0,14,0,0,4,0,0,0,9,0,9,4,9,0,0,4,0,9,0,0,4,4,4,9,0,0,0.4418604651162791,Anomalous_129
4,4,0,9,9,4,4,0,0,4,0,0,4,4,9,4,4,4,4,0,4,4,4,0,4,0,4,4,4,0.2941176470588235,Anomalous_13
0,9,4,0,0,4,9,4,0,4,0,9,0,4,9,0,9,4,0,0,9,0,0,4,4,4,0,4,9,0.4418604651162791,Anomalous_130
0,9,4,4,0,4,0,0,9,0,0,9,0,4,4,4,4,0,4,0,4,0,4,4,4,0,4,4,0,0.4285714285714286,Anomalous_131
4,0,4,0,0,4,9,4,0,4,9,4,4,9,9,4,14,0,4,0,4,4,4,0,4,4,4,4,4,0.26315789473684215,Anomalous_132
4,4,4,4,9,9,4,4,4,4,0,0,4,0,4,9,9,0,4,0,0,4,9,9,0,4,9,9,4,0.23076923076923073,Anomalous_133
4,4,0,0,9,9,4,0,0,4,0,0,4,9,14,9,9,0,0,0,0,14,9,9,4,0,9,0,9,0.31818181818181823,Anomalous_134
4,4,4,0,0,4,4,4,0,4,0,4,4,0,0,4,0,0,9,0,0,4,4,0,0,9,4,4,4,0.40625,Anomalous_135
0,9,0,0,4,0,0,4,0,0,9,9,9,0,4,9,9,0,4,0,9,0,9,4,4,0,0,4,9,0.40476190476190477,Anomalous_136
9,9,0,0,0,0,0,0,0,0,0,9,0,9,4,0,0,0,4,9,9,0,0,0,4,0,0,9,9,0.5581395348837209,Anomalous_137
0,4,4,0,4,4,0,4,0,9,0,9,9,9,4,0,14,0,0,0,9,0,0,0,14,0,0,9,9,0.38095238095238093,Anomalous_138
4,4,4,0,4,0,4,4,0,4,0,4,4,4,4,4,0,9,4,0,4,4,9,0,0,0,0,4,4,0.32258064516129037,Anomalous_139
4,14,0,0,9,9,4,0,0,4,0,4,4,0,9,9,9,0,0,0,0,4,0,0,9,0,0,9,4,0.368421052631579,Anomalous_14
9,4,4,0,4,0,0,4,4,4,9,0,4,9,4,4,0,4,4,0,0,0,4,4,4,0,9,4,4,0.4,Anomalous_140
0,9,4,0,4,4,9,4,0,4,4,0,0,4,9,4,9,0,4,0,4,0,9,4,0,0,4,4,0,0.32352941176470584,Anomalous_141
4,4,4,0,4,4,4,4,0,0,0,0,4,4,9,4,4,0,0,0,4,9,4,0,0,0,4,9,9,0.33333333333333337,Anomalous_142
4,4,0,4,14,4,0,9,0,4,0,4,4,4,0,4,4,0,9,0,24,4,4,0,0,0,4,4,9,0.26315789473684215,Anomalous_143
4,14,4,0,4,4,14,9,0,4,0,0,9,4,4,4,4,0,0,4,24,4,4,4,4,0,4,4,4,0.17948717948717952,Anomalous_144
4,9,0,0,9,4,14,4,0,0,0,9,9,0,4,9,4,0,4,0,0,4,4,0,4,0,0,0,4,0.3783783783783784,Anomalous_145
4,4,4,0,4,9,4,4,0,4,0,4,4,4,9,4,4,0,4,0,4,0,9,4,4,0,4,0,4,0.19999999999999996,Anomalous_146
0,9,4,0,4,0,0,4,0,0,0,9,9,9,4,9,9,4,0,4,0,0,4,14,0,4,0,0,9,0.4444444444444444,Anomalous_147
4,9,0,0,0,4,4,0,4,0,0,4,0,4,0,4,4,0,0,0,4,9,4,0,4,4,4,4,14,0.41666666666666663,Anomalous_148
4,4,0,9,9,9,4,4,9,4,0,4,4,4,0,9,9,9,0,0,0,4,9,0,0,0,0,9,4,0.28205128205128205,Anomalous_149
9,0,14,0,4,9,4,4,0,4,14,4,4,4,9,4,9,0,14,0,4,9,4,0,4,0,4,4,4,0.19512195121951215,Anomalous_15
4,4,4,0,4,4,4,4,0,4,0,9,4,4,9,4,4,0,0,0,4,9,4,0,0,9,4,24,4,0.23684210526315785,Anomalous_150
4,4,4,0,4,4,4,4,0,4,0,4,4,9,0,0,9,0,0,0,4,4,9,0,4,4,9,9,4,0.2647058823529411,Anomalous_151
4,4,0,0,4,4,4,0,0,4,0,4,4,19,9,4,4,9,4,0,4,4,4,4,4,4,4,4,4,0.17647058823529416,Anomalous_152
4,14,0,0,9,4,0,4,0,14,0,4,4,9,9,4,4,4,0,4,4,4,0,4,4,4,0,4,9,0.275,Anomalous_153
19,4,4,0,4,0,4,4,0,4,0,4,14,4,0,4,9,0,4,0,4,4,4,0,4,4,0,9,4,0.3076923076923077,Anomalous_154
4,4,4,0,9,9,4,4,0,4,0,4,4,0,4,0,9,0,0,0,0,4,4,4,4,0,0,0,4,0.4117647058823529,Anomalous_155
4,4,4,0,4,4,0,4,4,4,0,4,4,4,4,24,9,0,4,0,9,4,4,0,4,0,4,4,4,0.125,Anomalous_156
4,4,0,0,4,0,4,4,0,4,4,9,4,4,14,4,4,0,4,0,14,4,4,4,4,0,4,4,4,0.2702702702702703,Anomalous_157
14,4,0,4,9,4,4,4,0,4,0,4,4,4,4,4,4,0,4,0,4,4,4,0,4,0,4,4,4,0.13793103448275867,Anomalous_158
0,4,4,0,4,4,9,4,0,0,0,9,0,0,9,4,4,0,4,0,4,0,4,0,0,0,0,4,0,0.5142857142857142,Anomalous_159
4,4,4,0,4,9,4,4,0,4,0,4,4,4,9,4,4,0,4,0,4,0,9,4,4,0,4,0,4,0.19999999999999996,Anomalous_16
0,0,4,0,14,4,0,4,9,0,0,0,0,4,9,4,14,0,0,0,4,0,4,0,9,0,4,4,0,0.46153846153846156,Anomalous_160
4,0,0,0,0,4,0,4,0,0,0,9,0,4,0,4,4,0,19,0,4,0,4,9,0,0,4,4,9,0.5238095238095238,Anomalous_161
4,4,4,0,4,0,9,4,0,0,0,9,4,0,9,0,4,0,4,0,0,4,0,14,0,0,0,0,4,0.5,Anomalous_162
0,9,4,0,0,4,9,4,0,4,0,9,0,4,9,0,9,4,0,0,9,0,0,4,4,4,0,4,9,0.4418604651162791,Anomalous_163
4,4,0,0,4,0,4,9,0,4,0,4,4,9,4,9,4,0,4,0,4,4,0,0,4,4,4,0,4,0.2666666666666667,Anomalous_164
9,0,9,4,4,9,4,4,0,4,14,4,4,4,9,4,9,0,14,0,4,9,4,0,4,0,4,4,4,0.19512195121951215,Anomalous_165
9,0,4,4,9,0,9,9,0,4,0,9,9,4,4,0,9,0,24,0,4,0,4,0,4,0,9,14,4,0.2666666666666667,Anomalous_166
4,9,9,0,0,0,4,0,0,4,0,4,4,0,4,0,9,0,0,4,9,4,9,0,4,0,9,0,4,0.37142857142857144,Anomalous_167
4,0,4,0,4,9,4,4,0,4,0,4,4,9,9,9,0,0,0,0,4,4,4,4,4,4,4,4,4,0.2857142857142857,Anomalous_168
4,4,4,0,4,4,4,4,0,4,0,9,4,4,9,4,4,0,0,0,4,9,4,0,0,9,4,24,4,0.23684210526315785,Anomalous_169
4,4,0,0,4,0,4,9,0,4,0,4,4,9,4,9,4,0,4,0,4,4,0,0,4,4,4,0,4,0.2666666666666667,Anomalous_17
14,4,4,0,0,9,4,9,4,4,0,4,14,0,4,0,4,9,4,0,0,4,0,0,4,0,4,0,4,0.41860465116279066,Anomalous_170
0,0,4,4,0,4,0,0,0,0,0,9,0,4,4,4,4,0,0,0,4,0,4,0,4,4,4,4,0,0.5833333333333333,Anomalous_171
4,9,9,0,0,0,4,0,0,4,0,4,4,0,4,0,9,0,0,4,9,4,9,0,4,0,9,0,4,0.37142857142857144,Anomalous_172
4,4,0,4,9,4,4,9,0,4,0,4,4,4,4,0,4,0,4,0,4,4,4,0,4,0,4,4,4,0.303030303030303,Anomalous_173
4,4,4,0,0,4,4,4,0,4,0,4,4,0,0,4,0,0,9,0,0,4,4,0,0,9,4,4,4,0.40625,Anomalous_174
0,0,4,0,4,0,0,4,9,0,0,0,0,9,9,0,0,0,0,0,4,0,0,0,9,0,0,0,0,0.7073170731707317,Anomalous_175
4,4,0,0,9,9,4,9,0,4,0,9,4,0,4,4,0,0,4,0,4,9,14,0,4,0,4,4,4,0.3157894736842105,Anomalous_176
4,4,4,4,9,9,4,4,9,4,0,4,4,4,0,9,9,9,0,0,0,4,9,0,0,0,0,9,4,0.28205128205128205,Anomalous_177
14,24,4,0,4,4,4,4,0,4,0,4,4,0,4,4,9,0,4,0,9,4,4,4,0,4,9,4,4,0.22499999999999998,Anomalous_178
4,4,0,0,4,9,4,9,0,4,0,4,4,4,4,4,0,4,4,4,4,4,4,9,0,0,4,0,4,0.2727272727272727,Anomalous_179
4,4,9,0,4,4,14,9,0,4,0,4,4,4,9,4,4,0,9,0,4,4,4,0,0,0,4,4,4,0.22857142857142854,Anomalous_18
9,0,14,0,4,9,4,4,0,4,14,4,4,4,9,4,9,0,14,0,4,9,4,0,4,0,4,4,4,0.19512195121951215,Anomalous_180
0,9,4,0,14,0,4,4,0,0,0,0,0,0,4,0,4,4,4,0,0,0,0,14,0,0,0,0,0,0.6590909090909092,Anomalous_181
0,0,4,0,4,0,0,4,0,0,0,0,0,0,4,0,4,0,4,0,0,0,0,0,4,0,0,0,0,0.825,Anomalous_182
4,4,0,4,4,9,0,4,0,4,4,14,9,4,4,4,14,0,0,0,0,0,0,4,4,0,9,9,9,0.33333333333333337,Anomalous_183
4,4,0,0,4,4,4,0,0,4,0,4,4,19,9,4,4,9,4,0,4,4,4,4,4,4,4,4,4,0.17647058823529416,Anomalous_184
4,4,4,0,0,4,4,0,9,4,9,4,24,0,4,4,4,0,4,0,4,4,0,0,0,0,4,4,4,0.32432432432432434,Anomalous_185
4,4,4,0,0,4,4,9,0,0,0,4,4,4,4,0,4,0,4,0,4,4,4,0,9,0,9,4,9,0.25806451612903225,Anomalous_186
4,0,0,0,0,4,0,0,0,0,0,0,4,4,4,9,9,0,4,0,14,4,0,0,4,0,4,0,0,0.6097560975609756,Anomalous_187
4,9,0,0,9,4,0,9,0,4,0,9,0,4,9,4,4,4,0,0,4,0,4,0,4,4,4,4,4,0.3846153846153846,Anomalous_188
0,0,4,0,4,4,4,4,4,4,4,9,9,4,0,4,4,0,0,0,4,0,4,14,0,0,4,4,9,0.3513513513513513,Anomalous_189
4,4,4,0,4,4,0,4,0,4,0,0,9,9,0,4,4,0,9,0,4,0,4,0,0,0,4,4,4,0.4117647058823529,Anomalous_19
4,4,4,0,9,4,0,4,0,0,0,14,4,14,9,4,4,4,4,4,4,4,4,0,4,0,4,4,4,0.26315789473684215,Anomalous_190
4,4,0,9,0,4,0,0,0,4,0,0,4,4,0,4,4,4,4,4,4,4,19,0,0,0,4,4,4,0.4054054054054054,Anomalous_191
0,0,4,0,4,0,0,4,0,0,0,0,0,0,4,0,4,0,4,0,0,0,0,0,4,0,0,0,0,0.825,Anomalous_192
4,4,0,0,4,0,4,4,0,4,4,9,4,4,14,4,4,0,4,0,14,4,4,4,4,0,4,4,4,0.2702702702702703,Anomalous_193
9,0,0,4,9,4,9,4,0,4,4,0,0,0,4,4,0,0,4,0,4,0,9,0,4,0,4,9,4,0.42105263157894735,Anomalous_194
0,9,0,0,9,4,9,9,0,4,0,0,4,4,4,0,0,0,4,0,4,4,0,0,4,0,4,4,9,0.4,Anomalous_195
4,4,9,0,0,0,4,0,0,4,0,4,4,4,0,9,9,0,0,9,0,4,4,4,4,4,0,4,4,0.37142857142857144,Anomalous_196
4,4,0,9,9,4,4,4,0,4,0,4,4,9,4,0,9,0,9,0,4,4,0,0,9,0,9,4,4,0.22857142857142854,Anomalous_197
4,0,0,0,0,4,0,0,0,0,0,0,4,4,4,9,9,0,4,0,14,4,0,0,4,0,4,0,0,0.6097560975609756,Anomalous_198
4,4,4,0,4,9,4,4,0,4,0,4,4,4,9,4,4,0,4,0,4,0,0,4,4,0,4,9,4,0.19999999999999996,Anomalous_199
0,0,4,0,14,4,0,4,9,0,0,0,0,4,9,4,14,0,0,0,4,0,4,0,9,0,4,4,0,0.46153846153846156,Anomalous_2
4,4,0,0,9,4,4,9,0,4,0,9,4,4,14,4,9,0,4,0,4,9,4,0,4,0,4,0,4,0.18181818181818177,Anomalous_20
4,4,4,0,14,0,4,4,14,4,4,4,4,0,0,9,0,0,0,0,0,19,9,0,4,0,9,0,0,0.40909090909090906,Anomalous_21
0,9,0,0,4,0,0,4,0,0,9,9,9,0,4,9,9,0,4,0,9,0,9,4,4,0,0,4,9,0.40476190476190477,Anomalous_22
9,14,4,4,4,9,9,0,0,4,0,0,9,4,4,4,4,0,4,0,4,4,9,0,4,0,4,4,0,0.3076923076923077,Anomalous_23
9,4,4,0,4,4,4,4,0,9,0,4,4,4,4,4,0,0,4,0,4,4,9,0,4,0,4,4,4,0.19999999999999996,Anomalous_24
0,9,4,4,0,4,0,0,9,0,0,9,0,4,4,4,4,0,4,0,4,0,4,4,4,0,4,4,0,0.4285714285714286,Anomalous_25
14,4,4,0,4,4,9,4,0,0,0,9,0,4,4,4,4,4,0,4,4,0,4,4,0,4,4,4,0,0.2941176470588235,Anomalous_26
4,9,4,0,9,0,0,4,4,4,0,9,4,0,14,9,0,0,9,0,4,0,9,0,4,0,0,0,9,0.3589743589743589,Anomalous_27
4,0,4,4,9,4,4,0,0,4,0,4,4,4,4,4,4,0,4,0,9,0,4,0,4,0,4,4,9,0.303030303030303,Anomalous_28
0,0,4,0,14,4,0,4,9,0,0,0,0,4,9,4,14,0,0,0,4,0,4,0,9,0,4,4,0,0.46153846153846156,Anomalous_29
4,4,0,0,9,0,4,0,0,4,0,9,4,9,14,9,9,0,0,0,0,14,9,9,4,0,9,0,9,0.31818181818181823,Anomalous_3
14,9,4,0,9,4,0,4,0,9,0,9,0,4,9,4,14,9,0,0,4,0,4,0,0,4,4,14,4,0.2790697674418605,Anomalous_30
4,9,4,4,0,0,4,0,0,4,0,4,4,0,4,0,9,0,0,4,9,4,9,0,4,0,9,0,4,0.37142857142857144,Anomalous_31
4,9,4,0,9,0,0,4,4,4,0,9,4,0,14,9,0,0,9,0,4,0,9,0,4,0,0,0,9,0.3589743589743589,Anomalous_32
4,4,4,0,4,4,4,4,0,4,0,4,4,9,0,0,9,0,0,0,4,4,9,0,4,4,9,9,4,0.2647058823529411,Anomalous_33
4,14,0,0,0,9,4,4,0,14,0,4,4,0,9,0,9,0,0,0,0,4,0,0,0,9,9,0,4,0.42500000000000004,Anomalous_34
0,0,4,0,14,9,0,4,4,4,4,0,0,0,0,9,9,9,0,0,0,0,4,0,9,0,0,9,0,0.5434782608695652,Anomalous_35
4,4,4,0,4,9,4,4,0,4,0,4,4,0,9,0,0,0,9,0,0,4,0,0,0,9,4,0,4,0.4285714285714286,Anomalous_36
4,0,4,0,4,0,0,4,0,9,0,0,9,0,9,0,0,0,0,0,9,0,0,0,4,4,0,0,9,0.6,Anomalous_37
19,4,4,0,4,9,4,4,0,4,0,4,14,4,0,4,9,0,4,0,4,4,4,0,4,4,0,0,4,0.3076923076923077,Anomalous_38
4,14,0,0,0,0,4,9,0,4,0,4,4,0,9,0,0,0,0,0,0,4,0,4,4,4,9,0,4,0.5365853658536586,Anomalous_39
4,4,4,0,4,4,0,0,0,4,0,4,4,4,4,4,0,0,0,9,4,4,4,0,0,0,4,4,4,0.3666666666666667,Anomalous_4
0,9,0,0,9,4,4,4,0,0,0,14,9,4,9,4,4,0,4,4,4,0,14,4,4,4,4,4,4,0.2564102564102564,Anomalous_40
9,4,4,0,14,4,9,4,0,0,0,9,4,4,9,4,4,0,9,0,14,4,19,0,0,0,14,4,0,0.25,Anomalous_41
4,0,4,0,4,0,0,4,0,9,0,0,9,0,9,0,0,0,0,0,9,0,0,0,4,4,0,0,9,0.6,Anomalous_42
4,4,0,9,4,24,4,0,0,4,0,4,4,4,9,4,4,0,0,0,4,4,4,0,0,0,4,4,4,0.32432432432432434,Anomalous_43
4,14,4,0,0,4,9,0,0,4,0,0,4,4,4,4,4,0,4,0,0,9,9,0,4,0,9,4,4,0.2941176470588235,Anomalous_44
4,4,4,0,9,4,0,4,0,0,0,14,4,14,9,4,4,4,4,4,4,4,4,0,4,0,4,4,4,0.26315789473684215,Anomalous_45
4,4,0,9,0,0,4,4,0,4,0,4,4,9,4,4,9,0,4,0,0,9,9,0,0,0,9,9,4,0.2857142857142857,Anomalous_46
9,0,4,0,4,4,9,4,0,4,0,9,4,4,4,9,14,0,4,0,0,0,4,0,4,0,4,4,4,0.2857142857142857,Anomalous_47
0,9,4,0,4,4,9,4,0,4,0,4,4,4,0,4,4,0,0,0,4,9,0,0,0,0,4,0,4,0.4571428571428572,Anomalous_48
4,0,0,0,0,4,0,4,0,0,0,0,0,4,9,4,4,0,19,0,4,0,4,9,0,0,4,4,9,0.5238095238095238,Anomalous_49
4,14,0,0,9,4,0,4,0,14,0,4,4,9,9,4,4,4,0,4,4,4,0,4,4,4,0,4,9,0.275,Anomalous_5
4,9,4,0,4,4,4,0,0,4,0,4,9,9,9,4,4,4,0,0,9,4,4,0,0,4,4,0,4,0.24242424242424243,Anomalous_50
0,4,4,0,4,4,9,9,0,4,0,4,4,0,4,9,0,0,4,0,4,4,0,0,4,0,4,9,4,0.3529411764705882,Anomalous_51
4,4,0,0,9,4,4,4,0,4,0,4,4,4,0,4,4,0,0,0,4,4,4,0,0,0,4,4,4,0.4571428571428572,Anomalous_52
9,0,4,0,4,0,0,4,0,0,0,4,0,0,4,9,0,0,4,0,0,0,0,0,4,0,0,0,4,0.6666666666666667,Anomalous_53
4,4,0,4,4,4,4,9,0,24,0,4,4,9,4,4,0,4,0,0,4,4,9,0,4,0,9,0,4,0.28205128205128205,Anomalous_54
4,4,4,0,4,9,4,4,0,4,0,4,4,0,9,0,0,0,9,0,0,4,0,0,0,9,4,0,4,0.4285714285714286,Anomalous_55
4,9,0,0,0,4,4,0,4,0,0,4,0,4,0,4,4,0,0,0,4,9,4,0,4,4,4,4,14,0.41666666666666663,Anomalous_56
4,14,0,0,9,9,4,9,9,4,0,4,4,0,0,9,0,4,4,4,0,4,0,0,9,0,0,9,4,0.37209302325581395,Anomalous_57
9,0,4,4,9,4,14,9,0,4,0,4,19,4,0,4,4,4,4,0,4,0,4,9,0,0,4,4,4,0.23076923076923073,Anomalous_58
4,14,9,0,0,4,4,0,0,4,0,4,4,4,4,9,4,4,4,4,0,4,0,4,4,4,4,0,4,0.32432432432432434,Anomalous_59
4,4,0,0,0,0,4,9,0,14,0,4,4,0,0,0,0,0,0,9,0,4,14,0,0,0,9,9,4,0.5,Anomalous_6
4,4,4,0,4,0,4,4,0,4,0,4,4,0,14,0,0,0,4,0,9,4,9,0,4,0,0,0,4,0.375,Anomalous_60
4,4,0,0,4,0,4,4,0,4,4,9,4,4,14,4,4,0,4,0,14,4,4,4,4,0,4,4,4,0.2702702702702703,Anomalous_61
4,4,4,0,9,9,4,4,9,4,0,4,4,0,0,4,4,4,4,4,0,4,4,0,0,9,0,9,4,0.29729729729729726,Anomalous_62
9,0,0,0,0,4,4,9,0,0,0,4,14,4,14,4,4,0,0,4,4,0,4,0,0,4,4,4,4,0.34285714285714286,Anomalous_63
4,9,0,0,0,4,4,0,4,0,0,4,0,4,0,4,4,0,0,0,4,9,4,0,4,4,4,4,14,0.41666666666666663,Anomalous_64
4,4,4,0,4,0,4,4,14,4,4,4,4,0,0,9,0,0,0,0,0,19,9,0,4,0,9,0,9,0.40909090909090906,Anomalous_65
0,9,9,0,0,4,9,9,0,4,0,0,4,4,4,0,0,0,4,0,4,4,0,0,4,0,4,4,9,0.4,Anomalous_66
4,4,4,0,4,14,4,4,0,4,0,0,9,9,0,0,9,4,4,4,0,4,0,0,0,9,0,0,4,0.42500000000000004,Anomalous_67
14,4,0,4,9,4,4,4,0,4,0,4,4,4,4,4,4,0,4,0,4,4,4,0,4,0,4,4,4,0.13793103448275867,Anomalous_68
0,4,4,0,4,4,0,4,0,9,0,9,9,9,4,0,14,0,0,0,9,0,0,0,4,0,9,9,9,0.38095238095238093,Anomalous_69
4,14,0,0,9,9,4,0,0,4,0,4,4,9,0,9,9,0,0,0,0,4,0,0,9,0,0,9,4,0.368421052631579,Anomalous_7
4,4,0,0,9,9,4,0,0,4,0,0,4,9,14,9,9,0,0,0,0,14,9,9,4,0,9,0,9,0.31818181818181823,Anomalous_70
0,0,4,0,4,4,4,4,0,4,0,4,4,9,0,9,4,0,4,0,14,4,4,0,9,0,9,4,4,0.24242424242424243,Anomalous_71
4,0,9,0,4,4,4,0,0,0,0,9,0,0,4,9,9,0,4,0,9,0,9,0,4,0,9,0,0,0.46153846153846156,Anomalous_72
4,4,4,0,4,0,4,4,14,4,4,4,4,0,0,9,0,0,0,0,0,19,9,0,4,0,9,0,9,0.40909090909090906,Anomalous_73
4,4,0,9,9,4,4,0,0,4,0,0,4,4,9,4,4,4,4,0,4,4,4,0,4,0,4,4,4,0.2941176470588235,Anomalous_74
14,4,9,0,0,9,4,9,0,4,0,4,4,0,4,9,0,4,4,0,0,4,9,0,0,0,9,0,4,0.375,Anomalous_75
0,4,4,0,4,4,0,4,0,9,0,9,9,0,4,9,14,0,0,0,9,0,0,0,4,0,9,9,9,0.38095238095238093,Anomalous_76
14,4,4,0,9,4,9,4,4,4,0,0,4,4,9,14,4,0,9,0,4,0,4,4,4,0,4,4,4,0.16666666666666663,Anomalous_77
0,4,4,0,4,0,4,4,0,4,0,9,4,4,0,4,9,0,0,0,9,4,4,0,0,0,4,9,4,0.36363636363636365,Anomalous_78
0,9,4,4,0,4,0,0,9,0,0,9,0,4,4,4,4,0,4,0,4,0,4,4,4,0,4,4,0,0.4285714285714286,Anomalous_79
4,4,4,0,9,9,4,4,9,4,0,4,4,0,0,4,4,4,4,4,0,4,4,0,0,9,0,9,4,0.29729729729729726,Anomalous_8
0,9,0,0,9,4,9,9,0,4,0,0,4,4,4,0,0,0,4,0,4,4,0,0,4,0,4,4,9,0.4,Anomalous_80
4,4,4,0,4,9,4,14,0,0,0,4,4,4,0,9,4,0,9,0,0,4,14,4,4,4,9,0,4,0.33333333333333337,Anomalous_81
4,4,4,0,4,14,4,4,0,4,0,4,0,9,4,9,0,4,4,4,0,4,9,4,4,4,0,9,4,0.26315789473684215,Anomalous_82
4,4,0,0,0,0,4,0,0,4,0,4,4,4,4,4,4,0,4,0,4,14,4,0,4,4,4,4,4,0.43243243243243246,Anomalous_83
4,14,0,0,0,9,4,4,0,14,0,4,4,0,9,0,9,0,0,0,0,4,0,0,0,9,9,0,4,0.42500000000000004,Anomalous_84
4,4,4,0,4,9,4,4,0,4,0,9,9,4,4,0,9,9,4,0,0,14,14,4,4,0,4,4,9,0.19999999999999996,Anomalous_85
14,9,4,0,4,4,4,14,0,4,4,9,0,4,4,4,4,0,4,0,4,4,4,0,9,0,9,14,4,0.11111111111111116,Anomalous_86
19,4,4,0,4,9,4,4,0,4,0,4,14,4,0,4,9,0,4,0,4,4,4,0,4,4,0,0,4,0.3076923076923077,Anomalous_87
9,4,0,0,9,9,9,4,0,4,4,0,4,0,4,9,9,0,4,9,0,4,9,0,4,0,9,0,4,0.26315789473684215,Anomalous_88
9,0,9,0,0,0,0,9,0,0,0,9,0,0,4,0,9,0,4,9,0,0,0,0,4,0,9,0,9,0.5869565217391304,Anomalous_89
9,14,4,0,4,0,4,4,0,4,4,4,4,0,0,0,0,0,0,0,0,4,0,0,9,0,9,4,4,0.5348837209302326,Anomalous_9
0,9,4,0,4,9,0,4,0,0,0,9,0,0,4,0,0,0,4,0,0,0,0,0,4,0,9,0,9,0.6,Anomalous_90
9,4,9,0,0,9,4,9,0,4,0,4,9,4,4,0,0,0,4,0,0,0,0,0,4,0,0,0,4,0.4571428571428572,Anomalous_91
4,4,0,9,9,4,4,4,0,4,0,4,4,9,4,0,9,0,9,0,4,4,0,0,9,0,9,4,4,0.22857142857142854,Anomalous_92
0,9,0,0,0,14,9,0,14,0,0,9,0,14,4,0,0,0,4,0,0,4,9,0,4,0,9,0,4,0.4418604651162791,Anomalous_93
4,4,4,0,4,9,4,14,0,0,0,4,4,4,0,9,4,0,9,0,0,4,14,4,4,4,9,0,4,0.33333333333333337,Anomalous_94
4,9,0,0,9,4,0,9,0,4,0,9,0,4,9,4,4,4,0,0,4,0,4,0,4,4,4,4,4,0.3846153846153846,Anomalous_95
4,14,4,0,4,4,14,9,0,4,0,0,9,4,4,4,4,0,0,4,24,4,4,4,4,0,4,4,4,0.17948717948717952,Anomalous_96
9,9,0,0,9,4,0,0,0,0,0,9,0,4,0,4,14,0,4,0,4,0,4,0,9,0,4,4,9,0.41025641025641024,Anomalous_97
4,4,0,0,0,0,4,0,0,4,0,4,4,4,4,4,4,0,4,0,4,14,4,0,4,4,4,4,4,0.43243243243243246,Anomalous_98
4,0,0,4,4,4,14,4,0,0,9,0,9,4,9,4,4,0,0,0,4,0,4,9,0,0,4,4,4,0.368421052631579,Anomalous_99
9,4,0,0,9,4,0,0,0,9,0,9,0,0,19,9,0,9,0,0,0,9,9,0,4,0,4,0,9,0.39534883720930236,Normal_0
4,9,14,0,4,4,4,4,0,0,0,9,4,4,0,14,9,0,0,9,4,9,4,0,0,0,0,9,4,0.28205128205128205,Normal_1
9,0,0,0,14,14,14,0,0,4,0,9,9,14,4,0,14,0,0,0,4,0,4,0,0,0,0,14,14,0.3921568627450981,Normal_10
4,0,0,0,9,0,9,0,0,4,0,9,9,0,9,0,0,0,0,0,0,4,0,0,0,0,0,4,4,0.6590909090909092,Normal_100
4,4,4,0,4,0,4,14,0,0,0,0,0,0,0,0,0,4,4,4,0,9,0,0,4,0,9,9,4,0.5869565217391304,Normal_101
0,0,0,0,9,4,0,4,0,9,0,0,9,4,4,4,9,0,9,0,0,0,0,0,4,0,4,0,9,0.5957446808510638,Normal_102
4,0,4,0,14,0,0,4,4,0,0,4,4,0,0,0,0,0,0,0,0,0,0,0,0,0,9,0,9,0.7045454545454546,Normal_103
0,0,9,0,4,4,4,9,0,0,0,0,4,0,0,4,4,0,0,0,4,0,4,0,0,9,4,4,0,0.5897435897435898,Normal_104
0,0,9,0,0,9,0,0,4,4,0,9,0,4,9,4,9,0,0,0,0,14,9,0,0,0,9,9,0,0.5,Normal_105
4,0,0,0,4,0,0,4,0,0,4,0,0,0,14,0,0,4,0,0,0,0,0,0,0,0,0,0,0,0.8222222222222222,Normal_106
0,0,0,0,4,0,0,0,0,4,0,4,0,14,0,4,0,0,0,0,0,4,4,0,0,0,4,4,4,0.76,Normal_107
0,0,0,0,4,0,0,0,9,0,0,0,9,9,14,0,0,0,4,4,0,0,0,0,0,0,0,0,0,0.7333333333333334,Normal_108
9,0,0,0,4,0,0,14,9,0,0,0,9,0,4,0,0,4,0,0,0,0,0,0,0,0,0,0,4,0.7045454545454546,Normal_109
0,4,0,4,9,0,0,4,0,0,4,0,9,14,0,9,4,0,0,9,4,4,9,0,0,0,4,0,9,0.5,Normal_11
4,9,0,0,9,0,0,0,0,0,0,0,0,9,0,0,9,0,4,4,4,0,4,0,0,0,4,4,0,0.6428571428571428,Normal_110
0,0,4,0,14,0,0,4,0,0,9,9,0,9,4,4,0,0,0,14,4,0,0,0,4,0,4,4,0,0.5238095238095238,Normal_111
0,0,4,0,0,0,0,0,9,0,0,0,0,9,4,0,0,0,0,0,0,0,0,9,0,0,0,0,9,0.782608695652174,Normal_112
0,4,0,0,0,9,9,0,0,0,0,4,4,0,9,0,4,0,0,4,0,4,9,0,0,0,0,0,9,0.6,Normal_113
0,0,4,0,0,0,0,9,0,0,0,0,0,0,0,9,0,0,4,4,0,0,0,9,0,0,0,0,9,0.7608695652173914,Normal_114
4,9,0,0,9,4,0,0,0,4,0,0,0,4,0,4,0,0,0,0,4,9,9,0,0,9,4,4,0,0.5384615384615384,Normal_115
0,0,0,0,0,4,9,0,0,4,4,0,0,0,0,4,0,0,9,0,0,0,0,0,4,0,0,9,4,0.7142857142857143,Normal_116
0,0,4,4,0,9,0,0,4,4,0,9,0,4,9,4,9,0,0,0,0,14,9,0,0,0,9,9,0,0.5,Normal_117
0,9,0,0,0,4,0,0,0,9,0,4,0,4,0,0,4,9,0,0,0,4,0,0,0,0,0,4,9,0.6956521739130435,Normal_118
0,0,0,0,9,14,9,0,0,0,0,9,9,4,0,4,9,0,0,0,0,0,0,9,0,0,4,4,0,0.5777777777777777,Normal_119
4,0,4,0,14,0,0,4,4,0,0,4,4,0,0,0,0,0,0,0,0,0,0,0,0,0,9,0,9,0.7045454545454546,Normal_12
0,0,4,4,0,9,0,0,4,4,0,9,0,4,9,4,9,0,0,0,0,14,9,0,0,0,9,9,0,0.5,Normal_120
4,4,0,9,4,0,4,4,0,4,0,9,4,0,4,0,0,0,14,0,0,9,0,0,4,0,0,0,4,0.5777777777777777,Normal_121
9,4,0,9,0,9,4,0,0,4,0,0,0,0,4,4,0,0,9,0,14,9,0,0,4,0,9,9,0,0.4390243902439024,Normal_122
4,0,0,0,4,0,0,4,0,0,0,0,4,0,4,0,0,0,4,0,0,0,0,0,0,0,0,0,4,0.8157894736842105,Normal_123
0,0,0,0,0,0,0,0,0,4,4,0,0,0,4,0,0,0,0,4,0,0,0,0,4,0,9,0,4,0.813953488372093,Normal_124
9,0,0,0,4,0,0,14,9,0,0,0,9,0,4,0,0,4,0,0,0,0,0,0,0,0,0,0,4,0.7045454545454546,Normal_125
4,9,0,0,0,0,9,9,0,0,0,4,4,4,0,4,0,9,0,0,0,9,9,0,0,0,4,4,0,0.5476190476190477,Normal_126
4,0,9,0,9,9,4,0,4,0,0,9,0,0,0,0,0,0,0,9,0,0,0,4,0,4,0,0,0,0.6875,Normal_127
0,0,4,0,4,9,0,0,0,0,0,9,0,4,9,4,0,0,0,0,9,0,9,0,0,0,9,0,0,0.6097560975609756,Normal_128
4,9,4,0,4,4,4,4,0,9,0,9,0,9,4,0,0,0,0,0,9,4,0,0,4,0,4,0,4,0.46153846153846156,Normal_129
0,0,4,4,9,4,0,0,0,0,0,9,0,4,4,0,9,4,0,4,0,0,0,0,4,4,4,4,0,0.6304347826086957,Normal_13
0,4,0,4,9,0,0,4,0,0,4,0,9,14,0,9,4,0,0,9,4,4,9,0,0,0,4,0,9,0.5,Normal_130
0,0,0,0,4,0,4,4,4,4,0,4,14,0,4,9,0,0,0,0,0,4,9,0,4,0,0,0,0,0.6363636363636364,Normal_131
0,4,0,4,9,0,0,4,0,0,4,0,9,14,0,9,4,0,0,9,4,4,9,0,0,0,4,0,9,0.5,Normal_132
0,0,0,0,0,9,0,4,0,0,0,0,0,0,0,9,0,0,4,0,0,0,4,4,0,4,0,0,0,0.7906976744186046,Normal_133
4,4,0,0,9,0,0,0,0,4,4,0,9,0,4,0,9,0,9,0,0,9,0,4,0,0,0,0,9,0.6603773584905661,Normal_134
0,0,0,4,0,0,4,14,0,9,0,0,9,0,9,9,0,0,0,0,0,14,0,0,4,0,0,0,0,0.6599999999999999,Normal_135
9,0,4,0,0,0,0,0,9,0,0,4,0,9,4,9,9,0,4,0,0,0,9,0,4,0,9,0,0,0.5681818181818181,Normal_136
9,0,4,0,0,0,9,4,9,4,0,4,0,9,9,0,0,0,9,0,0,4,0,4,4,0,0,4,4,0.5333333333333333,Normal_137
0,0,0,0,0,4,4,0,0,0,0,4,0,9,0,4,4,0,0,0,9,0,0,0,0,0,14,0,9,0.6888888888888889,Normal_138
0,4,0,4,9,0,0,4,0,0,4,0,9,14,0,9,4,0,0,9,4,4,9,0,0,0,4,0,9,0.5,Normal_139
0,0,0,0,9,4,0,0,0,0,9,0,0,4,0,4,4,4,4,4,0,0,4,9,0,0,0,9,0,0.6363636363636364,Normal_14
4,9,4,0,4,4,4,4,0,0,0,9,0,9,14,0,0,0,0,0,9,4,0,0,4,0,4,0,4,0.46153846153846156,Normal_140
9,0,9,0,0,4,0,0,0,0,0,9,9,14,14,0,0,0,0,0,0,4,0,0,0,4,0,0,9,0.5681818181818181,Normal_141
9,4,4,4,4,9,0,4,4,4,4,0,0,4,9,4,14,0,9,0,0,9,14,0,4,0,0,0,4,0.36363636363636365,Normal_142
0,0,4,4,0,14,9,0,0,0,0,9,9,4,0,4,9,0,0,0,0,0,0,9,0,0,4,4,0,0.5777777777777777,Normal_143
4,4,4,0,4,0,4,14,0,0,0,0,0,0,0,0,0,4,4,4,0,9,0,0,4,0,9,9,4,0.5869565217391304,Normal_144
0,0,4,0,4,0,4,0,4,4,4,0,0,9,9,4,0,0,0,0,4,0,0,4,0,0,4,9,9,0.5813953488372092,Normal_145
0,0,0,0,0,9,0,4,0,0,0,0,0,0,0,9,0,0,4,0,0,0,4,4,0,4,0,0,0,0.7906976744186046,Normal_146
0,9,0,0,0,9,4,14,0,4,4,0,9,0,0,0,4,0,0,0,0,0,0,0,0,4,4,0,4,0.627906976744186,Normal_147
4,0,0,0,0,0,9,9,0,4,9,0,9,0,0,0,0,0,9,0,0,4,0,9,4,0,0,0,9,0.5909090909090908,Normal_148
4,0,0,0,4,0,0,4,0,0,0,0,4,0,4,0,0,0,4,0,0,0,0,0,0,0,0,0,4,0.8157894736842105,Normal_149
0,0,0,9,4,4,0,9,0,4,0,0,9,0,9,4,9,0,0,0,4,4,9,0,0,0,9,4,0,0.46153846153846156,Normal_15
0,0,0,9,0,9,9,0,0,0,9,0,0,4,0,4,0,0,0,0,9,0,4,0,0,0,0,4,0,0.6818181818181819,Normal_150
9,0,0,0,0,4,0,9,4,4,9,0,0,19,0,14,4,0,4,4,0,0,9,4,4,4,14,0,9,0.43137254901960786,Normal_151
4,4,0,0,0,0,0,0,4,4,0,4,4,4,9,0,0,0,4,0,4,9,0,0,9,0,0,0,0,0.6511627906976745,Normal_152
4,0,4,0,0,0,0,0,4,0,4,4,0,0,4,0,9,0,9,0,0,9,0,9,0,0,0,0,14,0.6222222222222222,Normal_153
4,9,0,0,0,0,4,0,9,0,0,0,4,0,4,9,0,0,4,0,0,4,0,9,0,0,0,0,4,0.6341463414634146,Normal_154
0,0,0,0,4,4,0,0,0,0,0,0,0,4,0,4,4,0,9,0,0,0,4,0,0,0,4,4,0,0.7727272727272727,Normal_155
4,0,4,4,9,4,0,0,0,0,0,4,0,0,0,4,4,0,0,0,4,0,4,0,0,0,0,9,4,0.65,Normal_156
0,0,9,0,0,0,9,0,0,0,0,4,0,0,9,9,0,4,0,0,0,14,0,0,0,4,9,4,0,0.6222222222222222,Normal_157
0,9,4,0,0,4,4,0,0,0,9,4,0,14,0,9,0,0,0,0,9,0,9,9,0,0,0,9,9,0.4651162790697675,Normal_158
4,9,0,0,0,0,0,9,14,4,4,4,4,0,0,9,9,0,0,0,0,14,4,0,0,9,9,0,0,0.4782608695652174,Normal_159
4,0,9,0,9,9,4,0,4,0,0,9,0,0,0,0,0,0,0,9,0,0,0,4,0,4,0,0,0,0.6875,Normal_16
4,4,0,4,4,4,4,0,0,4,0,4,4,0,0,4,0,0,0,0,0,4,0,0,0,0,0,0,4,0.7073170731707317,Normal_160
9,4,0,0,9,0,4,4,0,0,0,9,4,0,0,9,4,0,4,0,4,4,4,0,4,0,9,0,4,0.36363636363636365,Normal_161
9,4,4,0,0,0,0,4,0,0,0,0,0,4,9,0,9,4,0,4,0,4,4,0,0,0,0,0,0,0.6818181818181819,Normal_162
0,0,0,0,9,9,0,0,4,4,0,9,0,4,9,4,9,0,0,0,0,14,9,0,0,0,9,9,0,0.5,Normal_163
4,9,0,0,0,0,14,0,0,9,0,4,9,9,0,0,0,0,4,0,0,4,0,0,4,0,9,9,4,0.5116279069767442,Normal_164
0,0,4,0,0,0,0,9,0,0,0,0,0,0,0,0,9,0,4,4,0,0,0,9,0,0,0,0,9,0.7608695652173914,Normal_165
4,4,4,4,0,0,0,9,0,0,4,0,9,0,0,0,0,0,4,4,0,9,0,4,0,0,0,0,0,0.6666666666666667,Normal_166
4,9,0,0,9,9,0,0,9,0,4,4,0,0,0,0,4,4,4,4,0,4,14,0,0,0,9,0,4,0.5,Normal_167
9,0,14,0,0,9,0,0,4,0,0,9,0,4,9,4,4,0,0,0,14,0,0,0,0,0,4,4,9,0.47619047619047616,Normal_168
4,0,4,0,4,0,0,9,0,0,0,0,0,0,4,0,0,0,4,0,0,9,0,0,0,0,0,0,0,0.7954545454545454,Normal_169
0,0,9,0,0,4,0,4,0,0,0,0,0,0,4,0,0,0,4,0,9,0,4,0,0,4,0,9,0,0.7073170731707317,Normal_17
0,4,0,0,0,0,0,0,0,9,0,0,0,4,0,4,9,0,0,0,4,0,4,0,0,0,4,4,9,0.6666666666666667,Normal_170
4,9,0,0,0,9,0,0,14,4,4,4,4,0,0,9,9,0,0,0,0,14,4,0,0,9,9,0,0,0.4782608695652174,Normal_171
0,0,4,0,14,0,0,4,0,0,9,9,0,9,4,4,0,0,0,14,4,0,0,0,4,0,4,4,0,0.5238095238095238,Normal_172
0,4,0,0,0,4,0,0,0,0,4,0,4,4,0,0,0,4,0,0,0,4,4,0,4,0,0,14,0,0.7142857142857143,Normal_173
0,0,0,0,4,9,9,4,0,0,0,0,9,0,0,4,0,0,0,0,4,0,0,0,0,0,0,0,4,0.7317073170731707,Normal_174
0,0,0,0,0,0,0,0,0,9,0,0,0,0,4,9,0,0,0,9,0,0,9,0,9,0,0,0,0,0.75,Normal_175
4,4,4,0,4,0,4,14,0,0,0,0,0,0,0,0,0,4,4,4,0,9,0,0,4,0,9,9,4,0.5869565217391304,Normal_176
0,0,4,4,0,0,9,0,0,0,0,4,0,0,9,9,0,4,0,0,0,14,0,0,0,4,9,4,0,0.6222222222222222,Normal_177
0,0,0,0,4,4,0,0,0,0,0,0,0,4,0,4,4,0,9,0,0,0,4,0,0,0,4,4,0,0.7727272727272727,Normal_178
19,9,0,0,0,0,4,9,0,0,0,4,4,0,0,0,0,0,9,0,0,0,0,4,0,9,0,0,14,0.6122448979591837,Normal_179
9,9,4,4,0,4,4,4,0,14,0,4,4,0,9,9,0,0,0,4,0,4,4,4,4,0,0,0,4,0.4666666666666667,Normal_18
0,4,0,0,4,0,9,0,0,0,0,0,0,4,9,0,0,0,0,0,9,4,4,0,9,0,9,0,4,0.6190476190476191,Normal_180
0,4,0,0,0,9,9,0,0,0,0,4,4,0,9,0,4,0,0,4,0,4,9,0,0,0,0,0,9,0.6,Normal_181
9,0,9,0,0,0,4,4,0,4,4,9,0,4,9,0,0,9,0,0,9,0,9,0,4,0,0,9,4,0.5208333333333333,Normal_182
0,0,0,0,0,0,4,0,0,0,0,9,4,0,0,4,4,4,0,0,4,0,4,9,0,0,0,4,4,0.7173913043478262,Normal_183
9,0,14,0,0,0,4,4,4,0,4,0,4,0,0,0,0,0,0,0,0,14,0,4,4,4,0,0,0,0.6444444444444444,Normal_184
0,0,0,0,9,4,0,0,0,0,9,0,0,4,0,4,4,4,4,4,0,0,4,9,0,0,0,9,0,0.6363636363636364,Normal_185
0,9,4,0,0,0,0,4,0,4,4,0,4,9,4,0,0,4,0,0,0,0,0,0,0,0,0,0,4,0.7142857142857143,Normal_186
9,4,4,4,9,4,0,0,4,4,4,9,0,0,9,0,0,0,0,9,4,9,4,0,4,0,0,4,4,0.4418604651162791,Normal_187
9,0,0,0,0,14,0,0,4,4,9,0,0,19,0,14,4,0,4,4,0,0,9,4,4,4,14,0,9,0.43137254901960786,Normal_188
0,0,4,0,4,0,4,4,9,0,0,0,0,0,0,0,0,0,0,0,0,0,9,0,0,0,9,0,4,0.7441860465116279,Normal_189
4,0,0,4,0,9,4,0,9,0,0,0,0,4,4,4,0,4,4,14,0,0,4,4,4,4,0,0,4,0.5555555555555556,Normal_19
0,0,9,0,0,9,0,0,4,4,0,9,0,4,9,4,9,0,0,0,0,14,9,0,0,0,9,9,0,0.5,Normal_190
0,0,0,0,4,9,9,4,0,0,0,0,9,0,0,4,0,0,0,0,4,0,0,0,0,0,0,0,4,0.7317073170731707,Normal_191
0,0,0,0,0,0,0,0,0,9,0,0,0,0,4,9,0,0,0,9,0,0,9,0,9,0,0,0,0,0.75,Normal_192
4,9,0,0,9,0,0,0,0,0,0,0,0,9,0,0,9,0,4,4,4,0,4,0,0,0,4,4,0,0.6428571428571428,Normal_193
0,9,4,4,0,4,9,9,0,4,0,4,4,9,0,4,0,0,9,0,9,0,4,9,0,0,4,0,0,0.42500000000000004,Normal_194
0,0,9,0,14,0,0,0,9,0,0,0,9,4,4,4,9,0,0,4,0,0,4,0,0,0,9,0,0,0.6086956521739131,Normal_195
0,0,4,0,4,4,0,4,0,0,0,0,0,9,0,4,9,9,0,0,0,0,4,4,0,0,9,0,9,0.575,Normal_196
0,0,0,0,0,0,9,4,0,0,4,9,9,0,0,4,9,0,0,0,9,9,4,0,0,0,4,4,0,0.5909090909090908,Normal_197
0,4,4,4,4,0,9,0,0,0,0,0,0,4,0,9,0,0,0,0,9,4,4,0,9,0,0,0,4,0.6190476190476191,Normal_198
0,0,0,9,4,4,0,9,0,0,0,0,0,0,0,4,0,0,0,0,9,0,4,0,0,9,0,4,9,0.6511627906976745,Normal_199
4,4,0,0,0,0,0,0,4,4,0,4,4,4,9,0,0,0,4,0,4,9,0,0,9,0,0,0,0,0.6511627906976745,Normal_2
0,0,0,0,4,4,9,0,0,0,0,0,0,4,4,9,4,0,0,0,9,0,0,9,0,0,4,4,0,0.6590909090909092,Normal_20
0,0,0,0,0,0,0,0,0,4,4,0,0,0,4,0,0,0,0,4,0,0,0,0,4,0,9,0,4,0.813953488372093,Normal_21
9,0,0,0,0,4,0,9,4,4,9,0,0,19,0,14,4,0,4,4,0,0,9,4,4,4,14,0,9,0.43137254901960786,Normal_22
9,4,0,0,9,0,4,4,0,0,0,9,4,0,0,9,4,0,4,0,4,4,4,0,4,0,9,0,4,0.36363636363636365,Normal_23
9,0,14,0,0,9,0,0,4,0,0,9,0,4,9,4,4,0,0,0,14,0,0,0,0,0,4,4,9,0.47619047619047616,Normal_24
0,0,0,0,4,0,0,0,0,9,0,0,0,9,9,9,0,0,0,0,14,0,0,0,4,0,4,0,0,0.6818181818181819,Normal_25
0,9,0,9,0,14,9,0,0,0,0,9,9,9,4,0,0,0,0,4,9,0,0,4,4,9,4,9,0,0.4222222222222223,Normal_26
4,0,0,0,4,0,0,4,0,0,4,0,0,0,4,9,0,4,0,0,0,0,0,0,0,0,0,0,0,0.8222222222222222,Normal_27
4,4,0,4,4,4,4,0,0,4,0,4,4,0,0,4,0,0,0,0,0,4,0,0,0,0,0,0,4,0.7073170731707317,Normal_28
9,4,0,9,4,9,0,4,4,4,4,0,0,4,9,4,14,0,9,0,0,9,14,0,4,0,0,0,4,0.36363636363636365,Normal_29
4,9,0,0,9,0,0,0,0,0,0,0,0,9,0,0,9,0,4,4,4,0,4,0,0,0,4,4,0,0.6428571428571428,Normal_3
4,0,0,0,4,0,0,4,0,0,0,0,4,0,4,0,0,0,4,0,0,0,0,0,0,0,0,0,4,0.8157894736842105,Normal_30
0,0,0,0,0,4,4,0,0,4,0,0,4,4,4,4,4,0,0,0,4,0,0,0,9,0,4,0,4,0.6285714285714286,Normal_31
9,4,0,0,9,0,4,4,0,0,0,9,4,0,0,9,4,0,4,0,4,4,4,0,4,0,9,0,4,0.36363636363636365,Normal_32
4,9,0,0,0,4,9,0,0,0,4,14,14,9,4,0,4,4,4,0,4,0,0,0,0,14,0,4,4,0.41860465116279066,Normal_33
4,0,0,4,4,0,4,0,0,9,0,4,0,14,0,0,0,0,4,0,4,0,4,0,9,0,4,0,4,0.5853658536585367,Normal_34
0,0,0,0,4,4,9,0,0,0,0,0,0,4,4,9,4,0,0,0,9,0,0,9,0,0,4,4,0,0.6590909090909092,Normal_35
0,0,9,0,0,4,0,4,0,0,0,0,0,0,4,0,0,0,4,0,9,0,4,0,0,4,0,9,0,0.7073170731707317,Normal_36
0,9,4,4,0,4,9,9,0,4,0,4,4,9,0,4,0,0,9,0,9,0,4,9,0,0,4,0,0,0.42500000000000004,Normal_37
9,9,0,0,9,9,0,0,0,0,0,9,0,9,4,9,9,0,0,0,0,0,0,14,0,14,9,9,0,0.44897959183673475,Normal_38
4,4,4,4,9,4,0,14,0,4,0,0,9,9,9,0,4,0,4,0,4,0,4,0,0,0,0,0,0,0.4878048780487805,Normal_39
0,9,4,4,0,4,9,9,0,4,0,4,4,9,0,4,0,0,9,0,9,0,4,9,0,0,4,0,0,0.42500000000000004,Normal_4
0,0,4,0,4,0,0,4,0,0,0,0,0,4,0,0,0,0,4,0,4,0,4,0,0,4,0,0,0,0.8048780487804879,Normal_40
4,9,0,0,9,0,0,0,0,0,0,0,0,9,0,0,9,0,4,4,4,0,4,0,0,0,4,4,0,0.6428571428571428,Normal_41
4,0,4,4,0,4,0,9,0,0,0,4,0,0,0,4,4,0,0,0,4,0,4,0,0,0,0,9,4,0.65,Normal_42
9,4,0,0,0,0,4,9,9,0,4,4,0,4,4,9,0,0,0,0,0,9,0,0,4,4,9,0,14,0.5,Normal_43
4,0,0,0,0,9,0,0,0,4,4,4,0,0,0,9,0,0,0,0,0,0,0,0,4,0,0,0,4,0.7619047619047619,Normal_44
0,0,4,0,4,4,0,4,0,0,0,0,0,9,0,4,9,9,0,0,0,0,4,4,0,0,9,0,9,0.575,Normal_45
4,0,4,0,14,0,0,4,4,0,0,4,4,0,0,0,0,0,0,0,0,0,0,0,0,0,9,0,9,0.7045454545454546,Normal_46
4,9,4,0,9,9,0,0,9,0,0,9,0,0,0,4,4,0,0,0,0,4,0,0,0,0,4,9,0,0.5609756097560976,Normal_47
0,4,0,4,0,9,4,0,4,4,0,0,0,0,0,4,4,0,0,0,4,4,9,0,0,0,0,0,0,0.675,Normal_48
9,0,0,0,0,4,0,9,4,4,9,0,0,19,0,14,4,0,4,4,0,0,9,4,4,4,14,0,9,0.43137254901960786,Normal_49
0,9,0,0,0,9,4,0,0,4,0,4,4,4,4,0,4,9,0,0,4,4,4,4,4,4,4,0,4,0.4473684210526315,Normal_5
0,0,4,0,0,4,0,9,0,9,0,9,0,4,0,4,0,9,0,0,14,0,4,0,0,0,9,4,0,0.5681818181818181,Normal_50
0,9,0,0,0,4,0,0,0,9,0,4,0,4,0,0,4,9,0,0,0,4,0,0,0,0,0,4,9,0.6956521739130435,Normal_51
9,0,4,0,4,4,9,0,0,4,0,0,0,9,0,0,9,0,0,0,4,4,0,0,0,0,0,9,9,0.6086956521739131,Normal_52
0,0,0,0,4,0,0,4,0,0,0,0,0,0,4,0,0,0,0,0,0,0,0,0,0,0,0,0,0,0.9318181818181819,Normal_53
0,4,4,0,4,0,0,9,0,0,4,0,9,0,4,0,0,4,0,0,0,4,0,0,4,0,0,0,0,0.7142857142857143,Normal_54
9,9,4,0,9,0,0,0,4,4,4,0,0,9,9,9,0,4,0,0,0,4,0,0,0,0,9,24,4,0.4222222222222223,Normal_55
0,4,4,0,4,0,0,9,0,0,4,0,9,0,4,0,0,4,0,0,0,4,0,0,4,0,0,0,0,0.7142857142857143,Normal_56
9,0,4,4,0,0,4,4,0,4,4,9,0,4,9,0,0,9,0,0,9,0,9,0,4,0,0,9,4,0.5208333333333333,Normal_57
9,4,9,0,0,0,0,0,0,9,0,0,9,9,0,0,4,9,0,0,9,9,0,4,4,4,9,0,9,0.4565217391304348,Normal_58
4,0,0,0,4,0,0,4,0,0,4,0,0,0,4,9,0,4,0,0,0,0,0,0,0,0,0,0,0,0.8222222222222222,Normal_59
4,0,9,0,0,9,0,0,0,9,0,0,0,4,0,14,9,0,0,0,14,0,4,4,0,4,9,4,0,0.5319148936170213,Normal_6
0,0,14,0,4,9,4,4,0,0,14,0,9,4,0,0,9,0,9,0,4,4,9,0,4,0,0,4,4,0.375,Normal_60
4,9,0,0,9,0,0,0,0,0,0,0,0,9,0,0,9,0,4,4,4,0,4,0,0,0,4,4,0,0.6428571428571428,Normal_61
0,0,4,0,4,0,4,4,9,0,0,0,0,0,0,0,0,0,0,0,0,0,9,0,0,0,9,0,4,0.7441860465116279,Normal_62
0,0,0,0,9,4,0,0,0,0,9,0,0,4,0,4,4,4,4,4,0,0,4,9,0,0,0,9,0,0.6363636363636364,Normal_63
0,0,0,0,0,0,0,0,14,0,0,0,9,4,14,9,0,0,4,0,0,4,9,0,9,0,4,9,0,0.5555555555555556,Normal_64
4,0,4,0,4,0,0,9,0,0,0,0,0,0,4,0,0,0,4,0,0,9,0,0,0,0,0,0,0,0.7954545454545454,Normal_65
4,0,0,0,4,9,4,0,0,0,0,4,0,0,4,9,0,0,0,0,0,0,4,0,0,0,0,0,0,0.75,Normal_66
0,4,0,0,0,0,0,0,0,9,0,0,0,4,0,4,9,0,0,0,4,0,4,0,0,0,4,4,9,0.6666666666666667,Normal_67
0,4,0,0,0,4,0,0,0,0,4,0,4,4,0,0,0,4,0,0,0,4,4,0,4,0,0,14,0,0.7142857142857143,Normal_68
9,0,0,0,0,9,0,0,0,0,0,9,0,4,4,0,0,0,4,4,4,0,0,0,0,9,4,4,0,0.6511627906976745,Normal_69
0,0,4,0,0,0,4,9,0,0,4,0,0,0,0,0,9,0,0,4,0,4,0,0,0,0,0,0,4,0.7777777777777778,Normal_7
9,9,0,0,0,4,0,0,0,0,9,0,0,4,9,9,0,0,9,0,4,0,4,4,4,4,4,4,0,0.5,Normal_70
0,0,4,0,4,0,4,4,9,0,0,0,0,0,0,0,0,0,0,0,0,0,9,0,0,0,9,0,4,0.7441860465116279,Normal_71
0,0,4,0,9,0,0,4,0,0,0,4,9,0,0,9,9,0,0,0,0,9,9,0,0,0,0,9,0,0.5952380952380952,Normal_72
4,9,0,0,9,0,0,0,0,0,0,0,0,0,9,0,9,0,4,4,4,0,4,0,0,0,4,4,0,0.6428571428571428,Normal_73
0,0,4,0,4,4,0,4,0,0,0,0,0,0,9,4,9,9,0,0,0,0,4,4,0,0,9,0,9,0.575,Normal_74
0,4,0,0,9,9,0,0,0,4,0,9,14,4,4,0,0,9,0,0,0,0,0,0,0,9,0,0,9,0.5777777777777777,Normal_75
4,9,0,0,0,0,9,9,0,0,0,4,4,4,0,4,0,9,0,0,0,9,0,9,0,0,4,4,0,0.5476190476190477,Normal_76
9,0,4,4,4,0,9,0,0,0,0,0,0,4,4,0,9,0,0,0,4,0,4,0,4,0,0,4,0,0.5945945945945945,Normal_77
9,0,14,0,0,9,0,0,4,0,0,9,0,4,9,4,4,0,0,0,14,0,0,0,0,0,4,4,9,0.47619047619047616,Normal_78
9,0,0,0,9,0,0,0,9,0,0,0,0,0,4,0,0,0,4,0,0,0,0,0,9,0,0,0,0,0.7674418604651163,Normal_79
0,0,4,0,4,0,0,0,0,0,0,0,0,0,0,0,0,0,4,0,0,0,4,0,4,0,0,0,0,0.8717948717948718,Normal_8
0,0,0,0,4,9,0,4,0,9,0,0,9,0,0,4,0,0,0,0,4,0,0,0,0,0,0,0,4,0.7317073170731707,Normal_80
0,0,9,0,0,14,9,0,0,0,0,9,9,4,0,4,9,0,0,0,0,0,0,9,0,0,4,4,0,0.5777777777777777,Normal_81
4,9,4,0,9,9,9,0,0,0,9,0,0,0,0,4,4,0,0,0,0,4,0,0,0,0,4,9,0,0.5609756097560976,Normal_82
4,0,0,0,4,0,4,0,0,0,9,0,9,4,0,0,4,0,0,0,9,0,4,0,0,0,9,4,9,0.5526315789473684,Normal_83
0,9,0,0,14,9,4,0,0,0,0,0,4,0,19,9,0,0,9,0,0,0,9,0,0,0,9,0,4,0.5,Normal_84
4,14,0,0,9,4,9,0,0,0,4,0,4,4,9,9,9,0,0,0,9,0,4,0,0,0,4,4,4,0.4666666666666667,Normal_85
9,0,0,0,4,0,4,0,0,4,0,9,0,9,0,0,9,0,14,0,0,0,0,0,0,0,9,4,0,0.6046511627906976,Normal_86
0,0,0,0,4,0,0,0,9,0,0,0,9,9,14,0,0,0,4,4,0,0,0,0,0,0,0,0,0,0.7333333333333334,Normal_87
0,0,4,0,0,0,4,9,0,0,4,0,0,0,0,0,9,0,0,4,0,4,0,0,0,0,0,0,4,0.7777777777777778,Normal_88
0,0,4,0,0,4,9,9,0,0,0,0,4,4,9,4,9,4,4,4,0,4,0,9,0,0,4,9,0,0.4883720930232558,Normal_89
9,4,0,0,0,9,0,0,0,9,0,4,4,14,4,0,9,0,4,0,0,9,0,0,0,0,9,9,4,0.4772727272727273,Normal_9
4,4,4,0,4,0,4,14,0,0,0,0,0,0,0,0,0,4,4,4,0,9,0,0,4,0,9,9,4,0.5869565217391304,Normal_90
4,9,0,0,0,9,4,0,0,0,0,4,9,0,4,0,0,9,0,0,0,4,0,0,0,0,0,9,0,0.6428571428571428,Normal_91
0,0,0,0,9,4,0,0,0,0,9,0,0,4,0,4,4,4,4,4,0,0,4,9,0,0,0,9,0,0.6363636363636364,Normal_92
14,0,14,0,4,4,4,4,0,0,0,9,4,4,0,14,9,0,0,9,4,9,4,0,0,0,0,9,4,0.28205128205128205,Normal_93
0,0,0,0,4,4,4,4,0,0,0,4,4,4,9,4,9,0,0,0,9,4,4,0,9,0,0,0,0,0.5135135135135135,Normal_94
4,9,14,0,0,9,4,0,4,0,4,4,4,0,0,0,0,0,0,0,0,4,0,9,0,0,0,0,0,0.6363636363636364,Normal_95
0,0,4,0,4,4,9,4,0,0,0,0,0,9,0,0,4,0,0,0,4,0,0,0,0,0,4,4,0,0.6923076923076923,Normal_96
4,4,4,0,14,0,0,0,4,4,4,4,4,0,0,0,0,0,9,0,0,4,0,0,0,0,0,0,0,0.6956521739130435,Normal_97
9,4,0,9,4,9,0,4,4,4,4,0,0,4,9,4,4,0,9,0,9,9,14,0,4,0,0,0,4,0.36363636363636365,Normal_98
4,4,4,0,0,0,4,0,0,4,0,9,4,0,0,0,0,0,9,0,0,9,0,0,0,0,0,0,4,0.7045454545454546,Normal_99
