t11,t21,t35,t41,t51,t61,t71,t81,t91,t32,t26,t36,t62,t54,t66,t75,t82,t31,t44,t65,t76,t74,t64,t53,t43,t34,t24,t73,t63,t52,t42,t33,t23,t72,t25,t22,label
5,4,3,4,4,2,4,4,6,2,2,1,4,2,2,2,2,0,0,0,0,0,0,0,0,0,0,0,0,0,0,0,0,0,0,0,Anomalous_0
5,1,0,5,5,2,5,6,5,3,3,3,2,3,1,0,3,2,3,2,2,0,0,0,0,0,0,0,0,0,0,0,0,0,0,0,Anomalous_1
0,5,2,5,5,4,4,0,0,3,3,3,5,3,2,3,0,0,0,1,0,0,0,0,0,0,0,0,0,0,0,0,0,0,0,0,Anomalous_10
5,5,1,5,7,2,7,4,5,2,5,4,4,7,2,0,3,3,5,4,6,3,3,3,2,2,2,3,3,3,1,1,1,0,0,0,Anomalous_100
5,7,7,9,9,1,9,5,5,4,6,2,13,6,4,2,5,0,0,2,0,1,1,1,1,1,1,4,4,0,8,4,4,0,0,0,Anomalous_101
2,4,3,5,8,5,8,2,2,2,7,3,6,8,5,0,2,3,4,3,5,3,3,3,2,2,2,5,5,5,2,2,2,0,0,0,Anomalous_102
5,2,2,4,5,1,5,5,5,5,5,2,4,6,3,0,5,0,5,2,3,0,0,0,0,0,0,0,0,0,0,0,0,0,0,0,Anomalous_103
5,3,2,5,5,2,5,5,5,3,6,2,1,5,0,0,5,2,5,6,1,0,0,0,0,0,0,0,0,0,0,0,0,0,0,0,Anomalous_104
0,6,7,6,9,6,9,0,0,1,8,7,13,11,6,11,0,0,0,5,0,6,6,0,0,4,4,4,4,0,0,1,1,0,0,0,Anomalous_105
5,1,5,9,6,0,6,5,5,5,7,2,11,11,6,4,6,0,0,5,0,6,6,6,2,2,2,1,1,0,4,4,4,0,0,0,Anomalous_106
0,3,0,4,3,1,3,0,0,1,4,4,2,4,1,0,0,2,4,3,4,0,0,0,0,0,0,0,0,0,0,0,0,0,0,0,Anomalous_107
5,2,1,2,2,2,2,2,4,1,3,2,0,3,3,0,3,1,3,0,3,0,0,0,0,0,0,0,0,0,0,0,0,0,0,0,Anomalous_108
0,3,6,5,5,0,5,0,0,1,6,3,9,5,4,2,0,0,0,1,0,0,0,0,0,0,0,0,0,0,0,0,0,0,0,0,Anomalous_109
5,5,2,5,5,5,5,5,5,3,5,5,5,5,1,5,5,0,0,5,0,0,0,0,0,0,0,0,0,0,0,0,0,0,0,0,Anomalous_11
5,2,3,2,1,1,1,1,5,0,8,6,0,6,2,0,4,1,9,4,6,2,2,2,5,5,5,0,0,0,1,1,1,0,0,0,Anomalous_110
5,5,4,5,5,3,5,5,5,3,5,3,6,5,3,4,5,0,1,3,1,0,0,0,0,0,0,0,0,0,0,0,0,0,0,0,Anomalous_111
0,5,4,5,5,2,5,0,0,4,5,2,9,5,3,5,0,0,0,2,0,0,0,0,0,0,0,0,0,0,0,0,0,0,0,0,Anomalous_112
5,5,3,5,5,4,5,5,5,5,5,2,1,5,2,0,5,0,5,3,5,0,0,0,0,0,0,0,0,0,0,0,0,0,0,0,Anomalous_113
0,2,3,5,5,0,5,0,0,3,5,3,9,4,2,3,0,0,0,3,0,0,0,0,0,0,0,0,0,0,0,0,0,0,0,0,Anomalous_114
0,4,3,5,5,2,5,0,0,3,5,1,3,5,5,0,0,2,6,0,5,0,0,0,0,0,0,0,0,0,0,0,0,0,0,0,Anomalous_115
5,3,2,3,3,1,3,3,5,1,5,5,7,5,1,6,5,0,0,5,0,0,0,0,0,0,0,0,0,0,0,0,0,0,0,0,Anomalous_116
5,5,3,5,5,5,5,5,5,3,5,2,1,5,3,0,5,3,5,2,5,0,0,0,0,0,0,0,0,0,0,0,0,0,0,0,Anomalous_117
5,5,3,5,5,0,4,5,5,2,5,3,5,5,3,1,5,2,4,2,4,0,0,0,0,0,0,0,0,0,0,0,0,0,0,0,Anomalous_118
0,3,0,4,3,1,3,0,0,1,4,4,2,4,1,0,0,2,4,3,4,0,0,0,0,0,0,0,0,0,0,0,0,0,0,0,Anomalous_119
0,4,2,5,5,1,4,0,0,2,5,1,3,5,2,0,0,3,5,3,2,0,0,0,0,0,0,0,0,0,0,0,0,0,0,0,Anomalous_12
5,0,3,3,3,0,3,3,6,1,4,1,5,4,3,1,4,0,0,1,0,0,0,0,0,0,0,0,0,0,0,0,0,0,0,0,Anomalous_120
4,2,4,2,2,2,2,2,5,0,5,3,5,5,3,5,6,0,0,2,0,0,0,0,0,0,0,0,0,0,0,0,0,0,0,0,Anomalous_121
4,3,1,5,5,1,5,4,4,3,4,3,7,5,0,2,4,1,1,5,1,0,0,0,0,0,0,0,0,0,0,0,0,0,0,0,Anomalous_122
5,5,3,6,5,1,5,5,5,2,5,2,4,6,3,0,5,3,5,2,5,0,0,0,0,0,0,0,0,0,0,0,0,0,0,0,Anomalous_123
5,0,4,3,3,1,3,3,5,0,3,1,5,3,2,1,3,0,0,1,0,0,0,0,0,0,0,0,0,0,0,0,0,0,0,0,Anomalous_124
0,11,6,11,12,5,12,0,0,5,14,8,7,13,8,0,0,6,15,5,13,8,8,0,0,9,9,7,8,0,0,6,6,0,0,0,Anomalous_125
5,5,7,6,5,1,5,5,4,3,5,0,9,5,2,5,5,0,0,3,0,0,0,0,0,0,0,0,0,0,0,0,0,0,0,0,Anomalous_126
0,4,4,4,4,2,4,0,0,2,3,1,6,3,2,3,0,0,0,1,0,0,0,0,0,0,0,0,0,0,0,0,0,0,0,0,Anomalous_127
5,5,3,10,14,4,14,4,5,5,10,3,4,5,3,0,5,5,9,2,2,0,0,0,4,4,4,8,9,9,5,5,5,0,0,0,Anomalous_128
0,5,4,8,9,4,9,0,0,4,9,0,2,9,6,0,0,4,9,3,5,4,4,0,0,4,4,4,4,0,0,3,3,0,0,0,Anomalous_129
5,5,5,5,5,3,5,5,5,4,4,0,6,4,3,4,4,0,0,1,0,0,0,0,0,0,0,0,0,0,0,0,0,0,0,0,Anomalous_13
0,3,1,5,5,2,5,0,0,2,5,3,2,4,1,0,0,3,6,5,2,0,0,0,0,0,0,0,0,0,0,0,0,0,0,0,Anomalous_130
0,11,13,11,12,7,12,0,0,6,15,7,20,11,2,11,0,0,0,9,0,6,6,0,0,11,10,7,7,0,0,6,6,0,0,0,Anomalous_131
5,5,6,5,5,3,5,5,5,2,5,3,7,5,1,5,4,0,0,4,0,0,0,0,0,0,0,0,0,0,0,0,0,0,0,0,Anomalous_132
4,3,1,5,5,2,5,5,5,3,5,1,0,5,3,0,5,2,5,1,3,0,0,0,0,0,0,0,0,0,0,0,0,0,0,0,Anomalous_133
7,8,5,8,16,6,16,5,5,2,9,4,10,10,4,0,5,6,9,6,10,5,5,5,4,4,4,11,11,11,3,3,2,0,0,0,Anomalous_134
5,5,5,5,5,2,5,4,5,2,5,3,9,5,1,5,5,0,0,5,0,0,0,0,0,0,0,0,0,0,0,0,0,0,0,0,Anomalous_135
0,8,5,9,6,3,6,0,0,6,4,4,8,9,4,9,0,0,0,5,0,4,4,0,0,0,0,1,1,0,0,4,4,0,0,0,Anomalous_136
5,5,1,5,5,1,5,5,5,2,5,4,3,5,3,0,5,3,5,1,5,0,0,0,0,0,0,0,0,0,0,0,0,0,0,0,Anomalous_137
0,2,5,6,7,2,7,0,0,5,11,4,1,16,7,0,0,1,10,10,10,12,12,0,0,6,6,2,2,0,0,1,1,0,0,0,Anomalous_138
0,1,3,1,1,1,1,0,0,1,4,1,0,4,3,0,0,0,4,1,3,0,0,0,0,0,0,0,0,0,0,0,0,0,0,0,Anomalous_139
5,3,2,5,5,2,5,5,5,3,6,2,1,5,0,0,5,2,5,6,1,0,0,0,0,0,0,0,0,0,0,0,0,0,0,0,Anomalous_14
0,4,1,5,5,3,5,0,0,1,5,3,2,5,3,0,0,4,5,2,1,0,0,0,0,0,0,0,0,0,0,0,0,0,0,0,Anomalous_140
0,5,4,8,9,4,9,0,0,4,9,0,2,9,6,0,0,4,9,3,5,4,4,0,0,4,4,4,4,0,0,3,3,0,0,0,Anomalous_141
5,8,1,7,13,2,13,5,5,4,8,1,10,15,6,0,5,4,8,9,10,10,10,9,3,3,3,8,8,8,3,3,3,0,0,0,Anomalous_142
0,5,4,5,5,3,5,0,0,2,5,4,7,6,3,5,0,0,0,3,0,0,0,0,0,0,0,0,0,0,0,0,0,0,0,0,Anomalous_143
0,11,13,11,12,7,12,0,0,6,15,7,20,11,2,11,0,0,0,9,0,6,6,0,0,11,10,7,7,0,0,6,6,0,0,0,Anomalous_144
5,0,4,3,3,1,3,3,5,0,3,1,5,3,2,1,3,0,0,1,0,0,0,0,0,0,0,0,0,0,0,0,0,0,0,0,Anomalous_145
0,5,5,6,8,4,8,0,0,4,8,4,10,9,4,5,0,0,0,5,0,4,4,0,0,3,3,3,3,0,0,1,1,0,0,0,Anomalous_146
5,9,5,10,10,5,11,5,5,5,9,4,7,7,3,0,5,4,9,4,7,2,2,2,4,4,4,6,7,6,4,4,4,0,0,0,Anomalous_147
5,5,17,8,9,6,9,5,5,0,19,3,20,22,13,10,5,0,0,10,0,17,17,15,14,14,14,4,4,0,7,4,3,0,0,0,Anomalous_148
0,3,3,2,2,0,2,0,0,1,3,2,5,3,2,3,0,0,0,1,0,0,0,0,0,0,0,0,0,0,0,0,0,0,0,0,Anomalous_149
5,5,4,5,5,3,5,5,5,3,5,3,6,5,3,4,5,0,1,3,1,0,0,0,0,0,0,0,0,0,0,0,0,0,0,0,Anomalous_15
0,2,2,2,2,0,2,0,0,2,3,0,3,3,2,2,0,0,1,1,0,0,0,0,0,0,0,0,0,0,0,0,0,0,0,0,Anomalous_150
0,3,1,5,6,1,5,0,0,5,4,1,4,5,3,0,0,2,5,2,3,0,0,0,0,0,0,0,0,0,0,0,0,0,0,0,Anomalous_151
0,5,5,6,8,4,8,0,0,4,8,4,10,9,4,5,0,0,0,5,0,4,4,0,0,3,3,3,3,0,0,1,1,0,0,0,Anomalous_152
4,0,5,0,0,0,0,0,5,0,5,0,0,5,4,0,5,0,5,0,5,0,0,0,0,0,0,0,0,0,0,0,0,0,0,0,Anomalous_153
5,6,3,6,8,2,8,4,5,2,10,7,6,5,3,0,2,4,10,2,5,3,3,3,8,8,8,4,4,4,2,2,2,0,0,0,Anomalous_154
5,4,4,5,5,2,4,5,5,1,5,3,7,5,1,2,5,0,0,3,0,0,0,0,0,0,0,0,0,0,0,0,0,0,0,0,Anomalous_155
5,2,7,6,6,2,6,5,5,2,11,0,10,10,5,1,5,2,5,4,2,5,5,5,6,6,6,1,1,1,1,1,1,0,0,0,Anomalous_156
5,1,3,4,4,3,4,4,5,2,3,1,4,4,3,3,4,0,0,1,0,0,0,0,0,0,0,0,0,0,0,0,0,0,0,0,Anomalous_157
5,5,1,5,7,2,7,4,5,2,5,4,4,7,2,0,3,3,5,4,6,3,3,3,2,2,2,3,3,3,1,1,1,0,0,0,Anomalous_158
0,4,3,5,5,2,5,0,0,3,5,1,3,5,5,0,0,2,6,0,5,0,0,0,0,0,0,0,0,0,0,0,0,0,0,0,Anomalous_159
5,5,2,5,5,2,5,5,5,2,5,2,3,5,3,0,4,3,5,2,5,0,0,0,0,0,0,0,0,0,0,0,0,0,0,0,Anomalous_16
0,0,8,8,11,4,11,0,0,3,6,3,10,17,9,11,0,0,0,8,0,12,12,0,0,2,2,6,6,0,0,3,3,0,0,0,Anomalous_160
5,4,3,7,11,2,10,5,5,6,11,3,8,11,4,0,5,1,11,7,6,6,6,6,6,6,6,6,6,6,2,2,2,0,0,0,Anomalous_161
5,5,5,5,5,3,5,5,5,4,4,0,6,4,3,4,4,0,0,1,0,0,0,0,0,0,0,0,0,0,0,0,0,0,0,0,Anomalous_162
5,5,2,5,6,1,5,5,5,4,5,3,4,5,2,0,5,1,5,3,5,0,0,0,0,0,0,0,0,0,0,0,0,0,0,0,Anomalous_163
0,5,6,4,4,1,5,0,0,2,5,2,10,6,3,5,0,0,0,2,0,0,0,0,0,0,0,0,0,0,0,0,0,0,0,0,Anomalous_164
5,6,3,5,5,0,4,5,5,1,5,2,5,5,2,0,5,3,5,3,5,0,0,0,0,0,0,0,0,0,0,0,0,0,0,0,Anomalous_165
5,3,4,4,4,1,4,5,5,2,3,1,6,3,2,3,3,0,0,1,0,0,0,0,0,0,0,0,0,0,0,0,0,0,0,0,Anomalous_166
0,4,4,4,5,1,4,0,0,3,4,0,3,4,2,0,0,0,4,2,4,0,0,0,0,0,0,0,0,0,0,0,0,0,0,0,Anomalous_167
0,5,4,5,5,3,5,0,0,3,6,3,7,5,4,5,0,0,0,1,0,0,0,0,0,0,0,0,0,0,0,0,0,0,0,0,Anomalous_168
0,5,2,5,5,4,4,0,0,3,3,3,5,3,2,3,0,0,0,1,0,0,0,0,0,0,0,0,0,0,0,0,0,0,0,0,Anomalous_169
0,2,2,4,4,3,4,0,0,3,5,2,6,4,1,2,0,0,0,3,0,0,0,0,0,0,0,0,0,0,0,0,0,0,0,0,Anomalous_17
5,1,5,9,6,0,6,5,5,5,7,2,11,11,6,4,6,0,0,5,0,6,6,6,2,2,2,1,1,0,4,4,4,0,0,0,Anomalous_170
5,5,1,5,5,1,5,5,5,2,5,4,3,5,3,0,5,3,5,1,5,0,0,0,0,0,0,0,0,0,0,0,0,0,0,0,Anomalous_171
0,0,0,3,3,0,3,0,0,1,2,2,2,2,2,0,0,2,2,0,1,0,0,0,0,0,0,0,0,0,0,0,0,0,0,0,Anomalous_172
5,7,6,7,10,4,10,3,5,4,4,1,9,5,4,4,4,0,1,1,1,1,1,1,0,0,0,7,7,0,11,4,4,0,0,0,Anomalous_173
5,5,5,5,5,2,5,4,5,2,5,3,9,5,1,5,5,0,0,5,0,0,0,0,0,0,0,0,0,0,0,0,0,0,0,0,Anomalous_174
5,0,4,3,3,1,3,3,5,0,3,1,5,3,2,1,3,0,0,1,0,0,0,0,0,0,0,0,0,0,0,0,0,0,0,0,Anomalous_175
5,4,4,5,5,2,5,5,5,3,6,2,7,5,2,4,5,0,0,3,0,0,0,0,0,0,0,0,0,0,0,0,0,0,0,0,Anomalous_176
5,4,4,5,5,2,5,5,5,3,6,2,7,5,2,4,5,0,0,3,0,0,0,0,0,0,0,0,0,0,0,0,0,0,0,0,Anomalous_177
0,0,8,8,11,4,11,0,0,3,6,3,10,17,9,11,0,0,0,8,0,12,12,0,0,2,2,6,6,0,0,3,3,0,0,0,Anomalous_178
5,5,3,5,5,0,4,5,5,2,5,3,5,5,3,1,5,2,4,2,4,0,0,0,0,0,0,0,0,0,0,0,0,0,0,0,Anomalous_179
5,6,3,5,5,0,4,5,5,1,5,2,5,5,2,0,5,3,5,3,5,0,0,0,0,0,0,0,0,0,0,0,0,0,0,0,Anomalous_18
0,5,4,5,5,4,5,0,0,1,5,1,1,5,0,0,0,4,5,5,5,0,0,0,0,0,0,0,0,0,0,0,0,0,0,0,Anomalous_180
0,4,5,5,4,5,5,0,0,2,5,1,3,5,3,4,0,1,0,2,0,0,0,0,0,0,0,0,0,0,0,0,0,0,0,0,Anomalous_181
5,20,7,20,13,7,13,5,5,10,12,5,6,14,8,0,5,10,12,6,14,9,9,9,7,7,7,8,8,8,14,15,15,0,0,0,Anomalous_182
0,7,9,7,11,4,10,0,0,4,10,4,16,8,6,8,0,0,0,2,0,3,3,0,0,5,5,5,5,0,0,2,2,0,0,0,Anomalous_183
5,4,4,4,4,1,5,4,5,2,3,1,6,2,1,3,3,0,0,2,0,0,0,0,0,0,0,0,0,0,0,0,0,0,0,0,Anomalous_184
5,7,4,9,12,4,12,5,6,3,11,4,5,14,8,0,5,5,11,6,7,8,9,9,5,6,6,7,7,7,4,4,4,0,0,0,Anomalous_185
5,6,3,6,7,4,7,5,5,5,8,6,10,8,3,7,5,0,0,5,0,3,3,3,3,3,3,2,2,0,3,1,1,0,0,0,Anomalous_186
5,10,9,10,14,9,14,5,5,3,6,4,11,8,3,8,5,0,0,5,0,3,3,3,1,1,1,9,9,0,14,5,5,0,0,0,Anomalous_187
4,3,1,5,5,1,5,4,4,3,4,3,7,5,0,2,4,1,1,5,1,0,0,0,0,0,0,0,0,0,0,0,0,0,0,0,Anomalous_188
5,3,3,4,4,1,5,4,5,2,3,1,5,3,2,2,3,0,1,1,0,0,0,0,0,0,0,0,0,0,0,0,0,0,0,0,Anomalous_189
5,3,2,3,3,1,3,3,5,1,5,5,7,5,1,6,5,0,0,5,0,0,0,0,0,0,0,0,0,0,0,0,0,0,0,0,Anomalous_19
5,1,0,5,5,0,5,5,5,2,5,4,3,5,2,0,5,3,5,3,2,0,0,0,0,0,0,0,0,0,0,0,0,0,0,0,Anomalous_190
0,1,6,8,8,2,8,0,0,4,14,7,17,11,8,3,0,0,0,3,0,6,6,0,0,9,9,3,3,0,0,3,3,0,0,0,Anomalous_191
6,2,4,5,5,1,5,6,5,3,5,0,8,4,1,2,5,0,0,4,0,0,0,0,0,0,0,0,0,0,0,0,0,0,0,0,Anomalous_192
0,4,3,5,5,2,5,0,0,3,5,1,3,5,5,0,0,2,6,0,5,0,0,0,0,0,0,0,0,0,0,0,0,0,0,0,Anomalous_193
5,5,1,5,7,2,7,4,5,2,5,4,4,7,2,0,3,3,5,4,6,3,3,3,2,2,2,3,3,3,1,1,1,0,0,0,Anomalous_194
0,6,5,5,5,2,5,0,0,3,5,0,3,5,1,0,0,3,4,4,5,0,0,0,0,0,0,0,0,0,0,0,0,0,0,0,Anomalous_195
0,4,3,5,5,1,5,0,0,3,5,1,7,5,2,3,0,0,0,2,0,0,0,0,0,0,0,0,0,0,0,0,0,0,0,0,Anomalous_196
3,11,7,14,8,3,7,1,3,2,9,4,11,5,3,1,1,8,2,2,2,1,1,0,0,5,5,4,4,3,9,11,11,0,0,0,Anomalous_197
5,5,2,5,5,3,5,5,5,2,3,1,2,2,1,0,3,3,3,2,3,0,0,0,0,0,0,0,0,0,0,0,0,0,0,0,Anomalous_198
5,5,3,5,5,5,5,5,5,3,5,2,1,5,3,0,5,3,5,2,5,0,0,0,0,0,0,0,0,0,0,0,0,0,0,0,Anomalous_199
0,1,4,3,3,1,4,0,0,3,3,0,1,3,2,0,0,0,3,1,1,0,0,0,0,0,0,0,0,0,0,0,0,0,0,0,Anomalous_2
0,4,7,10,12,4,12,0,0,6,16,8,13,16,7,2,0,2,10,9,5,12,11,0,0,12,12,7,7,0,0,5,5,0,0,0,Anomalous_20
0,3,1,5,5,2,5,0,0,2,5,1,4,5,4,0,0,3,5,1,3,0,0,0,0,0,0,0,0,0,0,0,0,0,0,0,Anomalous_21
0,5,4,8,9,4,9,0,0,4,9,0,2,9,6,0,0,4,9,3,5,4,4,0,0,4,4,4,4,0,0,3,3,0,0,0,Anomalous_22
5,2,6,5,5,1,5,4,5,1,5,1,8,5,3,3,5,0,0,3,0,0,0,0,0,0,0,0,0,0,0,0,0,0,0,0,Anomalous_23
5,1,2,3,4,1,4,4,5,2,3,2,3,3,2,2,4,1,1,1,1,0,0,0,0,0,0,0,0,0,0,0,0,0,0,0,Anomalous_24
5,0,4,4,4,3,4,4,5,1,4,1,4,4,1,0,4,0,0,3,0,0,0,0,0,0,0,0,0,0,0,0,0,0,0,0,Anomalous_25
5,2,2,4,5,1,5,5,5,5,5,2,4,6,3,0,5,0,5,2,3,0,0,0,0,0,0,0,0,0,0,0,0,0,0,0,Anomalous_26
5,1,0,5,5,2,5,6,5,3,3,3,2,3,1,0,3,2,3,2,2,0,0,0,0,0,0,0,0,0,0,0,0,0,0,0,Anomalous_27
5,0,1,2,2,1,2,2,5,2,3,0,1,3,1,0,3,0,3,3,2,0,0,0,0,0,0,0,0,0,0,0,0,0,0,0,Anomalous_28
5,20,7,20,13,7,13,5,5,10,12,5,6,14,8,0,5,10,12,6,14,9,9,9,7,7,7,8,8,8,14,15,15,0,0,0,Anomalous_29
5,5,2,5,5,5,5,5,5,3,5,5,5,5,1,5,5,0,0,5,0,0,0,0,0,0,0,0,0,0,0,0,0,0,0,0,Anomalous_3
0,3,6,5,5,0,5,0,0,1,6,3,9,5,4,2,0,0,0,1,0,0,0,0,0,0,0,0,0,0,0,0,0,0,0,0,Anomalous_30
5,3,2,3,3,1,3,3,5,1,5,5,7,5,1,6,5,0,0,5,0,0,0,0,0,0,0,0,0,0,0,0,0,0,0,0,Anomalous_31
4,0,5,0,0,0,0,0,5,0,5,0,0,5,4,0,5,0,5,0,5,0,0,0,0,0,0,0,0,0,0,0,0,0,0,0,Anomalous_32
0,0,8,8,11,4,11,0,0,3,6,3,10,17,9,11,0,0,0,8,0,12,12,0,0,2,2,6,6,0,0,3,3,0,0,0,Anomalous_33
5,6,5,5,5,2,5,5,5,3,5,2,7,5,1,5,5,0,0,4,0,0,0,0,0,0,0,0,0,0,0,0,0,0,0,0,Anomalous_34
0,3,2,5,5,1,5,0,0,2,5,2,3,5,4,0,0,2,5,1,4,0,0,0,0,0,0,0,0,0,0,0,0,0,0,0,Anomalous_35
5,2,3,3,3,0,3,3,5,1,5,1,5,5,2,5,5,0,0,3,0,0,0,0,0,0,0,0,0,0,0,0,0,0,0,0,Anomalous_36
0,3,6,5,5,0,5,0,0,1,6,3,9,5,4,2,0,0,0,1,0,0,0,0,0,0,0,0,0,0,0,0,0,0,0,0,Anomalous_37
0,3,1,11,9,2,9,0,0,8,13,6,6,15,4,0,0,3,14,11,4,10,10,0,0,9,9,4,4,0,0,6,6,0,0,0,Anomalous_38
0,6,5,5,5,2,5,0,0,3,5,0,3,5,1,0,0,3,4,4,5,0,0,0,0,0,0,0,0,0,0,0,0,0,0,0,Anomalous_39
0,2,5,3,3,1,1,0,0,1,4,1,4,4,1,3,0,0,0,4,0,0,0,0,0,0,0,0,0,0,0,0,0,0,0,0,Anomalous_4
0,5,3,5,5,3,5,0,0,1,5,2,2,5,4,0,0,4,6,1,5,0,0,0,0,0,0,0,0,0,0,0,0,0,0,0,Anomalous_40
5,7,3,7,9,4,9,4,5,6,8,6,13,8,7,7,4,0,0,1,0,4,4,4,4,4,4,5,5,0,8,3,3,0,0,0,Anomalous_41
5,7,6,7,8,4,8,5,5,3,10,4,4,7,5,0,5,4,10,2,7,2,2,2,5,5,5,3,3,3,2,1,2,0,0,0,Anomalous_42
0,0,0,3,3,0,3,0,0,1,2,2,2,2,2,0,0,2,2,0,1,0,0,0,0,0,0,0,0,0,0,0,0,0,0,0,Anomalous_43
5,5,3,5,5,4,5,5,5,5,5,2,1,5,2,0,5,0,5,3,5,0,0,0,0,0,0,0,0,0,0,0,0,0,0,0,Anomalous_44
0,5,4,5,5,3,5,0,0,5,6,1,2,5,2,0,0,0,5,3,5,0,0,0,0,0,0,0,0,0,0,0,0,0,0,0,Anomalous_45
5,5,6,5,5,3,5,5,5,2,5,3,7,5,1,5,4,0,0,4,0,0,0,0,0,0,0,0,0,0,0,0,0,0,0,0,Anomalous_46
0,6,7,6,9,6,9,0,0,1,8,7,13,11,6,11,0,0,0,5,0,6,6,0,0,4,4,4,4,0,0,1,1,0,0,0,Anomalous_47
0,11,5,11,13,9,13,0,0,7,11,6,4,12,3,0,0,4,11,9,12,7,7,0,0,6,7,8,8,0,0,6,6,0,0,0,Anomalous_48
5,10,5,10,11,6,11,5,5,6,9,4,5,14,8,0,5,4,10,6,14,9,9,9,4,4,4,6,6,6,5,5,5,0,0,0,Anomalous_49
5,7,6,7,8,4,8,5,5,3,10,4,4,7,5,0,5,4,10,2,7,2,2,2,5,5,5,3,3,3,2,1,2,0,0,0,Anomalous_5
0,7,8,6,7,5,6,0,0,3,8,3,9,7,5,7,0,0,0,2,0,2,2,0,0,3,3,2,2,0,0,1,1,0,0,0,Anomalous_50
5,4,6,8,11,0,10,5,5,5,7,1,17,7,3,2,5,0,0,4,0,2,2,2,2,2,2,6,7,0,9,3,3,0,0,0,Anomalous_51
0,3,1,11,9,2,9,0,0,8,13,6,6,15,4,0,0,3,14,11,4,10,10,0,0,9,9,4,4,0,0,6,6,0,0,0,Anomalous_52
5,5,6,5,5,3,5,5,5,2,5,3,7,5,1,5,4,0,0,4,0,0,0,0,0,0,0,0,0,0,0,0,0,0,0,0,Anomalous_53
0,3,6,5,5,0,5,0,0,1,6,3,9,5,4,2,0,0,0,1,0,0,0,0,0,0,0,0,0,0,0,0,0,0,0,0,Anomalous_54
0,8,6,8,9,4,9,0,0,5,9,3,5,6,2,0,0,3,9,4,6,1,1,0,0,4,4,5,4,0,0,3,3,0,0,0,Anomalous_55
0,4,4,7,14,1,13,0,0,3,9,2,9,11,5,0,0,4,9,6,5,5,6,0,0,4,4,8,8,0,0,2,3,0,0,0,Anomalous_56
5,8,7,8,11,7,11,5,5,3,10,7,8,8,5,3,5,1,7,3,5,3,3,3,5,5,6,6,6,0,9,3,3,0,0,0,Anomalous_57
0,4,5,6,7,1,7,0,0,1,8,2,5,13,6,0,0,6,8,7,4,8,8,0,0,3,3,2,2,0,0,2,2,0,0,0,Anomalous_58
0,4,0,5,5,3,5,0,0,1,3,3,2,3,0,0,0,4,3,3,3,0,0,0,0,0,0,0,0,0,0,0,0,0,0,0,Anomalous_59
5,1,2,4,4,2,4,4,4,3,4,1,5,4,1,1,4,0,0,3,0,0,0,0,0,0,0,0,0,0,0,0,0,0,0,0,Anomalous_6
5,3,2,5,5,2,5,5,5,3,6,2,1,5,0,0,5,2,5,6,1,0,0,0,0,0,0,0,0,0,0,0,0,0,0,0,Anomalous_60
0,4,3,5,5,1,5,0,0,3,5,1,7,5,2,3,0,0,0,2,0,0,0,0,0,0,0,0,0,0,0,0,0,0,0,0,Anomalous_61
0,1,6,5,5,0,5,0,0,2,5,0,6,5,3,2,0,0,0,2,0,0,0,0,0,0,0,0,0,0,0,0,0,0,0,0,Anomalous_62
0,2,1,4,4,1,4,0,0,3,3,0,2,3,0,0,0,0,2,3,1,0,0,0,0,0,0,0,0,0,0,0,0,0,0,0,Anomalous_63
0,0,8,8,11,4,11,0,0,3,6,3,10,17,9,11,0,0,0,8,0,12,12,0,0,2,2,6,6,0,0,3,3,0,0,0,Anomalous_64
0,5,7,9,11,3,10,0,0,5,10,3,14,14,7,8,0,0,0,7,0,9,9,0,0,5,5,6,6,0,0,4,4,0,0,0,Anomalous_65
0,3,3,4,4,1,4,0,0,3,3,0,3,3,1,0,0,1,3,2,3,0,0,0,0,0,0,0,0,0,0,0,0,0,0,0,Anomalous_66
0,4,2,3,4,2,3,0,0,1,4,3,4,3,3,2,0,0,0,0,0,0,0,0,0,0,0,0,0,0,0,0,0,0,0,0,Anomalous_67
5,5,3,5,5,4,5,5,5,5,5,2,1,5,2,0,5,0,5,3,5,0,0,0,0,0,0,0,0,0,0,0,0,0,0,0,Anomalous_68
0,2,5,6,7,2,7,0,0,5,11,4,1,16,7,0,0,1,10,10,10,12,12,0,0,6,6,2,2,0,0,1,1,0,0,0,Anomalous_69
0,2,4,4,5,2,3,0,0,1,2,0,2,2,0,1,0,0,0,3,0,0,0,0,0,0,0,0,0,0,0,0,0,0,0,0,Anomalous_7
5,7,6,7,10,4,10,3,5,4,4,1,9,5,4,4,4,0,1,1,1,1,1,1,0,0,0,7,7,0,11,4,4,0,0,0,Anomalous_70
4,3,1,5,5,1,5,4,4,3,4,3,7,5,0,2,4,1,1,5,1,0,0,0,0,0,0,0,0,0,0,0,0,0,0,0,Anomalous_71
0,4,2,3,4,2,3,0,0,1,4,3,4,3,3,2,0,0,0,0,0,0,0,0,0,0,0,0,0,0,0,0,0,0,0,0,Anomalous_72
5,0,1,3,3,2,3,3,5,1,4,1,0,4,1,0,4,2,5,3,2,0,0,0,0,0,0,0,0,0,0,0,0,0,0,0,Anomalous_73
0,5,3,5,5,3,5,0,0,2,6,3,3,6,3,1,0,2,4,2,4,0,0,0,0,0,0,0,0,0,0,0,0,0,0,0,Anomalous_74
0,10,9,10,12,6,12,0,0,5,7,4,12,9,4,9,0,0,0,5,0,4,4,0,0,2,2,7,7,0,0,5,5,0,0,0,Anomalous_75
0,8,7,7,6,2,5,0,0,6,7,2,12,14,11,14,0,0,0,3,0,9,9,0,0,3,3,1,1,0,0,2,2,0,0,0,Anomalous_76
5,4,2,3,4,0,5,4,5,4,3,1,5,3,2,1,3,0,2,2,2,0,0,0,0,0,0,0,0,0,0,0,0,0,0,0,Anomalous_77
0,3,2,3,3,3,4,0,0,1,1,0,0,2,1,0,0,2,2,1,1,0,0,0,0,0,0,0,0,0,0,0,0,0,0,0,Anomalous_78
5,4,3,4,4,2,4,4,6,2,2,1,4,2,2,2,2,0,0,0,0,0,0,0,0,0,0,0,0,0,0,0,0,0,0,0,Anomalous_79
5,3,4,4,4,1,4,5,5,2,3,1,6,3,2,3,3,0,0,1,0,0,0,0,0,0,0,0,0,0,0,0,0,0,0,0,Anomalous_8
0,2,3,2,2,1,2,0,0,1,5,3,6,5,3,5,0,0,0,2,0,0,0,0,0,0,0,0,0,0,0,0,0,0,0,0,Anomalous_80
0,3,1,5,5,2,5,0,0,2,5,3,2,4,1,0,0,3,6,5,2,0,0,0,0,0,0,0,0,0,0,0,0,0,0,0,Anomalous_81
5,0,0,0,0,0,0,0,6,0,5,2,0,5,3,0,5,0,5,2,1,0,0,0,0,0,0,0,0,0,0,0,0,0,0,0,Anomalous_82
7,8,5,8,16,6,16,5,5,2,9,4,10,10,4,0,5,6,9,6,10,5,5,5,4,4,4,11,11,11,3,3,2,0,0,0,Anomalous_83
0,6,3,5,5,3,5,0,0,2,4,3,7,5,3,5,0,0,0,2,0,0,0,0,0,0,0,0,0,0,0,0,0,0,0,0,Anomalous_84
5,4,1,4,4,1,4,4,5,3,4,2,1,4,0,0,4,1,4,4,2,0,0,0,0,0,0,0,0,0,0,0,0,0,0,0,Anomalous_85
5,1,2,3,4,1,4,4,5,2,3,2,3,3,2,2,4,1,1,1,1,0,0,0,0,0,0,0,0,0,0,0,0,0,0,0,Anomalous_86
5,4,4,5,5,2,5,5,5,3,6,2,7,5,2,4,5,0,0,3,0,0,0,0,0,0,0,0,0,0,0,0,0,0,0,0,Anomalous_87
0,4,5,6,7,1,7,0,0,1,8,2,5,13,6,0,0,6,8,7,4,8,8,0,0,3,3,2,2,0,0,2,2,0,0,0,Anomalous_88
0,3,1,5,6,1,5,0,0,5,4,1,4,5,3,0,0,2,5,2,3,0,0,0,0,0,0,0,0,0,0,0,0,0,0,0,Anomalous_89
0,4,5,5,4,5,5,0,0,2,5,1,3,5,3,4,0,1,0,2,0,0,0,0,0,0,0,0,0,0,0,0,0,0,0,0,Anomalous_9
5,5,1,5,7,2,7,4,5,2,5,4,4,7,2,0,3,3,5,4,6,3,3,3,2,2,2,3,3,3,1,1,1,0,0,0,Anomalous_90
0,5,4,5,5,4,5,0,0,1,5,1,1,5,0,0,0,4,5,5,5,0,0,0,0,0,0,0,0,0,0,0,0,0,0,0,Anomalous_91
5,3,2,3,3,1,3,3,5,1,5,5,7,5,1,6,5,0,0,5,0,0,0,0,0,0,0,0,0,0,0,0,0,0,0,0,Anomalous_92
0,11,6,11,12,5,12,0,0,5,14,8,7,13,8,0,0,6,15,5,13,8,8,0,0,9,9,7,8,0,0,6,6,0,0,0,Anomalous_93
5,0,2,2,2,1,2,2,5,2,3,1,2,4,3,3,4,0,0,1,0,0,0,0,0,0,0,0,0,0,0,0,0,0,0,0,Anomalous_94
0,6,7,6,7,5,7,0,0,2,11,5,9,11,5,7,0,2,3,6,3,7,6,0,0,7,6,2,2,0,0,1,1,0,0,0,Anomalous_95
5,3,2,3,3,3,3,3,5,1,4,2,0,4,1,0,4,2,4,3,2,0,0,0,0,0,0,0,0,0,0,0,0,0,0,0,Anomalous_96
0,2,0,3,3,0,3,0,0,2,3,0,2,3,0,0,0,1,4,3,1,0,0,0,0,0,0,0,0,0,0,0,0,0,0,0,Anomalous_97
5,5,2,5,5,2,5,5,5,2,5,2,3,5,3,0,4,3,5,2,5,0,0,0,0,0,0,0,0,0,0,0,0,0,0,0,Anomalous_98
5,5,1,5,5,1,5,5,5,2,5,4,3,5,3,0,5,3,5,1,5,0,0,0,0,0,0,0,0,0,0,0,0,0,0,0,Anomalous_99
6,7,4,12,18,5,18,5,5,5,11,2,8,7,2,0,5,6,11,5,2,2,2,2,6,6,6,13,13,13,7,7,7,0,0,0,Normal_0
5,3,1,5,5,2,5,5,5,3,5,2,1,5,4,0,5,2,5,1,3,0,0,0,0,0,0,0,0,0,0,0,0,0,0,0,Normal_1
0,0,4,4,4,1,3,0,0,1,4,1,6,3,0,2,0,0,0,4,0,0,0,0,0,0,0,0,0,0,0,0,0,0,0,0,Normal_10
0,1,3,7,9,0,4,0,0,2,2,0,5,5,3,0,0,5,3,2,2,0,2,0,0,1,0,1,6,0,0,4,1,0,0,0,Normal_100
5,4,1,4,4,3,4,4,5,2,2,1,1,2,1,0,2,2,2,1,2,0,0,0,0,0,0,0,0,0,0,0,0,0,0,0,Normal_101
5,5,4,5,5,3,5,5,5,2,0,0,2,0,0,0,0,0,0,0,0,0,0,0,0,0,0,0,0,0,0,0,0,0,0,0,Normal_102
0,3,7,5,5,1,5,0,0,1,5,0,7,5,3,2,0,0,0,2,0,0,0,0,0,0,0,0,0,0,0,0,0,0,0,0,Normal_103
0,6,5,11,10,0,10,0,0,5,9,4,6,6,4,0,0,6,9,2,2,1,1,0,0,4,4,5,5,0,0,6,7,0,0,0,Normal_104
0,9,8,9,10,5,10,0,0,5,7,3,12,3,0,3,0,0,0,3,0,2,2,0,0,6,6,6,6,0,0,5,5,0,0,0,Normal_105
0,8,12,13,37,15,14,0,0,8,10,7,36,15,11,4,0,1,1,4,1,0,10,0,0,10,5,9,32,0,0,8,3,0,0,0,Normal_106
0,2,1,5,5,2,5,0,0,4,10,5,2,7,5,0,0,1,10,2,5,3,3,0,0,6,6,1,1,0,0,1,1,0,0,0,Normal_107
5,3,14,3,6,3,3,3,5,2,13,8,3,22,11,17,3,1,22,11,5,2,19,19,19,19,10,0,3,3,0,0,0,3,9,0,Normal_108
0,3,2,3,3,0,3,0,0,2,3,1,3,3,2,0,0,1,3,1,3,0,0,0,0,0,0,0,0,0,0,0,0,0,0,0,Normal_109
0,6,2,8,7,3,4,0,0,4,7,10,4,15,9,0,0,4,12,6,8,4,11,0,0,8,3,1,4,0,0,5,3,0,0,0,Normal_11
0,6,9,7,13,4,6,0,0,3,9,8,9,20,11,0,0,3,17,9,11,6,15,0,0,12,5,1,8,0,0,2,1,0,0,0,Normal_110
0,4,3,7,10,2,5,0,0,5,4,0,4,12,5,0,0,2,4,7,3,2,9,0,0,1,1,1,6,0,0,3,2,0,0,0,Normal_111
5,7,6,10,24,4,14,5,5,6,4,4,26,7,2,7,4,0,0,5,0,2,3,3,2,2,0,9,19,0,24,5,2,10,2,3,Normal_112
5,4,9,7,13,4,6,5,5,5,10,5,15,19,10,14,5,1,7,9,2,5,14,14,9,9,5,1,8,2,8,2,2,7,4,0,Normal_113
5,11,10,11,12,4,12,5,5,4,9,6,17,10,7,10,5,0,0,3,0,5,5,5,4,4,4,7,7,0,13,6,6,0,0,0,Normal_114
5,1,1,1,1,1,1,1,5,0,4,3,4,4,4,3,4,0,0,0,0,0,0,0,0,0,0,0,0,0,0,0,0,0,0,0,Normal_115
5,3,14,3,6,3,3,3,5,2,13,8,3,22,11,17,3,1,22,11,5,2,19,19,19,19,10,0,3,3,0,0,0,3,9,0,Normal_116
5,1,1,1,1,1,1,1,5,0,4,3,4,4,4,3,4,0,0,0,0,0,0,0,0,0,0,0,0,0,0,0,0,0,0,0,Normal_117
0,2,3,2,2,1,2,0,0,1,8,6,9,7,4,7,0,0,0,3,0,2,2,0,0,3,3,0,0,0,0,0,0,0,0,0,Normal_118
5,3,8,3,3,2,3,3,5,1,13,5,1,9,5,0,5,2,13,4,9,4,4,4,8,8,8,0,0,0,0,0,0,0,0,0,Normal_119
0,2,2,3,3,2,3,0,0,2,5,1,0,5,3,0,0,1,5,2,4,0,0,0,0,0,0,0,0,0,0,0,0,0,0,0,Normal_12
5,4,2,4,4,0,4,4,5,3,4,0,5,4,1,3,4,0,0,3,0,0,0,0,0,0,0,0,0,0,0,0,0,0,0,0,Normal_120
0,3,3,5,3,0,3,0,0,3,3,1,6,4,3,3,0,0,0,1,0,1,1,0,0,0,0,0,0,0,0,2,2,0,0,0,Normal_121
0,5,6,5,5,1,5,0,0,4,5,0,9,5,3,5,0,0,0,2,0,0,0,0,0,0,0,0,0,0,0,0,0,0,0,0,Normal_122
5,3,7,7,18,4,8,5,5,3,9,4,21,11,6,7,5,0,0,5,0,3,6,6,7,7,4,3,13,0,15,2,2,10,3,0,Normal_123
5,5,8,7,11,5,6,3,5,4,6,4,15,14,2,14,4,0,0,12,0,0,10,10,5,5,2,3,8,0,12,4,2,5,3,2,Normal_124
0,2,1,5,5,1,5,0,0,4,4,2,4,3,2,0,0,1,4,1,3,0,0,0,0,1,1,2,2,0,0,2,2,0,0,0,Normal_125
6,7,4,12,18,5,18,5,5,5,11,2,8,7,2,0,5,6,11,5,2,2,2,2,6,6,6,13,13,13,7,7,7,0,0,0,Normal_126
0,1,5,9,10,3,6,0,0,5,8,2,14,11,3,1,0,0,0,8,0,3,8,0,0,6,5,2,6,0,0,6,4,0,0,0,Normal_127
0,2,1,5,5,2,5,0,0,4,10,5,2,7,5,0,0,1,10,2,5,3,3,0,0,6,6,1,1,0,0,1,1,0,0,0,Normal_128
5,5,2,5,5,2,5,5,5,4,5,3,3,5,3,0,5,1,5,2,5,0,0,0,0,0,0,0,0,0,0,0,0,0,0,0,Normal_129
5,8,5,8,9,6,9,4,5,6,6,3,9,9,3,9,4,0,0,6,0,5,5,5,2,2,2,5,5,0,9,4,4,0,0,0,Normal_13
5,3,2,5,3,1,3,2,5,3,7,5,7,5,1,3,3,0,0,4,0,2,2,2,4,4,4,1,1,0,4,3,3,0,0,0,Normal_130
5,5,7,5,5,4,5,5,5,2,5,1,6,5,3,5,5,0,0,2,0,0,0,0,0,0,0,0,0,0,0,0,0,0,0,0,Normal_131
0,1,0,4,4,2,4,0,0,2,1,1,1,1,0,0,0,2,1,1,0,0,0,0,0,0,0,0,0,0,0,0,0,0,0,0,Normal_132
5,0,3,2,2,0,2,2,5,1,7,6,12,11,9,10,4,0,0,2,0,1,7,7,6,6,3,0,0,0,0,0,0,0,4,0,Normal_133
5,3,8,9,19,6,9,5,5,5,10,7,27,15,5,11,5,0,0,11,0,6,11,11,14,14,5,4,14,0,18,4,1,10,8,3,Normal_134
0,3,0,5,6,2,5,0,0,2,5,4,1,5,2,0,0,3,5,2,1,0,0,0,0,0,0,0,0,0,0,0,0,0,0,0,Normal_135
5,2,3,5,5,2,5,5,5,3,5,2,3,5,4,0,5,2,5,1,3,0,0,0,0,0,0,0,0,0,0,0,0,0,0,0,Normal_136
0,5,4,5,5,2,5,0,0,1,5,1,3,5,4,0,0,4,5,1,5,0,0,0,0,0,0,0,0,0,0,0,0,0,0,0,Normal_137
5,1,1,1,1,1,1,1,5,0,4,3,4,4,4,3,4,0,0,0,0,0,0,0,0,0,0,0,0,0,0,0,0,0,0,0,Normal_138
0,2,2,2,2,2,2,0,0,1,4,3,4,5,3,4,0,0,0,1,0,0,0,0,0,0,0,0,0,0,0,0,0,0,0,0,Normal_139
5,4,2,8,7,4,7,5,5,4,7,3,2,5,1,1,5,2,6,4,3,0,0,0,2,2,2,2,2,2,2,2,2,0,0,0,Normal_14
5,7,7,7,7,3,7,5,5,3,11,4,4,12,5,0,5,4,11,7,12,7,7,7,6,6,6,2,2,2,2,2,2,0,0,0,Normal_140
5,7,9,7,6,0,6,4,5,1,7,4,13,8,5,8,3,0,0,3,0,5,5,5,4,4,4,2,2,0,5,3,3,0,0,0,Normal_141
0,0,2,2,2,0,2,0,0,0,3,1,1,3,2,0,0,2,3,1,3,0,0,0,0,0,0,0,0,0,0,0,0,0,0,0,Normal_142
5,1,10,1,2,2,1,1,5,0,9,6,15,18,9,18,5,0,0,9,0,5,13,13,10,10,4,0,1,0,1,0,0,1,6,0,Normal_143
5,4,7,5,10,2,10,4,5,1,13,5,18,8,4,4,4,0,0,4,0,4,4,4,9,9,9,6,6,0,7,1,1,0,0,0,Normal_144
0,4,6,5,5,0,5,0,0,0,5,1,9,5,4,3,0,0,0,1,0,0,0,0,0,0,0,0,0,0,0,0,0,0,0,0,Normal_145
5,5,3,5,5,3,5,5,5,2,5,2,2,5,2,0,5,3,5,3,5,0,0,0,0,0,0,0,0,0,0,0,0,0,0,0,Normal_146
5,2,3,3,3,3,3,2,6,2,9,3,0,7,7,0,4,1,9,0,5,3,3,3,5,5,5,1,1,1,1,1,1,0,0,0,Normal_147
5,4,2,8,7,4,7,5,5,4,7,3,2,5,1,1,5,2,6,4,3,0,0,0,2,2,2,2,2,2,2,2,2,0,0,0,Normal_148
0,1,5,9,10,4,4,0,0,5,3,1,11,6,3,1,0,0,0,3,0,3,4,0,0,3,1,1,7,0,0,6,3,0,0,0,Normal_149
5,5,2,5,5,2,5,5,5,4,5,3,3,5,3,0,5,1,5,2,5,0,0,0,0,0,0,0,0,0,0,0,0,0,0,0,Normal_15
0,4,7,9,17,6,11,0,0,3,11,7,9,20,11,2,0,6,16,9,0,8,15,0,0,14,6,6,12,0,0,4,1,0,0,0,Normal_150
0,11,12,16,32,16,11,0,0,8,6,3,23,13,5,6,0,0,0,8,0,1,8,0,0,2,1,6,27,0,0,11,6,0,0,0,Normal_151
0,1,1,1,1,0,1,0,0,1,5,4,6,5,2,5,0,0,0,3,0,0,0,0,0,0,0,0,0,0,0,0,0,0,0,0,Normal_152
0,3,5,6,8,3,8,0,0,3,8,1,4,9,3,0,0,3,8,6,5,4,4,0,0,3,3,3,3,0,0,1,1,0,0,0,Normal_153
0,5,3,5,5,3,5,0,0,4,5,3,7,5,0,5,0,0,0,5,0,0,0,0,0,0,0,0,0,0,0,0,0,0,0,0,Normal_154
5,4,6,5,5,4,5,4,5,1,8,5,1,16,9,10,3,4,11,7,6,3,14,13,8,8,5,1,1,1,1,1,0,0,3,1,Normal_155
0,1,3,1,1,1,1,0,0,1,7,4,0,7,6,0,0,0,7,1,7,3,3,0,0,3,3,0,0,0,0,0,0,0,0,0,Normal_156
0,5,6,5,5,1,5,0,0,4,5,0,9,5,3,5,0,0,0,2,0,0,0,0,0,0,0,0,0,0,0,0,0,0,0,0,Normal_157
0,5,3,5,5,0,4,0,0,3,5,2,5,5,1,0,0,2,5,4,5,0,0,0,0,0,0,0,0,0,0,0,0,0,0,0,Normal_158
0,2,4,4,4,1,4,0,0,1,4,0,7,4,2,3,0,0,0,2,0,0,0,0,0,0,0,0,0,0,0,0,0,0,0,0,Normal_159
0,6,3,9,11,4,11,0,0,3,13,4,3,12,5,0,0,6,13,8,5,7,7,0,0,8,8,6,6,0,0,4,4,0,0,0,Normal_16
3,9,8,12,8,6,8,2,3,4,9,2,8,8,3,2,2,5,3,5,3,4,4,1,1,5,5,4,4,3,5,8,8,0,0,0,Normal_160
5,3,7,3,4,1,2,2,5,2,13,10,3,18,9,11,4,1,17,9,7,3,14,14,13,13,9,0,2,2,1,1,1,2,4,0,Normal_161
5,5,8,5,5,1,5,5,5,2,5,0,9,5,3,5,5,0,0,2,0,0,0,0,0,0,0,0,0,0,0,0,0,0,0,0,Normal_162
5,4,2,4,4,0,4,4,5,3,4,0,5,4,1,3,4,0,0,3,0,0,0,0,0,0,0,0,0,0,0,0,0,0,0,0,Normal_163
0,8,5,10,10,2,10,0,0,7,8,3,9,10,6,2,0,1,6,4,3,5,5,0,0,3,3,5,5,0,0,5,5,0,0,0,Normal_164
0,2,3,2,2,1,2,0,0,1,8,6,9,7,4,7,0,0,0,3,0,2,2,0,0,3,3,0,0,0,0,0,0,0,0,0,Normal_165
5,2,3,3,3,3,3,2,6,2,9,3,0,7,7,0,4,1,9,0,5,3,3,3,5,5,5,1,1,1,1,1,1,0,0,0,Normal_166
5,3,0,5,5,3,5,5,5,2,2,2,2,2,0,0,2,3,2,2,1,0,0,0,0,0,0,0,0,0,0,0,0,0,0,0,Normal_167
0,2,4,4,4,1,4,0,0,1,4,0,7,4,2,3,0,0,0,2,0,0,0,0,0,0,0,0,0,0,0,0,0,0,0,0,Normal_168
0,7,5,7,6,4,6,0,0,4,11,6,2,7,3,0,0,3,11,4,7,2,2,0,0,6,6,1,1,0,0,2,2,0,0,0,Normal_169
0,2,3,2,2,1,2,0,0,1,8,6,9,7,4,7,0,0,0,3,0,2,2,0,0,3,3,0,0,0,0,0,0,0,0,0,Normal_17
0,4,7,9,17,6,11,0,0,3,11,7,9,20,11,2,0,6,16,9,0,8,15,0,0,14,6,6,12,0,0,4,1,0,0,0,Normal_170
5,3,2,3,2,2,3,3,5,3,4,2,1,4,2,0,4,0,4,2,4,0,0,0,0,0,0,0,0,0,0,0,0,0,0,0,Normal_171
0,7,10,14,13,5,13,0,0,8,11,1,15,10,7,4,0,0,0,3,0,5,5,0,0,5,5,8,8,0,0,9,9,0,0,0,Normal_172
0,5,5,5,5,2,5,0,0,3,5,3,8,5,2,5,0,0,0,3,0,0,0,0,0,0,0,0,0,0,0,0,0,0,0,0,Normal_173
0,3,3,5,3,0,3,0,0,3,3,1,6,4,3,3,0,0,0,1,0,1,1,0,0,0,0,0,0,0,0,2,2,0,0,0,Normal_174
0,3,0,5,5,3,5,0,0,3,1,1,1,1,0,0,0,2,1,1,1,0,0,0,0,0,0,0,0,0,0,0,0,0,0,0,Normal_175
5,1,4,5,5,1,6,5,5,3,5,1,1,5,1,0,5,2,5,4,2,0,0,0,0,0,0,0,0,0,0,0,0,0,0,0,Normal_176
5,11,10,11,12,4,12,5,5,4,9,6,17,10,7,10,5,0,0,3,0,5,5,5,4,4,4,7,7,0,13,6,6,0,0,0,Normal_177
5,3,7,7,18,4,8,5,5,3,9,4,21,11,6,7,5,0,0,5,0,3,6,6,7,7,4,3,13,0,15,2,2,10,3,0,Normal_178
0,5,3,5,5,2,5,0,0,3,5,1,8,5,2,3,0,0,0,3,0,0,0,0,0,0,0,0,0,0,0,0,0,0,0,0,Normal_179
5,0,5,4,2,1,2,2,5,1,7,3,5,8,5,1,4,1,2,3,3,4,4,4,3,3,3,0,0,0,2,2,2,0,0,0,Normal_18
0,5,2,5,5,3,5,0,0,3,5,3,2,5,3,0,0,2,5,2,5,0,0,0,0,0,0,0,0,0,0,0,0,0,0,0,Normal_180
5,3,7,5,5,1,5,5,5,2,5,1,6,5,2,2,5,0,0,3,0,0,0,0,0,0,0,0,0,0,0,0,0,0,0,0,Normal_181
0,9,8,9,10,5,10,0,0,5,7,3,12,3,0,3,0,0,0,3,0,2,2,0,0,6,6,6,6,0,0,5,5,0,0,0,Normal_182
5,3,8,9,19,6,9,5,5,5,10,7,27,15,5,11,5,0,0,11,0,6,11,11,14,14,5,4,14,0,18,4,1,10,8,3,Normal_183
0,2,1,5,5,2,5,0,0,4,10,5,2,7,5,0,0,1,10,2,5,3,3,0,0,6,6,1,1,0,0,1,1,0,0,0,Normal_184
0,8,5,10,10,2,10,0,0,7,8,3,9,10,6,2,0,1,6,4,3,5,5,0,0,3,3,5,5,0,0,5,5,0,0,0,Normal_185
0,5,2,5,5,1,5,0,0,2,6,3,4,5,1,0,0,3,5,5,5,0,0,0,0,0,0,0,0,0,0,0,0,0,0,0,Normal_186
0,7,5,7,6,4,6,0,0,4,11,6,2,7,3,0,0,3,11,4,7,2,2,0,0,6,6,1,1,0,0,2,2,0,0,0,Normal_187
0,4,1,5,4,0,4,0,0,3,5,0,4,5,4,0,0,2,5,1,2,0,0,0,0,0,0,0,0,0,0,0,0,0,0,0,Normal_188
0,2,2,2,2,1,2,0,0,1,3,1,1,3,1,0,0,1,3,2,3,0,0,0,0,0,0,0,0,0,0,0,0,0,0,0,Normal_189
0,7,5,7,6,4,6,0,0,4,11,6,2,7,3,0,0,3,11,4,7,2,2,0,0,6,6,1,1,0,0,2,2,0,0,0,Normal_19
5,6,3,6,10,6,10,5,4,1,6,3,4,5,3,0,5,5,6,2,5,0,0,0,1,1,1,5,5,5,1,1,1,0,0,0,Normal_190
0,4,3,7,10,2,5,0,0,5,4,0,4,12,5,0,0,2,4,7,3,2,9,0,0,1,1,1,6,0,0,3,2,0,0,0,Normal_191
5,3,7,3,4,1,2,2,5,2,13,10,3,18,9,11,4,1,17,9,7,3,14,14,13,13,9,0,2,2,1,1,1,2,4,0,Normal_192
5,4,2,4,4,1,4,4,5,2,3,3,6,3,1,3,3,0,0,2,0,0,0,0,0,0,0,0,0,0,0,0,0,0,0,0,Normal_193
5,5,0,5,13,7,13,3,5,2,2,3,6,3,1,0,3,3,3,2,3,0,0,0,0,0,0,10,10,10,2,2,2,0,0,0,Normal_194
0,3,2,3,3,0,3,0,0,2,3,1,3,3,2,0,0,1,3,1,3,0,0,0,0,0,0,0,0,0,0,0,0,0,0,0,Normal_195
5,2,3,2,2,1,2,2,5,1,5,3,3,6,4,2,4,0,3,2,4,2,2,2,1,1,1,0,0,0,0,0,0,0,0,0,Normal_196
0,2,11,13,11,3,7,0,0,7,7,5,15,16,7,7,0,0,0,9,0,6,11,0,0,6,2,2,6,0,0,8,4,0,0,0,Normal_197
0,7,10,7,9,7,9,0,0,2,9,2,7,10,5,6,0,2,4,5,5,5,5,0,0,4,4,4,4,0,0,2,2,0,0,0,Normal_198
5,1,4,6,9,3,9,5,5,5,7,1,5,5,4,0,5,1,7,1,4,0,0,0,2,2,2,4,4,4,1,1,1,0,0,0,Normal_199
5,4,1,4,4,3,4,4,5,2,2,1,1,2,1,0,2,2,2,1,2,0,0,0,0,0,0,0,0,0,0,0,0,0,0,0,Normal_2
5,5,3,5,5,2,5,5,5,3,5,2,3,5,2,0,5,2,5,3,5,0,0,0,0,0,0,0,0,0,0,0,0,0,0,0,Normal_20
5,7,4,12,17,3,17,5,5,4,12,2,10,7,3,0,5,8,12,4,3,2,2,2,7,7,7,12,12,12,7,7,7,0,0,0,Normal_21
5,4,7,5,10,2,10,4,5,1,13,5,18,8,4,4,4,0,0,4,0,4,4,4,9,9,9,6,6,0,7,1,1,0,0,0,Normal_22
0,3,0,5,5,3,5,0,0,3,1,1,1,1,0,0,0,2,1,1,1,0,0,0,0,0,0,0,0,0,0,0,0,0,0,0,Normal_23
5,0,2,2,3,1,3,2,5,2,5,1,2,4,3,0,4,0,5,1,3,0,0,0,1,1,1,1,1,1,0,0,0,0,0,0,Normal_24
0,3,3,5,3,0,3,0,0,3,3,1,6,4,3,3,0,0,0,1,0,1,1,0,0,0,0,0,0,0,0,2,2,0,0,0,Normal_25
5,8,8,11,11,6,11,5,5,7,11,3,14,9,2,4,5,0,0,7,0,4,4,4,6,6,6,6,6,0,12,6,6,0,0,0,Normal_26
5,3,7,7,18,4,8,5,5,3,9,4,21,11,6,7,5,0,0,5,0,3,6,6,7,7,4,3,13,0,15,2,2,10,3,0,Normal_27
0,2,11,13,11,3,7,0,0,7,7,5,15,16,7,7,0,0,0,9,0,6,11,0,0,6,2,2,6,0,0,8,4,0,0,0,Normal_28
5,6,13,14,18,4,10,5,5,7,10,2,24,14,5,12,5,0,0,9,0,3,9,9,8,8,5,5,13,0,22,9,5,8,3,4,Normal_29
5,2,4,2,4,1,3,2,5,2,6,3,10,8,3,6,4,0,0,5,0,1,4,4,5,5,2,1,2,0,2,0,0,1,3,0,Normal_3
0,2,2,2,2,2,2,0,0,1,4,3,4,5,3,4,0,0,0,1,0,0,0,0,0,0,0,0,0,0,0,0,0,0,0,0,Normal_30
5,5,3,5,5,3,5,5,5,3,5,5,7,5,3,5,5,0,0,2,0,0,0,0,0,0,0,0,0,0,0,0,0,0,0,0,Normal_31
0,8,5,10,10,2,10,0,0,7,8,3,9,10,6,2,0,1,6,4,3,5,5,0,0,3,3,5,5,0,0,5,5,0,0,0,Normal_32
0,4,3,4,4,1,4,0,0,1,4,1,3,4,4,0,0,3,4,0,4,0,0,0,0,0,0,0,0,0,0,0,0,0,0,0,Normal_33
5,0,5,4,2,1,2,2,5,1,7,3,5,8,5,1,4,1,2,3,3,4,4,4,3,3,3,0,0,0,2,2,2,0,0,0,Normal_34
0,2,5,5,5,1,5,0,0,1,4,1,7,4,1,2,0,0,0,3,0,0,0,0,0,0,0,0,0,0,0,0,0,0,0,0,Normal_35
0,1,3,7,9,0,4,0,0,2,2,0,5,5,3,0,0,5,3,2,2,0,2,0,0,1,0,1,6,0,0,4,1,0,0,0,Normal_36
0,4,3,7,10,2,5,0,0,5,4,0,4,12,5,0,0,2,4,7,3,2,9,0,0,1,1,1,6,0,0,3,2,0,0,0,Normal_37
5,4,3,13,20,5,9,5,5,8,13,9,9,25,11,11,5,5,23,14,8,9,20,20,18,18,8,4,15,15,8,8,5,11,10,3,Normal_38
0,5,17,8,14,8,7,0,0,1,16,11,27,23,12,9,0,0,0,11,0,4,18,0,0,16,11,4,11,0,0,5,2,0,0,0,Normal_39
0,8,12,13,37,15,14,0,0,8,10,7,36,15,11,4,0,1,1,4,1,0,10,0,0,10,5,9,32,0,0,8,3,0,0,0,Normal_4
5,3,2,3,2,2,3,3,5,3,4,2,1,4,2,0,4,0,4,2,4,0,0,0,0,0,0,0,0,0,0,0,0,0,0,0,Normal_40
5,5,2,5,5,3,5,5,5,4,5,3,2,5,3,0,5,1,5,2,5,0,0,0,0,0,0,0,0,0,0,0,0,0,0,0,Normal_41
0,1,3,7,9,0,4,0,0,2,2,0,5,5,3,0,0,5,3,2,2,0,2,0,0,1,0,1,6,0,0,4,1,0,0,0,Normal_42
0,3,2,3,3,0,3,0,0,2,3,1,3,3,2,0,0,1,3,1,3,0,0,0,0,0,0,0,0,0,0,0,0,0,0,0,Normal_43
0,6,5,6,3,2,3,0,0,3,4,2,5,4,3,4,0,0,0,1,0,1,1,0,0,1,1,0,0,0,0,3,3,0,0,0,Normal_44
5,7,16,7,13,8,5,4,5,1,7,5,20,15,7,15,3,0,0,8,0,5,12,12,12,12,4,1,9,0,12,3,3,8,8,0,Normal_45
5,5,3,5,5,3,5,5,5,3,5,5,7,5,3,5,5,0,0,2,0,0,0,0,0,0,0,0,0,0,0,0,0,0,0,0,Normal_46
0,5,2,5,5,3,5,0,0,3,5,3,2,5,3,0,0,2,5,2,5,0,0,0,0,0,0,0,0,0,0,0,0,0,0,0,Normal_47
0,2,11,3,11,3,5,0,0,1,6,1,18,13,8,6,0,0,0,5,0,3,10,0,0,7,3,3,9,0,0,1,0,0,0,0,Normal_48
0,5,4,5,5,2,5,0,0,1,5,1,3,5,4,0,0,4,5,1,5,0,0,0,0,0,0,0,0,0,0,0,0,0,0,0,Normal_49
0,1,3,4,4,1,4,0,0,3,3,0,6,3,2,0,0,0,0,1,0,0,0,0,0,0,0,0,0,0,0,0,0,0,0,0,Normal_5
5,5,2,5,5,2,5,5,5,4,5,3,3,5,3,0,5,1,5,2,5,0,0,0,0,0,0,0,0,0,0,0,0,0,0,0,Normal_50
0,6,5,11,10,0,10,0,0,5,9,4,6,6,4,0,0,6,9,2,2,1,1,0,0,4,4,5,5,0,0,6,7,0,0,0,Normal_51
5,7,12,8,20,7,9,5,5,3,11,11,31,28,12,28,5,0,0,16,0,9,23,23,13,13,6,4,15,0,18,3,2,11,7,1,Normal_52
5,4,1,4,4,2,4,4,5,1,2,1,2,2,1,0,2,3,2,1,2,0,0,0,0,0,0,0,0,0,0,0,0,0,0,0,Normal_53
0,8,10,10,13,4,5,0,0,5,8,4,18,16,8,7,0,0,0,8,0,4,13,0,0,6,5,2,10,0,0,7,5,0,0,0,Normal_54
0,5,6,14,30,7,14,0,0,7,9,5,14,11,6,0,0,7,13,5,5,4,6,0,0,8,4,10,25,0,0,9,2,0,0,0,Normal_55
0,8,10,10,13,4,5,0,0,5,8,4,18,16,8,7,0,0,0,8,0,4,13,0,0,6,5,2,10,0,0,7,5,0,0,0,Normal_56
0,4,3,4,4,1,4,0,0,1,4,1,3,4,4,0,0,3,4,0,4,0,0,0,0,0,0,0,0,0,0,0,0,0,0,0,Normal_57
0,1,1,1,1,0,1,0,0,1,5,4,6,5,2,5,0,0,0,3,0,0,0,0,0,0,0,0,0,0,0,0,0,0,0,0,Normal_58
5,6,4,5,5,0,5,5,5,5,5,1,10,5,1,5,5,0,0,4,0,0,0,0,0,0,0,0,0,0,0,0,0,0,0,0,Normal_59
0,5,2,5,5,1,5,0,0,2,6,3,4,5,1,0,0,3,5,5,5,0,0,0,0,0,0,0,0,0,0,0,0,0,0,0,Normal_6
0,1,5,9,10,4,4,0,0,5,3,1,11,6,3,1,0,0,0,3,0,3,4,0,0,3,1,1,7,0,0,6,3,0,0,0,Normal_60
5,2,4,3,3,0,3,3,5,2,4,0,5,4,2,2,4,0,0,2,0,0,0,0,0,0,0,0,0,0,0,0,0,0,0,0,Normal_61
5,2,4,2,4,1,3,2,5,2,6,3,10,8,3,6,4,0,0,5,0,1,4,4,5,5,2,1,2,0,2,0,0,1,3,0,Normal_62
0,2,4,4,4,1,4,0,0,1,4,0,7,4,2,3,0,0,0,2,0,0,0,0,0,0,0,0,0,0,0,0,0,0,0,0,Normal_63
0,10,4,10,11,3,11,0,0,7,6,2,8,7,3,0,0,3,6,4,7,2,2,0,0,1,1,6,6,0,0,5,5,0,0,0,Normal_64
5,4,3,6,9,0,6,3,5,5,5,2,8,12,9,2,5,1,7,3,6,5,7,7,2,2,0,3,6,6,3,3,3,3,2,0,Normal_65
5,3,7,5,10,3,5,3,5,3,7,3,13,14,6,7,4,0,0,8,0,5,10,10,7,7,3,2,7,0,9,2,2,5,4,0,Normal_66
5,3,3,3,3,2,3,3,5,2,4,1,1,4,3,0,4,1,4,1,4,0,0,0,0,0,0,0,0,0,0,0,0,0,0,0,Normal_67
0,3,0,5,6,2,5,0,0,2,5,4,1,5,2,0,0,3,5,2,1,0,0,0,0,0,0,0,0,0,0,0,0,0,0,0,Normal_68
5,5,2,5,5,3,5,5,5,2,5,3,2,5,2,0,5,3,5,2,5,0,0,0,0,0,0,0,0,0,0,0,0,0,0,0,Normal_69
0,5,2,5,5,1,5,0,0,3,5,5,9,5,3,5,0,0,0,2,0,0,0,0,0,0,0,0,0,0,0,0,0,0,0,0,Normal_7
5,3,7,3,4,1,2,2,5,2,13,10,3,18,9,11,4,1,17,9,7,3,14,14,13,13,9,0,2,2,1,1,1,2,4,0,Normal_70
0,8,11,8,9,2,9,0,0,2,6,1,13,6,1,6,0,0,0,5,0,1,1,0,0,1,1,4,4,0,0,3,3,0,0,0,Normal_71
5,4,7,5,10,2,10,4,5,1,13,5,18,8,4,4,4,0,0,4,0,4,4,4,9,9,9,6,6,0,7,1,1,0,0,0,Normal_72
5,3,2,3,2,2,3,3,5,3,4,2,1,4,2,0,4,0,4,2,4,0,0,0,0,0,0,0,0,0,0,0,0,0,0,0,Normal_73
5,2,2,10,28,7,15,3,4,7,4,1,11,6,4,1,2,3,5,2,1,3,4,4,3,3,2,12,25,26,7,7,2,13,1,5,Normal_74
5,3,14,3,6,3,3,3,5,2,13,8,3,22,11,17,3,1,22,11,5,2,19,19,19,19,10,0,3,3,0,0,0,3,9,0,Normal_75
6,7,4,12,18,5,18,5,5,5,11,2,8,7,2,0,5,6,11,5,2,2,2,2,6,6,6,13,13,13,7,7,7,0,0,0,Normal_76
5,4,1,4,4,3,4,4,5,2,2,1,1,2,1,0,2,2,2,1,2,0,0,0,0,0,0,0,0,0,0,0,0,0,0,0,Normal_77
0,4,6,8,8,4,8,0,0,5,10,4,12,10,5,6,0,0,0,5,0,5,5,0,0,5,5,3,3,0,0,3,3,0,0,0,Normal_78
5,8,4,8,12,7,12,5,5,2,9,5,5,6,2,0,5,6,9,4,6,1,1,1,4,3,4,7,7,7,3,3,3,0,0,0,Normal_79
5,0,2,2,3,1,3,2,5,2,5,1,2,4,3,0,4,0,5,1,3,0,0,0,1,1,1,1,1,1,0,0,0,0,0,0,Normal_8
0,3,3,3,3,2,3,0,0,1,4,3,5,4,1,4,0,0,0,3,0,0,0,0,0,0,0,0,0,0,0,0,0,0,0,0,Normal_80
5,7,6,10,24,4,14,5,5,6,4,4,26,7,2,7,4,0,0,5,0,2,3,3,2,2,0,9,19,0,24,5,2,10,2,3,Normal_81
0,4,4,5,4,1,2,0,0,3,6,6,3,14,7,0,0,2,10,7,7,3,10,0,0,6,2,0,2,0,0,3,2,0,0,0,Normal_82
5,6,3,6,10,6,10,5,4,1,6,3,4,5,3,0,5,5,6,2,5,0,0,0,1,1,1,5,5,5,1,1,1,0,0,0,Normal_83
5,5,3,5,5,3,5,5,5,2,5,2,2,5,2,0,5,3,5,3,5,0,0,0,0,0,0,0,0,0,0,0,0,0,0,0,Normal_84
5,3,14,3,6,3,3,3,5,2,13,8,3,22,11,17,3,1,22,11,5,2,19,19,19,19,10,0,3,3,0,0,0,3,9,0,Normal_85
0,5,2,5,5,1,5,0,0,3,5,5,9,5,3,5,0,0,0,2,0,0,0,0,0,0,0,0,0,0,0,0,0,0,0,0,Normal_86
5,4,2,4,4,1,4,4,5,2,3,3,6,3,1,3,3,0,0,2,0,0,0,0,0,0,0,0,0,0,0,0,0,0,0,0,Normal_87
5,5,2,5,5,3,5,5,5,4,5,3,2,5,3,0,5,1,5,2,5,0,0,0,0,0,0,0,0,0,0,0,0,0,0,0,Normal_88
5,2,3,5,5,2,5,5,5,3,5,2,3,5,4,0,5,2,5,1,3,0,0,0,0,0,0,0,0,0,0,0,0,0,0,0,Normal_89
5,1,10,1,2,2,1,1,5,0,9,6,15,18,9,18,5,0,0,9,0,5,13,13,10,10,4,0,1,0,1,0,0,1,6,0,Normal_9
0,4,6,6,9,4,4,0,0,4,9,10,5,17,8,0,0,2,16,9,6,3,14,0,0,13,6,2,7,0,0,4,2,0,0,0,Normal_90
0,5,7,18,29,9,14,0,0,6,13,5,11,23,11,0,0,12,18,12,8,9,18,0,0,13,8,9,24,0,0,13,5,0,0,0,Normal_91
0,5,3,5,5,2,5,0,0,3,5,1,8,5,2,3,0,0,0,3,0,0,0,0,0,0,0,0,0,0,0,0,0,0,0,0,Normal_92
0,4,7,9,17,6,11,0,0,3,11,7,9,20,11,2,0,6,16,9,0,8,15,0,0,14,6,6,12,0,0,4,1,0,0,0,Normal_93
3,5,5,7,14,4,10,3,3,3,6,2,8,8,7,2,3,4,6,1,5,2,4,4,3,3,2,6,10,4,3,3,1,4,1,2,Normal_94
0,2,5,5,5,1,5,0,0,1,4,1,7,4,1,2,0,0,0,3,0,0,0,0,0,0,0,0,0,0,0,0,0,0,0,0,Normal_95
0,3,3,3,3,2,3,0,0,1,4,3,5,4,1,4,0,0,0,3,0,0,0,0,0,0,0,0,0,0,0,0,0,0,0,0,Normal_96
2,7,9,10,11,7,12,2,2,6,18,8,11,14,8,4,2,4,10,6,9,9,9,3,6,13,13,7,7,0,2,5,5,0,0,0,Normal_97
5,5,6,5,5,2,5,5,5,3,5,1,8,5,1,5,5,0,0,4,0,0,0,0,0,0,0,0,0,0,0,0,0,0,0,0,Normal_98
0,1,5,9,10,3,6,0,0,5,8,2,14,11,3,1,0,0,0,8,0,3,8,0,0,6,5,2,6,0,0,6,4,0,0,0,Normal_99
