NormativeModel_fitness,t11,t21,t22,t23,t24,t25,t26,t31,t32,t33,t34,t35,t36,t41,t42,t43,t44,t51,t52,t53,t54,t61,t62,t63,t64,t65,t66,t71,t72,t73,t74,t75,t76,t81,t82,t91,label
0.721803007518797,0,0,0,0,0,0,2,0,1,0,0,0,1,0,0,0,4,0,0,0,2,0,0,0,0,0,1,0,0,0,0,1,4,0,2,0,Anomalous_0
0.8368787234042553,0,3,0,0,0,0,1,0,0,0,0,0,2,0,0,0,1,0,0,0,1,0,0,0,0,0,1,0,0,0,0,0,2,0,1,0,Anomalous_1
0.6093734375,4,0,0,0,0,0,1,0,0,0,0,0,0,0,0,0,4,0,0,0,1,1,3,0,0,0,0,0,0,0,0,2,4,4,4,4,Anomalous_10
0.5906725388601036,1,1,0,0,1,0,3,0,0,0,1,0,3,1,0,1,3,3,2,2,5,0,3,2,2,1,2,3,0,2,2,0,4,0,1,0,Anomalous_100
0.5971563981042654,0,3,0,3,0,0,0,0,3,3,0,4,0,3,7,0,4,3,0,0,0,1,8,3,0,0,0,3,0,3,0,1,4,0,0,1,Anomalous_101
0.49261034482758626,2,4,0,1,1,0,1,1,1,1,1,0,2,3,1,1,4,6,4,2,2,3,1,4,2,0,1,6,0,4,2,0,5,2,2,2,Anomalous_102
0.9480487012987013,0,2,0,0,0,0,0,0,0,0,0,0,0,0,0,0,0,0,0,0,0,0,0,0,0,0,0,0,0,0,0,0,1,0,0,0,Anomalous_103
0.9281026143790849,0,1,0,0,0,0,0,0,0,0,0,0,0,0,0,0,0,0,0,0,0,0,0,0,0,0,0,0,0,0,0,0,3,0,0,0,Anomalous_104
0.42790651162790694,4,0,0,0,3,0,2,0,2,0,3,4,3,0,0,0,4,3,0,0,5,4,8,3,5,1,3,3,0,3,5,10,4,4,4,4,Anomalous_105
0.5714281105990784,0,3,0,3,1,0,1,0,3,3,1,1,0,3,3,1,4,0,0,5,5,0,9,0,5,2,2,0,0,0,5,3,4,0,0,0,Anomalous_106
0.6666634146341464,4,1,0,0,0,0,0,0,1,0,0,0,0,2,0,0,0,1,0,0,0,0,1,0,0,0,0,1,0,0,0,0,2,4,4,4,Anomalous_107
0.6935467741935484,0,2,0,0,0,0,3,0,2,0,0,0,1,2,0,0,1,2,0,0,1,0,2,0,0,0,1,2,0,0,0,0,1,2,1,0,Anomalous_108
0.6074059259259259,4,3,0,0,0,0,0,0,2,0,0,4,0,0,0,0,4,0,0,0,0,0,4,0,0,0,0,0,0,0,0,1,4,4,4,4,Anomalous_109
0.8447167701863354,0,0,0,0,0,0,0,0,0,0,0,1,0,0,0,0,4,0,0,0,0,1,2,0,0,0,0,0,0,0,0,4,4,0,0,0,Anomalous_11
0.5146187134502924,0,4,0,0,4,0,4,0,3,0,4,2,2,4,0,4,5,3,0,1,4,0,3,0,1,1,0,3,0,0,1,0,2,3,0,0,Anomalous_110
0.8571422360248447,0,0,0,0,0,0,0,2,0,0,0,1,0,0,0,0,3,0,0,0,0,0,3,0,0,0,0,0,0,0,0,3,3,0,0,0,Anomalous_111
0.666663829787234,4,1,0,0,0,0,0,0,0,0,0,0,0,0,0,0,4,1,0,0,0,0,4,0,0,0,0,0,0,0,0,4,4,4,4,4,Anomalous_112
0.98749625,0,0,0,0,0,0,0,0,0,0,0,0,0,0,0,0,1,0,0,0,0,0,0,0,0,0,0,0,0,0,0,0,0,0,0,0,Anomalous_113
0.6666651515151515,4,2,0,0,0,0,0,0,1,0,0,0,0,0,0,0,4,0,0,0,0,0,3,0,0,0,0,0,0,0,0,2,4,4,4,4,Anomalous_114
0.8345302158273381,4,0,0,0,0,0,0,0,0,0,0,0,0,0,0,0,0,0,0,0,0,0,0,0,0,0,0,0,0,0,0,0,0,4,4,4,Anomalous_115
0.7432412162162162,0,1,0,0,0,0,1,0,2,0,0,0,0,1,0,0,4,1,0,0,0,0,2,0,0,0,0,1,0,0,0,5,4,1,0,0,Anomalous_116
0.9876512345679013,0,0,0,0,0,0,0,0,0,0,0,0,0,0,0,0,0,0,0,0,0,0,0,0,0,0,0,0,0,0,0,0,0,0,0,0,Anomalous_117
0.9493651898734177,0,0,0,0,0,0,0,0,0,0,0,0,0,0,0,0,0,0,0,0,0,0,0,0,0,0,0,0,0,0,0,0,0,0,0,0,Anomalous_118
0.6666634146341464,4,1,0,0,0,0,0,0,1,0,0,0,0,2,0,0,0,1,0,0,0,0,1,0,0,0,0,1,0,0,0,0,2,4,4,4,Anomalous_119
0.772725,4,0,0,0,0,0,0,0,0,0,0,1,0,0,0,0,0,0,0,0,0,0,0,0,0,0,0,2,0,0,0,0,2,4,4,4,Anomalous_12
0.6769223076923077,0,4,0,0,0,0,0,0,2,0,0,0,0,3,0,0,4,1,0,0,0,0,2,0,0,0,0,1,0,0,0,0,4,1,2,0,Anomalous_120
0.7050345323741007,0,2,0,0,0,0,0,1,2,0,0,1,0,2,0,0,4,2,0,0,0,0,1,0,0,0,0,2,0,0,0,4,4,2,0,0,Anomalous_121
0.824320945945946,0,1,0,0,0,0,0,0,0,0,0,0,0,0,0,0,3,1,0,0,0,0,4,0,0,0,0,0,0,0,0,1,3,0,0,0,Anomalous_122
0.9876512345679013,0,0,0,0,0,0,0,0,0,0,0,0,0,0,0,0,0,0,0,0,0,0,0,0,0,0,0,0,0,0,0,0,0,0,0,0,Anomalous_123
0.666665873015873,0,4,0,0,0,0,3,0,3,0,0,0,0,1,0,0,4,1,0,0,1,0,0,0,0,1,0,3,0,0,0,0,4,1,1,0,Anomalous_124
0.4109585616438356,4,5,0,5,8,0,8,2,2,5,8,3,4,5,0,0,9,6,0,0,7,2,3,7,7,2,4,6,0,6,7,0,7,4,4,4,Anomalous_125
0.837498125,0,0,0,0,0,0,0,0,1,0,0,1,0,0,0,0,4,0,0,0,0,0,4,0,0,0,0,0,0,0,0,4,4,0,0,0,Anomalous_126
0.5691040650406505,4,0,0,0,0,0,1,0,1,0,0,1,1,0,0,0,4,0,0,0,1,0,2,0,0,0,1,0,0,0,0,2,4,4,4,4,Anomalous_127
0.583998,0,3,0,4,3,0,4,1,2,4,3,0,0,4,4,3,3,8,8,0,0,2,1,8,0,0,0,8,0,7,0,0,2,0,0,0,Anomalous_128
0.5399995,4,1,0,2,3,0,3,0,2,2,3,0,0,2,0,0,3,3,0,0,3,1,2,3,3,1,3,3,0,3,3,0,1,4,4,4,Anomalous_129
0.8235274509803922,0,0,0,0,0,0,0,0,1,0,0,0,0,0,0,0,4,0,0,0,0,1,1,0,0,0,0,0,0,0,0,3,4,0,0,0,Anomalous_13
0.7611902985074627,4,1,0,0,0,0,0,0,0,0,0,0,0,0,0,0,0,0,0,0,0,0,0,0,0,0,0,1,0,0,0,0,2,4,4,4,Anomalous_130
0.3426562937062937,4,5,0,5,9,0,9,0,2,5,10,7,6,5,0,0,4,6,0,0,5,4,16,6,5,4,0,6,0,6,5,10,4,4,4,4,Anomalous_131
0.824998125,0,0,0,0,0,0,0,0,1,0,0,3,0,0,0,0,4,0,0,0,0,0,3,0,0,0,0,0,0,0,0,4,4,0,0,0,Anomalous_132
0.905404054054054,0,1,0,0,0,0,0,0,0,0,0,0,2,0,0,0,0,0,0,0,0,0,2,0,0,0,0,1,0,0,0,0,1,0,0,0,Anomalous_133
0.5351167224080268,1,2,0,1,3,0,3,0,1,2,3,1,1,2,2,3,3,10,10,4,4,1,8,10,4,2,1,10,0,10,4,0,4,0,0,0,Anomalous_134
0.8198745341614907,0,0,0,0,0,0,0,0,1,0,0,1,0,0,0,0,4,0,0,0,0,0,5,0,0,0,0,0,0,0,0,4,4,0,0,0,Anomalous_135
0.5217380434782608,4,2,0,3,0,0,0,0,2,3,0,0,2,3,0,0,4,0,0,0,3,1,3,0,3,1,1,0,0,0,3,8,4,4,4,4,Anomalous_136
0.9873392405063292,0,0,0,0,0,0,0,0,0,0,0,0,0,0,0,0,0,0,0,0,0,0,0,0,0,0,0,0,0,0,0,0,0,0,0,0,Anomalous_137
0.4424774336283186,4,2,0,0,5,0,5,0,0,0,5,2,2,0,0,0,6,1,0,0,12,0,1,1,11,7,3,1,0,1,11,0,8,4,4,4,Anomalous_138
0.49541009174311923,4,3,0,0,0,0,0,0,3,0,0,0,1,3,0,0,0,3,0,0,0,0,3,0,0,0,1,3,0,0,0,0,1,4,4,4,Anomalous_139
0.9281026143790849,0,1,0,0,0,0,0,0,0,0,0,0,0,0,0,0,0,0,0,0,0,0,0,0,0,0,0,0,0,0,0,0,3,0,0,0,Anomalous_14
0.8059679104477612,4,0,0,0,0,0,0,0,0,0,0,0,0,0,0,0,0,0,0,0,0,0,0,0,0,0,0,0,0,0,0,0,3,4,4,4,Anomalous_140
0.5399995,4,1,0,2,3,0,3,0,2,2,3,0,0,2,0,0,3,3,0,0,3,1,2,3,3,1,3,3,0,3,3,0,1,4,4,4,Anomalous_141
0.5241368965517241,0,2,0,2,2,0,2,0,1,2,2,0,2,3,2,2,2,7,7,8,9,0,5,7,9,6,2,7,0,7,9,0,4,0,0,0,Anomalous_142
0.6478859154929577,4,0,0,0,0,0,0,1,0,0,0,1,0,0,0,0,4,0,0,0,0,0,3,0,0,0,1,0,0,0,0,4,4,4,4,4,Anomalous_143
0.3426562937062937,4,5,0,5,9,0,9,0,2,5,10,7,6,5,0,0,4,6,0,0,5,4,16,6,5,4,0,6,0,6,5,10,4,4,4,4,Anomalous_144
0.666665873015873,0,4,0,0,0,0,3,0,3,0,0,0,0,1,0,0,4,1,0,0,1,0,0,0,0,1,0,3,0,0,0,0,4,1,1,0,Anomalous_145
0.4919770053475936,4,1,0,0,2,0,2,0,0,0,2,2,0,0,0,0,4,2,0,0,3,2,7,2,3,2,0,4,0,2,3,4,4,4,4,4,Anomalous_146
0.6201538759689922,0,3,0,3,3,0,3,1,1,3,3,1,1,4,3,3,3,4,5,1,1,1,4,6,1,0,0,5,0,5,1,0,1,0,0,0,Anomalous_147
0.34615329670329675,0,1,0,2,13,0,13,1,2,3,13,12,1,2,6,13,4,3,0,14,16,5,16,3,16,7,9,3,0,3,16,9,4,0,0,0,Anomalous_148
0.4821428571428571,4,3,0,0,0,0,1,0,3,0,0,0,0,2,0,0,4,2,0,0,1,0,0,0,0,0,0,2,0,0,0,2,4,4,4,4,Anomalous_149
0.8571422360248447,0,0,0,0,0,0,0,2,0,0,0,1,0,0,0,0,3,0,0,0,0,0,3,0,0,0,0,0,0,0,0,3,3,0,0,0,Anomalous_15
0.4672878504672897,4,2,0,0,0,0,1,0,2,0,0,0,1,2,0,0,3,2,0,0,1,0,1,0,0,0,1,2,0,0,0,1,4,4,4,4,Anomalous_150
0.7703688888888889,4,1,0,0,0,0,0,0,1,0,0,1,0,0,0,0,0,0,0,0,0,0,0,0,0,0,0,0,0,0,0,0,1,4,4,4,Anomalous_151
0.4919770053475936,4,1,0,0,2,0,2,0,0,0,2,2,0,0,0,0,4,2,0,0,3,2,7,2,3,2,0,4,0,2,3,4,4,4,4,4,Anomalous_152
0.6991837398373983,0,4,0,0,0,0,0,0,4,0,0,0,0,4,0,0,0,4,0,0,0,0,4,0,0,0,0,4,0,0,0,0,0,4,0,0,Anomalous_153
0.44444401709401704,0,2,0,1,7,0,10,1,0,1,7,2,7,2,1,7,10,4,3,2,5,0,4,3,2,0,4,4,0,3,2,0,5,0,2,0,Anomalous_154
0.8079463576158941,0,0,0,0,0,0,0,0,2,0,0,3,0,0,0,0,4,0,0,0,0,0,4,0,0,0,0,0,0,0,0,1,4,0,0,0,Anomalous_155
0.5909081818181818,0,2,0,0,5,0,5,1,0,0,5,5,1,0,0,5,3,0,0,4,4,0,6,0,4,0,4,0,0,0,4,0,4,0,0,0,Anomalous_156
0.7246369565217392,0,3,0,0,0,0,1,1,0,0,0,1,2,0,0,0,4,0,0,0,0,0,3,0,0,0,0,0,0,0,0,2,4,0,0,0,Anomalous_157
0.5906725388601036,1,1,0,0,1,0,3,0,0,0,1,0,3,1,0,1,3,3,2,2,5,0,3,2,2,1,2,3,0,2,2,0,4,0,1,0,Anomalous_158
0.8345302158273381,4,0,0,0,0,0,0,0,0,0,0,0,0,0,0,0,0,0,0,0,0,0,0,0,0,0,0,0,0,0,0,0,0,4,4,4,Anomalous_159
0.9873386075949367,0,0,0,0,0,0,0,0,0,0,0,0,0,0,0,0,0,0,0,0,0,0,0,0,0,0,0,0,0,0,0,0,0,0,0,0,Anomalous_16
0.3489357446808511,4,4,0,2,1,0,2,1,0,2,1,4,0,2,0,0,4,5,0,0,11,2,7,5,11,4,6,5,0,5,11,10,4,4,4,4,Anomalous_160
0.5735841509433962,0,0,0,1,5,0,5,0,0,1,5,0,1,1,1,5,5,5,5,5,5,0,3,5,5,3,1,6,0,5,5,0,2,0,0,0,Anomalous_161
0.8235274509803922,0,0,0,0,0,0,0,0,1,0,0,0,0,0,0,0,4,0,0,0,0,1,1,0,0,0,0,0,0,0,0,3,4,0,0,0,Anomalous_162
0.9937869565217391,0,0,0,0,0,0,0,0,0,0,0,0,0,0,0,0,0,0,0,0,0,0,0,0,0,0,0,0,0,0,0,0,0,0,0,0,Anomalous_163
0.6428557142857143,4,0,0,0,0,0,0,0,2,0,0,2,0,0,0,0,4,0,0,0,0,0,5,0,0,0,0,0,0,0,0,4,4,4,4,4,Anomalous_164
0.9685490566037736,0,0,0,0,0,0,0,0,0,0,0,0,0,0,0,0,0,0,0,0,0,0,0,0,0,0,0,0,0,0,0,0,0,1,0,0,Anomalous_165
0.7481992805755395,0,1,0,0,0,0,1,0,2,0,0,0,1,0,0,0,4,0,0,0,1,0,1,0,0,0,0,0,0,0,0,2,4,1,1,0,Anomalous_166
0.7343726562499999,4,0,0,0,0,0,0,0,1,0,0,0,0,0,0,0,0,1,0,0,0,0,0,0,0,0,0,0,0,0,0,0,0,4,4,4,Anomalous_167
0.6666652482269504,4,1,0,0,0,0,0,0,0,0,0,1,0,0,0,0,4,0,0,0,0,0,3,0,0,0,0,0,0,0,0,4,4,4,4,4,Anomalous_168
0.6093734375,4,0,0,0,0,0,1,1,0,0,0,0,0,0,0,0,4,0,0,0,1,2,2,0,0,0,0,0,0,0,0,2,4,4,4,4,Anomalous_169
0.5919968,4,2,0,0,0,0,1,0,0,0,0,0,0,0,0,0,4,0,0,0,0,0,4,0,0,0,0,0,0,0,0,1,4,4,4,4,Anomalous_17
0.5714281105990784,0,3,0,3,1,0,1,0,2,3,1,1,0,3,3,1,4,0,0,5,5,0,8,0,5,2,2,0,0,0,5,3,4,0,0,0,Anomalous_170
0.9873392405063292,0,0,0,0,0,0,0,0,0,0,0,0,0,0,0,0,0,0,0,0,0,0,0,0,0,0,0,0,0,0,0,0,0,0,0,0,Anomalous_171
0.43809428571428577,4,4,0,0,0,0,2,0,1,0,0,0,4,1,0,0,4,1,0,0,2,0,1,0,0,0,2,1,0,0,0,0,3,4,4,4,Anomalous_172
0.530804739336493,0,5,0,3,0,0,0,0,2,3,0,1,0,5,10,0,3,8,0,0,1,3,3,6,0,0,0,8,0,6,0,3,3,1,0,0,Anomalous_173
0.8198745341614907,0,0,0,0,0,0,0,0,1,0,0,1,0,0,0,0,4,0,0,0,0,0,5,0,0,0,0,0,0,0,0,4,4,0,0,0,Anomalous_174
0.666665873015873,0,4,0,0,0,0,3,0,3,0,0,0,0,1,0,0,4,1,0,0,1,0,0,0,0,1,0,3,0,0,0,0,4,1,1,0,Anomalous_175
0.8280235668789809,0,0,0,0,0,0,0,1,0,0,0,1,0,0,0,0,4,0,0,0,0,0,5,0,0,0,0,0,0,0,0,3,4,0,0,0,Anomalous_176
0.8280235668789809,0,0,0,0,0,0,0,1,0,0,0,1,0,0,0,0,4,0,0,0,0,0,5,0,0,0,0,0,0,0,0,3,4,0,0,0,Anomalous_177
0.3489357446808511,4,4,0,2,1,0,2,0,0,2,1,4,0,2,0,0,4,5,0,0,11,1,8,5,11,4,6,5,0,5,11,10,4,4,4,4,Anomalous_178
0.9493651898734177,0,0,0,0,0,0,0,0,0,0,0,0,0,0,0,0,0,0,0,0,0,0,0,0,0,0,0,0,0,0,0,0,0,0,0,0,Anomalous_179
0.9685490566037736,0,0,0,0,0,0,0,0,0,0,0,0,0,0,0,0,0,0,0,0,0,0,0,0,0,0,0,0,0,0,0,0,0,1,0,0,Anomalous_18
0.8571421428571429,4,0,0,0,0,0,0,0,0,0,0,0,0,0,0,0,0,0,0,0,0,0,0,0,0,0,0,0,0,0,0,0,0,4,4,4,Anomalous_180
0.6567134328358208,4,0,0,0,0,0,0,0,0,0,0,2,0,0,0,0,4,0,0,0,0,2,1,0,0,0,0,0,0,0,0,3,4,4,4,4,Anomalous_181
0.40203536895674297,0,14,0,14,6,0,6,6,7,14,6,3,2,14,13,6,6,7,7,8,10,3,3,7,8,3,4,7,0,7,8,0,8,0,0,0,Anomalous_182
0.4444430555555555,4,1,0,1,4,0,4,0,2,1,4,4,2,1,0,0,4,5,0,0,2,2,11,4,2,0,2,4,0,4,2,7,4,4,4,4,Anomalous_183
0.7482014388489209,0,0,0,0,0,0,1,0,1,0,0,0,0,0,0,0,4,0,0,0,2,0,1,0,0,0,0,1,0,0,0,2,4,0,1,0,Anomalous_184
0.501671906354515,0,3,0,3,5,0,5,1,0,3,5,0,1,3,3,4,5,6,6,8,8,1,3,6,8,2,5,8,0,6,7,0,5,0,0,0,Anomalous_185
0.6509419811320755,0,0,0,0,2,0,2,0,1,0,2,1,1,0,2,2,4,1,0,2,2,1,6,1,2,2,0,1,0,1,2,6,4,0,0,0,Anomalous_186
0.5074615671641791,0,4,0,4,0,0,0,0,1,4,0,5,1,4,13,0,4,8,0,2,2,5,8,8,2,1,0,8,0,8,2,7,4,0,0,0,Anomalous_187
0.824320945945946,0,1,0,0,0,0,0,0,0,0,0,0,0,0,0,0,3,0,0,0,0,0,6,0,0,0,0,0,0,0,0,1,3,0,0,0,Anomalous_188
0.7591233576642336,0,1,0,0,0,0,1,0,1,0,0,1,0,0,0,0,3,0,0,0,1,0,0,0,0,0,0,1,0,0,0,1,4,0,1,0,Anomalous_189
0.7432412162162162,0,1,0,0,0,0,0,0,2,0,0,0,2,1,0,0,4,1,0,0,0,0,2,0,0,0,0,1,0,0,0,5,4,1,0,0,Anomalous_19
0.9333313333333333,0,3,0,0,0,0,0,0,0,0,0,0,0,0,0,0,0,0,0,0,0,1,0,0,0,0,0,0,0,0,0,0,2,0,0,0,Anomalous_190
0.38738693693693693,4,3,0,2,8,0,8,0,0,2,8,3,3,2,0,0,4,2,0,0,5,0,14,2,5,0,4,4,0,2,5,2,4,4,4,4,Anomalous_191
0.7947006622516557,0,2,0,0,0,0,0,0,1,0,0,4,0,0,0,0,4,0,0,0,0,0,5,0,0,0,0,0,0,0,0,1,4,0,0,0,Anomalous_192
0.8345302158273381,4,0,0,0,0,0,0,0,0,0,0,0,0,0,0,0,0,0,0,0,0,0,0,0,0,0,0,0,0,0,0,0,0,4,4,4,Anomalous_193
0.5906725388601036,1,1,0,0,1,0,3,0,0,0,1,0,3,1,0,1,3,3,2,2,5,0,3,2,2,1,2,3,0,2,2,0,4,0,1,0,Anomalous_194
0.8368765957446809,4,0,0,0,0,0,0,0,0,0,0,0,0,0,0,0,0,0,0,0,0,0,0,0,0,0,0,0,0,0,0,0,0,4,4,4,Anomalous_195
0.6259526717557251,4,0,0,0,0,0,0,0,0,0,0,0,1,0,0,0,4,1,0,0,0,0,5,0,0,0,0,0,0,0,0,2,4,4,4,4,Anomalous_196
0.348546887966805,1,11,0,10,4,0,5,6,5,10,4,3,5,12,8,0,2,6,2,0,1,1,10,3,0,0,0,5,0,3,0,0,2,3,3,1,Anomalous_197
0.8965489655172414,0,0,0,0,0,0,1,0,0,0,0,0,1,0,0,0,1,0,0,0,2,0,0,0,0,0,1,0,0,0,0,0,1,0,1,0,Anomalous_198
0.9876512345679013,0,0,0,0,0,0,0,0,0,0,0,0,0,0,0,0,0,0,0,0,0,0,0,0,0,0,0,0,0,0,0,0,0,0,0,0,Anomalous_199
0.5486699115044248,4,3,0,0,0,0,1,0,1,0,0,0,1,1,0,0,1,1,0,0,1,0,2,0,0,0,1,2,0,0,0,0,3,4,4,4,Anomalous_2
0.36054387755102035,4,2,0,4,11,0,10,0,3,4,11,4,4,4,0,0,8,6,0,0,10,1,9,6,10,6,3,6,0,6,11,1,3,4,4,4,Anomalous_20
0.7611925373134328,4,1,0,0,0,0,1,0,0,0,0,0,1,0,0,0,0,0,0,0,0,1,0,0,0,0,0,0,0,0,0,0,1,4,4,4,Anomalous_21
0.5399995,4,1,0,2,3,0,3,0,1,2,3,0,0,2,0,0,3,3,0,0,3,2,1,3,3,1,3,3,0,3,3,0,1,4,4,4,Anomalous_22
0.7631572368421052,0,2,0,0,0,0,0,1,1,0,0,2,2,0,0,0,4,0,0,0,0,0,4,0,0,0,1,0,0,0,0,2,4,0,0,0,Anomalous_23
0.7313410447761194,0,3,0,0,0,0,1,0,0,0,0,0,1,1,0,0,3,0,0,0,1,0,2,0,0,0,1,0,0,0,0,1,3,0,2,0,Anomalous_24
0.74074,0,4,0,0,0,0,0,1,1,0,0,1,0,0,0,0,4,2,0,0,0,0,1,0,0,0,0,0,0,0,0,0,4,0,2,0,Anomalous_25
0.9480487012987013,0,2,0,0,0,0,0,0,0,0,0,0,0,0,0,0,0,0,0,0,0,0,0,0,0,0,0,0,0,0,0,0,1,0,0,0,Anomalous_26
0.8368787234042553,0,3,0,0,0,0,1,0,0,0,0,0,2,0,0,0,1,0,0,0,1,0,0,0,0,0,1,0,0,0,0,0,2,0,1,0,Anomalous_27
0.6611561983471075,0,4,0,0,0,0,1,0,2,0,0,0,2,2,0,0,1,2,0,0,1,0,2,0,0,0,1,2,0,0,0,0,2,2,1,0,Anomalous_28
0.40203536895674297,0,14,0,14,6,0,6,6,7,14,6,3,2,14,13,6,6,7,7,8,10,3,3,7,8,3,4,7,0,7,8,0,8,0,0,0,Anomalous_29
0.8447167701863354,0,0,0,0,0,0,0,0,0,0,0,1,0,0,0,0,4,0,0,0,0,1,2,0,0,0,0,0,0,0,0,4,4,0,0,0,Anomalous_3
0.6074059259259259,4,3,0,0,0,0,0,0,3,0,0,4,0,0,0,0,4,0,0,0,0,0,5,0,0,0,0,0,0,0,0,1,4,4,4,4,Anomalous_30
0.7432412162162162,0,1,0,0,0,0,1,0,2,0,0,0,0,1,0,0,4,1,0,0,0,0,2,0,0,0,0,1,0,0,0,5,4,1,0,0,Anomalous_31
0.6991837398373983,0,4,0,0,0,0,0,0,4,0,0,0,0,4,0,0,0,4,0,0,0,0,4,0,0,0,0,4,0,0,0,0,0,4,0,0,Anomalous_32
0.3489357446808511,4,4,0,2,1,0,2,1,0,2,1,4,0,2,0,0,4,5,0,0,11,2,7,5,11,4,6,5,0,5,11,10,4,4,4,4,Anomalous_33
0.8499981249999999,0,0,0,0,0,0,0,0,0,0,0,1,0,0,0,0,4,0,0,0,0,0,2,0,0,0,0,0,0,0,0,4,4,0,0,0,Anomalous_34
0.7910402985074627,4,1,0,0,0,0,0,0,0,0,0,0,0,0,0,0,1,0,0,0,0,0,0,0,0,0,0,0,0,0,0,0,0,4,4,4,Anomalous_35
0.7194230215827337,1,2,0,0,0,0,0,0,3,0,0,1,0,1,0,0,4,1,0,0,0,0,3,0,0,0,0,1,0,0,0,4,4,1,0,0,Anomalous_36
0.6074059259259259,4,3,0,0,0,0,0,0,2,0,0,4,0,0,0,0,4,0,0,0,0,0,4,0,0,0,0,0,0,0,0,1,4,4,4,4,Anomalous_37
0.4280143968871596,4,1,0,5,8,0,7,1,3,5,8,0,3,5,0,0,8,3,0,0,9,0,2,3,9,7,1,3,0,3,9,0,2,4,4,4,Anomalous_38
0.8368765957446809,4,0,0,0,0,0,0,0,0,0,0,0,0,0,0,0,0,0,0,0,0,0,0,0,0,0,0,0,0,0,0,0,0,4,4,4,Anomalous_39
0.5128205128205128,4,2,0,0,0,0,0,1,1,0,0,0,0,1,0,0,4,1,0,0,0,0,2,0,0,1,0,3,0,0,0,2,4,4,4,4,Anomalous_4
0.8510602836879433,4,0,0,0,0,0,0,0,0,0,0,0,0,0,0,0,0,0,0,0,0,0,0,0,0,0,0,0,0,0,0,0,0,4,4,4,Anomalous_40
0.48132697095435684,0,3,0,2,3,0,4,0,4,2,3,2,2,3,7,3,4,5,0,3,4,1,9,4,3,0,3,5,0,4,3,6,4,0,0,0,Anomalous_41
0.6839809523809524,0,1,0,1,4,0,4,0,0,0,4,2,1,1,1,4,4,2,2,1,1,0,1,2,1,0,0,2,0,2,1,0,1,0,1,0,Anomalous_42
0.43809428571428577,4,4,0,0,0,0,2,0,1,0,0,0,4,1,0,0,4,1,0,0,2,0,1,0,0,0,2,1,0,0,0,0,3,4,4,4,Anomalous_43
0.98749625,0,0,0,0,0,0,0,0,0,0,0,0,0,0,0,0,1,0,0,0,0,0,0,0,0,0,0,0,0,0,0,0,0,0,0,0,Anomalous_44
0.8510609929078015,4,0,0,0,0,0,0,0,0,0,0,0,0,0,0,0,0,0,0,0,0,0,0,0,0,0,0,0,0,0,0,0,0,4,4,4,Anomalous_45
0.824998125,0,0,0,0,0,0,0,0,1,0,0,3,0,0,0,0,4,0,0,0,0,0,3,0,0,0,0,0,0,0,0,4,4,0,0,0,Anomalous_46
0.42790651162790694,4,0,0,0,3,0,2,0,2,0,3,4,3,0,0,0,4,3,0,0,5,4,8,3,5,1,3,3,0,3,5,10,4,4,4,4,Anomalous_47
0.434781884057971,4,5,0,5,6,0,5,0,4,5,5,1,3,5,0,0,5,7,0,0,6,4,2,7,6,4,1,7,0,7,6,0,6,4,4,4,Anomalous_48
0.5245895081967213,0,4,0,4,3,0,3,1,2,4,3,0,2,4,4,3,4,5,5,8,8,4,0,5,8,2,5,5,0,5,8,0,8,0,0,0,Anomalous_49
0.6839809523809524,0,1,0,1,4,0,4,0,0,0,4,1,2,1,1,4,4,2,2,1,1,0,1,2,1,0,1,2,0,2,1,0,3,0,0,0,Anomalous_5
0.5139653631284916,4,1,0,0,2,0,2,1,1,0,2,4,0,0,0,0,4,1,0,0,1,1,6,1,1,0,1,2,0,1,1,6,4,4,4,4,Anomalous_50
0.5688884444444444,0,2,0,2,1,0,1,0,3,2,1,3,0,2,8,1,4,5,0,1,1,0,13,6,1,0,0,4,0,5,1,1,4,0,0,0,Anomalous_51
0.4280143968871596,4,1,0,5,8,0,7,1,3,5,8,0,3,5,0,0,8,3,0,0,9,0,2,3,9,7,1,3,0,3,9,0,2,4,4,4,Anomalous_52
0.824998125,0,0,0,0,0,0,0,0,1,0,0,3,0,0,0,0,4,0,0,0,0,0,3,0,0,0,0,0,0,0,0,4,4,0,0,0,Anomalous_53
0.6074059259259259,4,3,0,0,0,0,0,0,2,0,0,4,0,0,0,0,4,0,0,0,0,0,4,0,0,0,0,0,0,0,0,1,4,4,4,4,Anomalous_54
0.597013432835821,4,2,0,2,3,0,3,0,1,2,3,2,0,2,0,0,3,3,0,0,0,0,2,3,0,0,0,3,0,4,0,0,0,4,4,4,Anomalous_55
0.477874778761062,4,2,0,2,3,0,3,1,0,1,3,2,0,1,0,0,3,8,0,0,5,0,3,7,5,3,1,7,0,7,4,0,5,4,4,4,Anomalous_56
0.5681810606060607,0,2,0,2,5,0,4,0,0,2,4,3,4,2,8,4,5,5,0,2,2,3,5,5,2,0,2,5,0,5,2,2,3,0,0,0,Anomalous_57
0.5599985000000001,4,0,0,1,2,0,2,1,0,1,2,0,0,2,0,0,2,1,0,0,7,0,2,1,7,2,4,1,0,1,7,0,0,4,4,4,Anomalous_58
0.7401527559055119,4,0,0,0,0,0,1,0,0,0,0,0,1,0,0,0,1,0,0,0,1,0,0,0,0,0,1,0,0,0,0,0,1,4,4,4,Anomalous_59
0.7499992647058824,0,3,0,0,0,0,0,0,0,0,0,1,0,0,0,0,4,0,0,0,0,0,1,0,0,2,0,2,0,0,0,0,4,0,0,0,Anomalous_6
0.9281026143790849,0,1,0,0,0,0,0,0,0,0,0,0,0,0,0,0,0,0,0,0,0,0,0,0,0,0,0,0,0,0,0,0,3,0,0,0,Anomalous_60
0.6259526717557251,4,0,0,0,0,0,0,0,1,0,0,0,1,1,0,0,4,0,0,0,0,0,4,0,0,0,0,1,0,0,0,2,4,4,4,4,Anomalous_61
0.582676377952756,4,3,0,0,0,0,0,0,1,0,0,2,1,0,0,0,4,0,0,0,0,0,7,0,0,0,0,0,0,0,0,1,4,4,4,4,Anomalous_62
0.5663716814159292,4,2,0,0,0,0,1,0,0,0,0,2,0,0,0,0,2,2,0,0,1,0,1,0,0,0,0,0,0,0,0,0,3,4,4,4,Anomalous_63
0.3489357446808511,4,4,0,2,1,0,2,1,0,2,1,4,0,2,0,0,4,5,0,0,11,2,7,5,11,4,6,5,0,5,11,10,4,4,4,4,Anomalous_64
0.37344356846473026,4,1,0,3,4,0,4,0,4,3,4,3,2,3,0,0,4,5,0,0,8,1,9,5,8,4,3,4,0,5,8,7,4,4,4,4,Anomalous_65
0.6776834710743802,4,1,0,0,0,0,1,0,0,0,0,0,1,0,0,0,1,0,0,0,1,0,0,0,0,0,1,0,0,0,0,0,1,4,4,4,Anomalous_66
0.5423720338983051,4,2,0,0,0,0,2,0,2,0,0,0,0,1,0,0,4,2,0,0,1,0,0,0,0,1,0,1,0,0,0,1,4,4,4,4,Anomalous_67
0.98749625,0,0,0,0,0,0,0,0,0,0,0,0,0,0,0,0,1,0,0,0,0,0,0,0,0,0,0,0,0,0,0,0,0,0,0,0,Anomalous_68
0.4424774336283186,4,2,0,0,5,0,5,0,0,0,5,2,2,0,0,0,6,1,0,0,12,0,1,1,11,7,3,1,0,1,11,0,8,4,4,4,Anomalous_69
0.46846846846846846,4,2,0,0,0,0,2,1,1,0,0,1,0,0,0,0,4,1,0,0,2,0,2,0,0,2,0,1,0,0,0,0,4,4,4,4,Anomalous_7
0.530804739336493,0,5,0,3,0,0,0,0,2,3,0,1,0,5,10,0,3,8,0,0,1,3,3,6,0,0,0,8,0,6,0,3,3,1,0,0,Anomalous_70
0.824320945945946,0,1,0,0,0,0,0,0,0,0,0,0,0,0,0,0,3,1,0,0,0,0,4,0,0,0,0,0,0,0,0,1,3,0,0,0,Anomalous_71
0.5423720338983051,4,2,0,0,0,0,2,0,2,0,0,0,0,1,0,0,4,2,0,0,1,0,0,0,0,1,0,1,0,0,0,1,4,4,4,4,Anomalous_72
0.7727272727272727,0,4,0,0,0,0,0,0,1,0,0,1,0,1,0,0,1,1,0,0,0,0,2,0,0,0,0,1,0,0,0,0,2,1,0,0,Anomalous_73
0.8028140845070423,4,0,0,0,0,0,0,0,0,0,0,0,0,0,0,0,0,0,0,0,0,0,0,0,0,0,0,0,0,0,0,0,0,4,4,4,Anomalous_74
0.4173908695652174,4,4,0,4,1,0,1,0,3,4,1,6,0,4,0,0,4,6,0,0,3,4,7,6,3,2,0,6,0,6,3,8,4,4,4,4,Anomalous_75
0.45794252336448593,4,2,0,1,2,0,1,0,0,1,2,3,0,1,0,0,4,0,0,0,8,0,7,0,8,1,6,1,0,0,8,13,4,4,4,4,Anomalous_76
0.7999985714285714,0,0,0,0,0,0,1,0,0,0,0,0,1,1,0,0,2,0,0,0,1,0,1,0,0,0,2,1,0,0,0,0,2,0,1,0,Anomalous_77
0.5137596330275229,4,1,0,0,0,0,3,0,1,0,0,0,2,1,0,0,2,1,0,0,2,0,1,0,0,0,2,2,0,0,0,0,3,4,4,4,Anomalous_78
0.721803007518797,0,0,0,0,0,0,2,0,1,0,0,0,1,0,0,0,4,0,0,0,2,0,0,0,0,0,1,0,0,0,0,1,4,0,2,0,Anomalous_79
0.7481992805755395,0,1,0,0,0,0,1,0,2,0,0,0,1,0,0,0,4,0,0,0,1,0,1,0,0,0,0,0,0,0,0,2,4,1,1,0,Anomalous_8
0.5409803278688525,4,2,0,0,0,0,1,0,3,0,0,0,0,2,0,0,4,2,0,0,0,0,1,0,0,0,0,2,0,0,0,4,4,4,4,4,Anomalous_80
0.7611902985074627,4,1,0,0,0,0,0,0,0,0,0,0,0,0,0,0,0,0,0,0,0,0,0,0,0,0,0,1,0,0,0,0,2,4,4,4,Anomalous_81
0.6050411764705883,0,4,0,0,0,0,0,0,4,0,0,0,1,4,0,0,3,4,0,0,0,0,4,0,0,0,0,4,0,0,0,0,3,4,0,0,Anomalous_82
0.5351167224080268,1,2,0,1,3,0,3,1,0,2,3,1,1,2,2,3,3,10,10,4,4,2,7,10,4,2,1,10,0,10,4,0,4,0,0,0,Anomalous_83
0.666663768115942,4,0,0,0,0,0,0,1,0,0,0,0,0,0,0,0,4,0,0,0,0,0,4,0,0,0,0,0,0,0,0,4,4,4,4,4,Anomalous_84
0.8510624113475177,0,0,0,0,0,0,0,0,0,0,0,0,0,0,0,0,0,0,0,0,0,1,2,0,0,0,0,0,0,0,0,0,2,0,0,0,Anomalous_85
0.7313410447761194,0,3,0,0,0,0,1,0,0,0,0,0,1,1,0,0,3,0,0,0,1,0,2,0,0,0,1,0,0,0,0,1,3,0,2,0,Anomalous_86
0.8280235668789809,0,0,0,0,0,0,0,1,0,0,0,1,0,0,0,0,4,0,0,0,0,0,5,0,0,0,0,0,0,0,0,3,4,0,0,0,Anomalous_87
0.5599985000000001,4,0,0,1,2,0,2,1,0,1,2,0,0,2,0,0,2,1,0,0,7,0,2,1,7,2,4,1,0,1,7,0,0,4,4,4,Anomalous_88
0.7703688888888889,4,1,0,0,0,0,0,0,1,0,0,1,0,0,0,0,0,0,0,0,0,0,0,0,0,0,0,0,0,0,0,0,1,4,4,4,Anomalous_89
0.6567134328358208,4,0,0,0,0,0,0,0,0,0,0,2,0,0,0,0,4,0,0,0,0,2,1,0,0,0,0,0,0,0,0,3,4,4,4,4,Anomalous_9
0.5906725388601036,1,1,0,0,1,0,3,0,0,0,1,0,3,1,0,1,3,3,2,2,5,0,3,2,2,1,2,3,0,2,2,0,4,0,1,0,Anomalous_90
0.8571421428571429,4,0,0,0,0,0,0,0,0,0,0,0,0,0,0,0,0,0,0,0,0,0,0,0,0,0,0,0,0,0,0,0,0,4,4,4,Anomalous_91
0.7432412162162162,0,1,0,0,0,0,0,0,2,0,0,0,2,1,0,0,4,1,0,0,0,0,2,0,0,0,0,1,0,0,0,5,4,1,0,0,Anomalous_92
0.4109585616438356,4,5,0,5,8,0,8,2,2,5,8,3,4,5,0,0,9,6,0,0,7,2,3,7,7,2,4,6,0,6,7,0,7,4,4,4,Anomalous_93
0.6451604838709677,0,4,0,0,0,0,1,0,1,0,0,0,1,2,0,0,4,2,0,0,0,0,3,0,0,0,0,2,0,0,0,2,4,2,0,0,Anomalous_94
0.4859808411214953,4,0,0,0,5,0,5,0,0,0,6,4,1,0,0,0,3,1,0,0,5,4,5,1,5,2,2,1,0,1,6,6,3,4,4,4,Anomalous_95
0.8175167883211679,0,1,0,0,0,0,0,0,1,0,0,0,0,1,0,0,0,1,0,0,0,0,1,0,0,0,0,1,0,0,0,0,4,1,0,0,Anomalous_96
0.5272727272727273,4,2,0,0,0,0,1,0,1,0,0,2,1,1,0,0,2,1,0,0,1,0,1,0,0,0,1,1,0,0,0,0,3,4,4,4,Anomalous_97
0.9873386075949367,0,0,0,0,0,0,0,0,0,0,0,0,0,0,0,0,0,0,0,0,0,0,0,0,0,0,0,0,0,0,0,0,0,0,0,0,Anomalous_98
0.9873392405063292,0,0,0,0,0,0,0,0,0,0,0,0,0,0,0,0,0,0,0,0,0,0,0,0,0,0,0,0,0,0,0,0,0,0,0,0,Anomalous_99
0.4740256493506494,0,3,0,6,5,0,5,1,3,6,5,3,0,6,6,5,5,12,12,1,1,2,6,12,1,1,0,12,0,12,1,0,2,0,0,0,Normal_0
0.9473671052631579,0,1,0,0,0,0,0,0,0,0,0,0,0,0,0,0,0,0,0,0,0,0,0,0,0,0,0,0,0,0,0,0,1,0,0,0,Normal_1
0.495725641025641,4,4,0,0,0,0,2,0,2,0,0,1,1,0,0,0,4,0,0,0,1,0,2,0,0,0,0,1,0,0,0,1,4,4,4,4,Normal_10
0.3513506756756757,4,3,0,0,0,0,2,3,1,3,0,0,2,7,0,0,3,7,0,0,5,0,5,5,1,0,5,2,0,0,0,0,2,4,4,4,Normal_100
0.7878765151515151,0,0,0,0,0,0,2,0,0,0,0,0,2,0,0,0,2,0,0,0,2,0,0,0,0,0,2,0,0,0,0,0,2,0,2,0,Normal_101
0.7142857142857143,0,0,0,0,0,0,4,2,0,0,0,0,1,0,0,0,4,0,0,0,4,0,0,0,0,2,1,0,0,0,0,0,4,0,4,0,Normal_102
0.6259526717557251,4,1,0,0,0,0,0,0,3,0,0,2,0,0,0,0,4,0,0,0,0,0,3,0,0,0,0,1,0,0,0,1,4,4,4,4,Normal_103
0.5288456730769231,4,2,0,6,3,0,3,4,0,5,3,1,1,5,0,0,3,4,0,0,0,0,1,4,0,0,0,4,0,4,0,0,2,4,4,4,Normal_104
0.29268292682926833,4,5,0,4,5,0,9,0,4,4,5,3,3,5,0,0,4,6,0,0,5,3,7,5,1,4,0,6,0,5,1,2,4,4,4,4,Normal_105
0.29378474576271185,4,2,0,2,4,0,4,0,3,7,9,7,5,7,0,0,3,31,0,0,9,13,31,31,9,1,7,8,0,8,0,3,3,4,4,4,Normal_106
0.520228901734104,4,2,0,0,5,0,6,0,1,0,5,0,3,1,0,0,6,1,0,0,3,0,0,0,2,0,2,1,0,0,2,0,1,4,4,4,Normal_107
0.29799426934097417,0,1,0,0,9,8,11,0,1,0,18,11,8,1,0,18,20,4,2,18,20,1,2,2,18,8,11,1,2,0,1,16,3,1,1,0,Normal_108
0.6206862068965517,4,1,0,0,0,0,1,0,1,0,0,0,1,1,0,0,1,1,0,0,1,0,1,0,0,0,1,1,0,0,0,0,1,4,4,4,Normal_109
0.3684201754385965,4,4,0,2,2,0,3,1,4,4,7,1,6,6,0,0,8,5,0,0,11,1,3,3,10,4,6,2,0,0,3,0,4,4,4,4,Normal_11
0.43636290909090913,4,0,0,0,4,0,3,0,0,1,11,5,5,1,0,0,11,7,0,0,14,1,5,7,14,6,7,0,0,0,5,0,5,4,4,4,Normal_110
0.4285708791208791,4,2,0,1,0,0,2,0,2,2,0,1,1,3,0,0,2,6,0,0,10,0,3,5,8,4,5,1,0,0,1,0,1,4,4,4,Normal_111
0.4115755627009646,0,1,2,1,0,1,0,0,4,4,1,2,1,4,23,1,4,18,0,2,3,3,20,18,2,3,0,8,9,8,1,6,4,0,0,0,Normal_112
0.4363627272727273,0,2,0,1,4,3,4,0,1,1,8,4,3,1,7,8,5,7,1,13,13,1,11,7,13,5,7,0,6,0,4,13,2,0,0,0,Normal_113
0.45890410958904104,0,5,0,5,3,0,3,0,3,5,3,8,1,5,12,3,4,6,0,4,4,2,12,6,4,1,2,6,0,6,4,9,4,0,0,0,Normal_114
0.6504065040650406,0,3,0,0,0,0,0,0,3,0,0,0,0,3,0,0,4,3,0,0,0,0,0,0,0,0,0,3,0,0,0,2,4,3,0,0,Normal_115
0.29799426934097417,0,1,0,0,9,8,11,0,1,0,18,10,9,1,0,18,20,4,2,18,20,1,2,2,18,7,12,1,2,0,1,16,3,1,1,0,Normal_116
0.6504065040650406,0,3,0,0,0,0,0,0,3,0,0,0,0,3,0,0,4,3,0,0,0,0,0,0,0,0,0,3,0,0,0,2,4,3,0,0,Normal_117
0.46258435374149665,4,2,0,0,2,0,2,0,3,0,2,2,0,2,0,0,4,2,0,0,1,0,3,0,1,1,0,2,0,0,1,6,4,4,4,4,Normal_118
0.605504128440367,0,1,0,0,7,0,7,0,1,0,7,6,0,1,0,7,7,1,0,3,3,0,1,0,3,1,1,1,0,0,3,0,3,1,0,0,Normal_119
0.6991829268292683,4,2,0,0,0,0,0,0,1,0,0,0,0,1,0,0,0,1,0,0,0,0,1,0,0,0,0,1,0,0,0,0,0,4,4,4,Normal_12
0.7625892086330935,0,0,0,0,0,0,0,0,1,0,0,1,0,0,0,0,4,0,0,0,0,0,5,0,0,0,0,0,0,0,0,2,4,0,0,0,Normal_120
0.48818818897637795,4,3,0,1,0,0,1,0,1,1,0,0,1,3,0,0,4,1,0,0,2,0,0,0,0,1,0,1,0,0,0,2,4,4,4,4,Normal_121
0.6999971428571429,4,0,0,0,0,0,0,0,0,0,0,0,0,0,0,0,4,0,0,0,0,0,4,0,0,0,0,0,0,0,0,4,4,4,4,4,Normal_122
0.43537380952380955,0,1,0,1,3,2,3,0,3,1,6,3,1,1,14,6,4,12,0,5,5,3,17,12,5,2,2,2,9,2,2,6,4,0,0,0,Normal_123
0.37722419928825623,0,3,1,1,1,2,2,0,4,3,4,2,3,5,11,4,4,9,0,9,10,4,9,7,9,8,1,4,4,2,0,13,4,1,0,0,Normal_124
0.48175109489051093,4,4,0,1,0,0,2,0,3,1,0,0,2,3,0,0,2,3,0,0,1,0,3,1,0,0,1,3,0,1,0,0,1,4,4,4,Normal_125
0.4740256493506494,0,3,0,6,5,0,5,1,3,6,5,3,0,6,6,5,5,12,12,1,1,2,6,12,1,1,0,12,0,12,1,0,2,0,0,0,Normal_126
0.3106796116504854,4,3,0,3,4,0,6,0,5,5,5,2,0,5,0,0,4,6,0,0,9,2,10,5,7,7,1,2,0,1,2,0,4,4,4,4,Normal_127
0.520228901734104,4,2,0,0,5,0,6,0,1,0,5,0,3,1,0,0,6,1,0,0,3,0,0,0,2,0,2,1,0,0,2,0,1,4,4,4,Normal_128
0.999999375,0,0,0,0,0,0,0,0,0,0,0,0,0,0,0,0,0,0,0,0,0,0,0,0,0,0,0,0,0,0,0,0,0,0,0,0,Normal_129
0.4958665289256199,0,4,0,3,1,0,2,0,2,3,1,0,1,4,8,1,4,5,0,4,5,4,4,4,4,3,1,5,0,4,4,8,4,0,0,0,Normal_13
0.47457514124293787,0,3,0,2,3,0,5,0,3,2,3,0,1,5,3,3,4,3,0,1,3,0,5,0,1,3,0,3,0,0,1,2,4,2,1,0,Normal_130
0.8374975,0,0,0,0,0,0,0,2,0,0,0,1,0,0,0,0,4,0,0,0,0,0,4,0,0,0,0,0,0,0,0,4,4,0,0,0,Normal_131
0.47618952380952384,4,3,0,0,0,0,3,0,0,0,0,0,3,0,0,0,3,0,0,0,3,0,1,0,0,0,3,0,0,0,0,0,4,4,4,4,Normal_132
0.4467005076142132,0,4,0,0,2,3,3,0,3,0,5,1,3,2,0,5,4,2,0,6,7,0,6,0,6,2,4,2,0,0,0,9,4,2,0,0,Normal_133
0.3695649456521739,0,1,2,0,4,7,4,0,0,3,13,3,5,3,17,13,4,13,0,10,9,4,22,13,10,6,3,3,9,3,5,10,4,0,0,0,Normal_134
0.763357251908397,4,1,0,0,0,0,0,0,0,0,0,0,0,0,0,0,0,0,0,0,0,0,0,0,0,0,0,0,0,0,0,0,3,4,4,4,Normal_135
0.9677393548387097,0,2,0,0,0,0,0,0,0,0,0,0,0,0,0,0,0,0,0,0,0,0,0,0,0,0,0,0,0,0,0,0,1,0,0,0,Normal_136
0.8571392857142857,4,0,0,0,0,0,0,0,0,0,0,0,0,0,0,0,0,0,0,0,0,0,0,0,0,0,0,0,0,0,0,0,0,4,4,4,Normal_137
0.6504065040650406,0,3,0,0,0,0,0,0,3,0,0,0,0,3,0,0,4,3,0,0,0,0,0,0,0,0,0,3,0,0,0,2,4,3,0,0,Normal_138
0.5299119658119658,4,2,0,0,0,0,0,0,2,0,0,0,0,2,0,0,4,2,0,0,1,0,0,0,0,0,0,2,0,0,0,3,4,4,4,4,Normal_139
0.7872308510638297,0,0,0,1,1,0,1,2,0,1,1,0,0,2,1,1,2,1,1,0,0,0,0,1,0,0,0,1,0,1,0,0,1,0,0,0,Normal_14
0.6106854961832061,0,1,0,1,5,0,5,1,0,1,5,3,1,1,1,5,5,1,1,6,6,0,0,1,6,3,2,1,0,1,6,0,6,0,0,0,Normal_140
0.4753363228699552,0,3,0,2,3,0,5,0,3,2,3,5,1,3,4,3,4,2,0,4,6,0,7,1,4,3,2,2,0,1,4,7,4,0,1,0,Normal_141
0.5046710280373832,4,4,0,0,0,0,1,0,2,0,0,0,1,2,0,0,1,2,0,0,1,0,2,0,0,0,1,2,0,0,0,0,1,4,4,4,Normal_142
0.3448268199233716,0,3,0,0,3,5,3,0,4,0,9,5,4,3,0,9,4,4,0,12,12,1,9,0,12,4,7,3,0,0,4,17,4,3,0,0,Normal_143
0.44268735177865615,0,2,0,0,8,0,9,0,3,0,8,3,2,1,6,8,4,6,0,3,4,1,12,5,3,3,0,6,0,5,3,3,4,0,0,0,Normal_144
0.6165398496240602,4,0,0,0,0,0,1,0,4,0,0,2,0,0,0,0,4,0,0,0,0,0,5,0,0,0,0,0,0,0,0,2,4,4,4,4,Normal_145
1.0,0,0,0,0,0,0,0,0,0,0,0,0,0,0,0,0,0,0,0,0,0,0,0,0,0,0,0,0,0,0,0,0,0,0,0,0,Normal_146
0.524063101604278,0,4,0,0,4,0,5,0,3,0,4,1,2,3,0,4,5,3,0,2,3,0,2,0,2,0,3,3,0,0,2,0,3,2,0,0,Normal_147
0.7872308510638297,0,0,0,1,1,0,1,2,0,1,1,0,0,2,1,1,2,1,1,0,0,0,0,1,0,0,0,1,0,1,0,0,1,0,0,0,Normal_148
0.3218373563218391,4,3,0,2,0,0,3,0,3,5,2,1,0,7,0,0,4,8,0,0,6,2,6,6,3,3,2,2,0,0,2,0,4,4,4,4,Normal_149
0.999999375,0,0,0,0,0,0,0,0,0,0,0,0,0,0,0,0,0,0,0,0,0,0,0,0,0,0,0,0,0,0,0,0,0,0,0,0,Normal_15
0.3605442176870748,4,0,0,0,5,0,5,1,1,3,13,4,3,3,0,0,12,11,0,0,14,1,7,11,14,6,7,5,0,5,7,1,4,4,4,4,Normal_150
0.3141025641025641,4,5,0,5,0,0,0,0,4,10,1,7,1,10,0,0,4,26,0,0,7,15,17,26,7,3,3,5,0,5,0,5,4,4,4,4,Normal_151
0.5172396551724138,4,3,0,0,0,0,0,0,3,0,0,0,0,3,0,0,4,3,0,0,0,0,0,0,0,0,0,3,0,0,0,4,4,4,4,4,Normal_152
0.594592972972973,4,1,0,0,2,0,2,0,0,0,2,2,0,0,0,0,2,2,0,0,3,1,1,2,3,2,0,2,0,2,3,0,1,4,4,4,Normal_153
0.6999957142857143,4,0,0,0,0,0,0,0,0,0,0,0,0,0,0,0,4,0,0,0,0,0,4,0,0,0,0,0,0,0,0,4,4,4,4,4,Normal_154
0.4469693181818182,0,0,0,0,4,2,6,0,1,0,7,3,5,1,0,7,9,1,0,12,14,0,0,0,13,4,9,1,0,0,2,9,4,0,1,0,Normal_155
0.42857,4,3,0,0,2,0,3,0,3,0,2,2,0,3,0,0,3,3,0,0,3,0,3,0,2,0,3,3,0,0,2,0,3,4,4,4,Normal_156
0.6999971428571429,4,0,0,0,0,0,0,0,0,0,0,0,0,0,0,0,4,0,0,0,0,0,4,0,0,0,0,0,0,0,0,4,4,4,4,4,Normal_157
0.8489172661870503,4,0,0,0,0,0,0,0,0,0,0,0,0,0,0,0,0,0,0,0,0,0,0,0,0,0,0,0,0,0,0,0,0,4,4,4,Normal_158
0.5737688524590163,4,2,0,0,0,0,2,0,3,0,0,0,0,0,0,0,4,0,0,0,0,0,2,0,0,0,0,0,0,0,0,2,4,4,4,4,Normal_159
0.4308934959349594,4,4,0,3,7,0,7,1,1,3,7,2,2,3,0,0,7,5,0,0,6,0,2,5,6,4,2,5,0,5,6,0,3,4,4,4,Normal_16
0.4408159183673469,1,5,0,7,4,0,5,2,2,7,4,4,1,8,4,0,3,4,2,0,4,3,6,3,3,2,1,4,0,3,3,1,3,2,2,1,Normal_160
0.3525423728813559,0,3,0,0,8,3,9,0,3,0,12,2,10,3,0,12,13,4,1,13,14,0,4,1,13,4,9,2,1,0,2,10,3,2,0,0,Normal_161
0.837498125,0,0,0,0,0,0,0,0,1,0,0,2,0,0,0,0,4,0,0,0,0,0,4,0,0,0,0,0,0,0,0,4,4,0,0,0,Normal_162
0.7625892086330935,0,0,0,0,0,0,0,0,0,0,0,1,0,0,0,0,4,0,0,0,0,0,2,0,0,0,0,2,0,0,0,2,4,0,0,0,Normal_163
0.4818177272727273,4,4,0,4,2,0,2,0,1,4,2,2,0,4,0,0,4,4,0,0,4,1,3,4,4,0,3,4,0,4,4,1,5,4,4,4,Normal_164
0.46258435374149665,4,2,0,0,2,0,2,0,3,0,2,1,1,2,0,0,4,2,0,0,1,0,3,0,1,0,0,2,0,0,1,6,4,4,4,4,Normal_165
0.524063101604278,0,4,0,0,4,0,5,0,3,0,4,1,2,3,0,4,5,3,0,2,3,0,2,0,2,0,3,3,0,0,2,0,3,2,0,0,Normal_166
0.8088213235294117,0,1,0,0,0,0,2,0,0,0,0,0,3,0,0,0,2,0,0,0,2,0,0,0,0,0,2,0,0,0,0,0,3,0,2,0,Normal_167
0.5737688524590163,4,2,0,0,0,0,0,0,3,0,0,1,0,0,0,0,4,0,0,0,0,0,2,0,0,0,0,0,0,0,0,2,4,4,4,4,Normal_168
0.6153825641025641,4,1,0,1,5,0,5,0,1,1,5,2,2,1,0,0,5,0,0,0,1,0,0,0,1,0,1,0,0,0,1,0,1,4,4,4,Normal_169
0.46258435374149665,4,2,0,0,2,0,2,0,3,0,2,1,1,2,0,0,4,2,0,0,1,0,3,0,1,0,0,2,0,0,1,6,4,4,4,4,Normal_17
0.3605442176870748,4,0,0,0,5,0,5,1,1,3,13,4,3,3,0,0,12,11,0,0,14,1,7,11,14,6,7,5,0,5,7,1,4,4,4,4,Normal_170
0.8405768115942029,0,1,0,0,0,0,0,0,1,0,0,0,0,1,0,0,0,2,0,0,0,0,1,0,0,0,0,1,0,0,0,0,0,1,0,0,Normal_171
0.36862666666666666,4,3,0,8,4,0,5,0,3,8,4,7,0,8,0,0,4,7,0,0,4,2,11,7,4,0,4,7,0,7,4,3,4,4,4,4,Normal_172
0.6666645390070922,4,0,0,0,0,0,0,0,3,0,0,2,0,0,0,0,4,0,0,0,0,0,4,0,0,0,0,0,0,0,0,4,4,4,4,4,Normal_173
0.48818818897637795,4,3,0,1,0,0,1,0,1,1,0,0,1,3,0,0,4,1,0,0,2,0,0,0,0,1,0,1,0,0,0,2,4,4,4,4,Normal_174
0.5840690265486725,4,1,0,0,0,0,3,0,0,0,0,0,3,0,0,0,3,0,0,0,3,0,0,0,0,0,3,0,0,0,0,0,3,4,4,4,Normal_175
0.9139046357615894,0,3,0,0,0,0,0,0,0,0,0,1,0,0,0,0,0,0,0,0,0,0,1,0,0,0,0,0,0,0,0,0,2,0,0,0,Normal_176
0.45890410958904104,0,5,0,5,3,0,3,0,3,5,3,8,1,5,12,3,4,6,0,4,4,2,12,6,4,1,2,6,0,6,4,9,4,0,0,0,Normal_177
0.43537380952380955,0,1,0,1,3,2,3,0,3,1,6,3,1,1,14,6,4,12,0,5,5,3,17,12,5,2,2,2,9,2,2,6,4,0,0,0,Normal_178
0.666665925925926,4,0,0,0,0,0,0,0,0,0,0,4,0,0,0,0,4,0,0,0,0,0,3,0,0,0,0,0,0,0,0,2,4,4,4,4,Normal_179
0.5227272727272727,0,4,0,1,2,0,3,0,4,1,2,1,0,4,1,2,2,2,0,3,4,0,4,0,3,1,2,2,0,0,3,0,5,2,0,0,Normal_18
0.8571392857142857,4,0,0,0,0,0,0,0,0,0,0,0,0,0,0,0,0,0,0,0,0,0,0,0,0,0,0,0,0,0,0,0,0,4,4,4,Normal_180
0.8157894736842105,0,1,0,0,0,0,0,1,0,0,0,3,0,0,0,0,4,0,0,0,0,0,2,0,0,0,0,1,0,0,0,1,4,0,0,0,Normal_181
0.29268292682926833,4,5,0,4,5,0,9,0,4,4,5,3,3,5,0,0,4,6,0,0,5,3,7,5,1,4,0,6,0,5,1,2,4,4,4,4,Normal_182
0.3695649456521739,0,1,2,0,4,7,4,0,0,3,13,4,4,3,17,13,4,13,0,10,9,4,22,13,10,7,2,3,9,3,5,10,4,0,0,0,Normal_183
0.520228901734104,4,2,0,0,5,0,6,0,1,0,5,0,3,1,0,0,6,1,0,0,3,0,0,0,2,0,2,1,0,0,2,0,1,4,4,4,Normal_184
0.4818177272727273,4,4,0,4,2,0,2,0,1,4,2,2,0,4,0,0,4,4,0,0,4,1,3,4,4,0,3,4,0,4,4,1,5,4,4,4,Normal_185
0.8450661971830986,4,0,0,0,0,0,0,0,0,0,0,0,0,0,0,0,0,0,0,0,0,0,0,0,0,0,0,0,0,0,0,0,0,4,4,4,Normal_186
0.6153825641025641,4,1,0,1,5,0,5,0,1,1,5,2,2,1,0,0,5,0,0,0,1,0,0,0,1,0,1,0,0,0,1,0,1,4,4,4,Normal_187
0.7596875968992248,4,0,0,0,0,0,0,0,0,0,0,0,2,0,0,0,0,0,0,0,0,0,0,0,0,0,0,0,0,0,0,0,2,4,4,4,Normal_188
0.5454509090909091,4,2,0,0,0,0,1,0,2,0,0,0,1,2,0,0,1,2,0,0,1,0,2,0,0,0,1,2,0,0,0,0,1,4,4,4,Normal_189
0.6153825641025641,4,1,0,1,5,0,5,0,1,1,5,2,2,1,0,0,5,0,0,0,1,0,0,0,1,0,1,0,0,0,1,0,1,4,4,4,Normal_19
0.7860671641791045,0,0,0,0,0,0,0,0,0,0,0,0,0,0,0,0,0,4,4,0,0,1,2,4,0,0,0,4,0,4,0,0,0,0,0,0,Normal_190
0.4285708791208791,4,2,0,1,0,0,2,0,2,2,0,1,1,3,0,0,2,6,0,0,10,0,3,5,8,4,5,1,0,0,1,0,1,4,4,4,Normal_191
0.3525423728813559,0,3,0,0,8,3,9,0,3,0,12,3,9,3,0,12,13,4,1,13,14,0,4,1,13,5,8,2,1,0,2,10,3,2,0,0,Normal_192
0.7625877697841726,0,0,0,0,0,0,1,0,2,0,0,0,0,0,0,0,4,0,0,0,1,0,1,0,0,0,0,0,0,0,0,2,4,0,1,0,Normal_193
0.5024620689655173,0,3,0,1,0,0,2,0,2,1,0,0,1,3,1,0,1,11,9,0,1,4,6,9,0,0,1,11,0,9,0,0,1,1,1,0,Normal_194
0.6206862068965517,4,1,0,0,0,0,1,0,1,0,0,0,1,1,0,0,1,1,0,0,1,0,1,0,0,0,1,1,0,0,0,0,1,4,4,4,Normal_195
0.6666646666666667,0,2,0,0,0,0,1,0,3,0,0,0,0,2,0,0,3,2,0,1,2,0,0,0,1,1,0,2,0,0,1,1,4,2,0,0,Normal_196
0.3510195918367347,4,2,0,3,1,0,1,0,7,7,5,8,1,7,0,0,4,5,0,0,10,2,9,5,10,4,5,3,0,1,5,6,4,4,4,4,Normal_197
0.49073981481481477,4,1,0,1,3,0,3,0,0,1,3,4,1,1,0,0,4,3,0,0,4,3,4,3,4,0,3,3,0,3,4,5,5,4,4,4,Normal_198
0.7461129533678756,0,3,0,0,1,0,1,0,0,0,1,1,1,0,0,1,1,3,3,0,0,2,1,3,0,0,0,3,0,3,0,0,0,0,0,0,Normal_199
0.7878765151515151,0,0,0,0,0,0,2,0,0,0,0,0,2,0,0,0,2,0,0,0,2,0,0,0,0,0,2,0,0,0,0,0,2,0,2,0,Normal_2
0.99999875,0,0,0,0,0,0,0,0,0,0,0,0,0,0,0,0,0,0,0,0,0,0,0,0,0,0,0,0,0,0,0,0,0,0,0,0,Normal_20
0.48543592233009714,0,3,0,6,6,0,6,3,2,6,6,2,1,6,6,6,6,11,11,1,1,0,6,11,1,1,0,11,0,11,1,0,1,0,0,0,Normal_21
0.44268735177865615,0,2,0,0,8,0,9,0,3,0,8,3,2,1,6,8,4,6,0,3,4,1,12,5,3,3,0,6,0,5,3,3,4,0,0,0,Normal_22
0.5840690265486725,4,1,0,0,0,0,3,0,0,0,0,0,3,0,0,0,3,0,0,0,3,0,0,0,0,0,3,0,0,0,0,0,3,4,4,4,Normal_23
0.6906467625899281,0,4,0,0,0,0,1,0,2,0,0,0,1,2,0,0,1,3,0,0,0,0,2,0,0,0,0,3,0,0,0,0,1,2,0,0,Normal_24
0.48818818897637795,4,3,0,1,0,0,1,0,1,1,0,0,1,3,0,0,4,1,0,0,2,0,0,0,0,1,0,1,0,0,0,2,4,4,4,4,Normal_25
0.48201330935251796,0,2,0,5,5,0,5,0,3,5,5,5,1,5,11,5,4,5,0,3,3,3,10,5,3,1,1,5,0,5,3,3,4,0,1,0,Normal_26
0.43537380952380955,0,1,0,1,3,2,3,0,3,1,6,3,1,1,14,6,4,14,0,5,5,3,15,12,5,2,2,2,9,2,2,6,4,0,0,0,Normal_27
0.3510195918367347,4,4,0,3,1,0,1,0,5,7,5,8,1,7,0,0,4,5,0,0,10,2,11,5,10,4,5,1,0,1,5,6,4,4,4,4,Normal_28
0.36768802228412256,0,2,3,4,4,2,4,0,5,8,7,10,0,8,21,7,4,12,0,8,8,3,18,12,8,4,3,4,7,4,2,11,4,0,0,0,Normal_29
0.4864864864864865,0,2,0,0,1,2,2,0,2,0,4,0,4,2,1,4,4,4,0,3,4,0,6,1,3,1,2,3,0,0,0,5,4,2,0,0,Normal_3
0.5299119658119658,4,2,0,0,0,0,0,0,2,0,0,0,0,2,0,0,4,2,0,0,1,0,0,0,0,0,0,2,0,0,0,3,4,4,4,4,Normal_30
0.8447198757763975,0,0,0,0,0,0,0,1,0,0,0,1,0,0,0,0,4,0,0,0,0,0,3,0,0,0,0,0,0,0,0,4,4,0,0,0,Normal_31
0.4818177272727273,4,4,0,4,2,0,2,0,1,4,2,2,0,4,0,0,4,4,0,0,4,1,3,4,4,0,3,4,0,4,4,1,5,4,4,4,Normal_32
0.7343703125000001,4,0,0,0,0,0,0,0,0,0,0,0,1,0,0,0,0,0,0,0,0,0,0,0,0,0,0,0,0,0,0,0,0,4,4,4,Normal_33
0.5227272727272727,0,4,0,1,2,0,3,0,4,1,2,1,0,4,1,2,2,2,0,3,4,0,4,0,3,1,2,2,0,0,3,0,5,2,0,0,Normal_34
0.5873007936507937,4,2,0,0,0,0,0,0,2,0,0,3,0,0,0,0,4,0,0,0,0,0,4,0,0,0,0,0,0,0,0,1,4,4,4,4,Normal_35
0.3513506756756757,4,3,0,0,0,0,2,3,1,3,0,0,2,7,0,0,3,7,0,0,5,0,5,5,1,0,5,2,0,0,0,0,2,4,4,4,Normal_36
0.4285708791208791,4,2,0,1,0,0,2,0,2,2,0,1,1,3,0,0,2,6,0,0,10,0,3,5,8,4,5,1,0,0,1,0,1,4,4,4,Normal_37
0.3333329004329004,0,2,2,4,7,9,7,2,4,7,17,0,5,7,7,17,17,14,14,19,19,3,4,14,19,10,8,3,10,3,8,10,4,0,0,0,Normal_38
0.23749968749999995,4,3,0,1,10,0,10,0,2,4,15,14,7,6,0,0,4,12,0,0,17,6,22,10,17,7,9,5,0,3,3,8,4,4,4,4,Normal_39
0.29378474576271185,4,2,0,2,4,0,4,0,3,7,9,7,5,7,0,0,3,31,0,0,9,13,31,31,9,1,7,8,0,8,0,3,3,4,4,4,Normal_4
0.8405768115942029,0,1,0,0,0,0,0,0,1,0,0,0,0,1,0,0,0,2,0,0,0,0,1,0,0,0,0,1,0,0,0,0,0,1,0,0,Normal_40
0.9999975,0,0,0,0,0,0,0,0,0,0,0,0,0,0,0,0,0,0,0,0,0,0,0,0,0,0,0,0,0,0,0,0,0,0,0,0,Normal_41
0.3513506756756757,4,3,0,0,0,0,2,3,1,3,0,0,2,7,0,0,3,7,0,0,5,0,5,5,1,0,5,2,0,0,0,0,2,4,4,4,Normal_42
0.6206862068965517,4,1,0,0,0,0,1,0,1,0,0,0,1,1,0,0,1,1,0,0,1,0,1,0,0,0,1,1,0,0,0,0,1,4,4,4,Normal_43
0.4538992907801418,4,4,0,2,0,0,2,0,2,2,0,1,1,4,0,0,4,1,0,0,2,0,1,0,0,0,1,1,0,0,0,3,4,4,4,4,Normal_44
0.3192771084337349,0,3,0,2,3,7,5,1,1,2,11,10,4,3,11,11,4,9,0,11,13,5,16,8,11,6,6,1,7,0,4,14,4,0,1,0,Normal_45
0.8447198757763975,0,0,0,0,0,0,0,1,0,0,0,1,0,0,0,0,4,0,0,0,0,0,3,0,0,0,0,0,0,0,0,4,4,0,0,0,Normal_46
0.8571392857142857,4,0,0,0,0,0,0,0,0,0,0,0,0,0,0,0,0,0,0,0,0,0,0,0,0,0,0,0,0,0,0,0,0,4,4,4,Normal_47
0.2583732057416268,4,2,0,0,2,0,4,0,3,0,6,7,0,3,0,0,4,11,0,0,11,2,12,8,9,3,7,5,0,2,2,5,4,4,4,4,Normal_48
0.8571392857142857,4,0,0,0,0,0,0,0,0,0,0,0,0,0,0,0,0,0,0,0,0,0,0,0,0,0,0,0,0,0,0,0,0,4,4,4,Normal_49
0.5739121739130435,4,3,0,0,0,0,1,0,0,0,0,0,1,0,0,0,4,0,0,0,1,0,1,0,0,0,0,0,0,0,0,0,4,4,4,4,Normal_5
0.999999375,0,0,0,0,0,0,0,0,0,0,0,0,0,0,0,0,0,0,0,0,0,0,0,0,0,0,0,0,0,0,0,0,0,0,0,0,Normal_50
0.5288456730769231,4,2,0,6,3,0,3,4,0,5,3,1,1,5,0,0,3,4,0,0,0,0,1,4,0,0,0,4,0,4,0,0,2,4,4,4,Normal_51
0.3015518847006652,0,1,0,1,5,6,5,1,0,2,12,10,6,2,17,12,4,14,0,22,22,4,27,14,22,13,8,3,10,3,8,27,4,0,0,0,Normal_52
0.7878780303030303,0,0,0,0,0,0,2,0,0,0,0,0,2,0,0,0,2,0,0,0,2,0,0,0,0,0,2,0,0,0,0,0,2,0,2,0,Normal_53
0.2578125,4,6,0,4,4,0,6,0,5,6,5,4,3,8,0,0,4,11,0,0,14,3,12,9,12,6,7,3,0,1,3,6,4,4,4,4,Normal_54
0.36601274509803916,4,1,0,1,3,0,3,4,3,8,7,4,0,8,0,0,7,24,0,0,5,4,12,24,5,2,2,8,0,9,3,0,3,4,4,4,Normal_55
0.2578125,4,6,0,4,4,0,6,0,5,6,5,4,3,8,0,0,4,11,0,0,14,3,12,9,12,6,7,3,0,1,3,6,4,4,4,4,Normal_56
0.7343703125000001,4,0,0,0,0,0,0,0,0,0,0,0,1,0,0,0,0,0,0,0,0,0,0,0,0,0,0,0,0,0,0,0,0,4,4,4,Normal_57
0.5172396551724138,4,3,0,0,0,0,0,0,3,0,0,0,0,3,0,0,4,3,0,0,0,0,0,0,0,0,0,3,0,0,0,4,4,4,4,4,Normal_58
0.8695652173913043,0,0,0,0,0,0,0,0,0,0,0,0,0,0,0,0,4,0,0,0,0,0,4,0,0,0,0,0,0,0,0,4,4,0,0,0,Normal_59
0.8450661971830986,4,0,0,0,0,0,0,0,0,0,0,0,0,0,0,0,0,0,0,0,0,0,0,0,0,0,0,0,0,0,0,0,0,4,4,4,Normal_6
0.3218373563218391,4,3,0,2,0,0,3,0,3,5,2,1,0,7,0,0,4,8,0,0,6,2,6,6,3,3,2,2,0,0,2,0,4,4,4,4,Normal_60
0.7368406015037594,0,2,0,0,0,0,0,0,2,0,0,0,0,1,0,0,4,1,0,0,0,0,3,0,0,0,0,1,0,0,0,1,4,1,0,0,Normal_61
0.4864864864864865,0,2,0,0,1,2,2,0,2,0,4,0,4,2,1,4,4,4,0,3,4,0,6,1,3,1,2,3,0,0,0,5,4,2,0,0,Normal_62
0.5737688524590163,4,2,0,0,0,0,0,0,3,0,0,1,0,0,0,0,4,0,0,0,0,0,2,0,0,0,0,0,0,0,0,2,4,4,4,4,Normal_63
0.5714280952380952,4,4,0,4,0,0,0,0,3,4,0,0,0,4,0,0,0,5,0,0,1,1,3,5,1,0,0,5,0,5,1,0,1,4,4,4,Normal_64
0.5294113445378151,0,2,0,2,0,1,0,0,3,2,1,0,0,4,2,1,1,7,5,6,6,0,6,5,6,1,4,4,2,2,4,1,4,1,0,0,Normal_65
0.3939390151515152,0,1,0,1,2,3,3,0,1,1,6,2,3,3,8,6,4,8,0,9,10,1,10,6,9,3,6,3,4,1,4,6,4,1,0,0,Normal_66
0.8489172661870503,0,1,0,0,0,0,0,0,1,0,0,0,0,1,0,0,0,1,0,0,0,0,1,0,0,0,0,1,0,0,0,0,0,1,0,0,Normal_67
0.763357251908397,4,1,0,0,0,0,0,0,0,0,0,0,0,0,0,0,0,0,0,0,0,0,0,0,0,0,0,0,0,0,0,0,3,4,4,4,Normal_68
0.9937106918238994,0,0,0,0,0,0,0,0,0,0,0,0,0,0,0,0,0,0,0,0,0,0,0,0,0,0,0,0,0,0,0,0,0,0,0,0,Normal_69
0.6857128571428571,4,0,0,0,0,0,0,0,0,0,0,1,0,0,0,0,4,0,0,0,0,0,4,0,0,0,0,0,0,0,0,4,4,4,4,4,Normal_7
0.3525423728813559,0,3,0,0,8,3,9,0,3,0,12,3,9,3,0,12,13,4,1,13,14,0,4,1,13,5,8,2,1,0,2,10,3,2,0,0,Normal_70
0.5081075675675676,4,2,0,2,0,0,0,0,2,2,0,5,0,2,0,0,4,3,0,0,0,1,7,3,0,0,0,3,0,3,0,5,4,4,4,4,Normal_71
0.44268735177865615,0,2,0,0,8,0,9,0,3,0,8,2,3,1,6,8,4,6,0,3,4,1,12,5,3,2,1,6,0,5,3,3,4,0,0,0,Normal_72
0.8405768115942029,0,1,0,0,0,0,0,0,1,0,0,0,0,1,0,0,0,2,0,0,0,0,1,0,0,0,0,1,0,0,0,0,0,1,0,0,Normal_73
0.2499996875,0,4,4,1,1,0,4,1,6,6,2,0,4,8,6,2,5,26,25,3,6,6,9,24,3,0,5,13,12,11,2,0,3,1,2,0,Normal_74
0.29799426934097417,0,1,0,0,9,8,11,0,1,0,18,10,9,1,0,18,20,4,2,18,20,1,2,2,18,7,12,1,2,0,1,16,3,1,1,0,Normal_75
0.4740256493506494,0,3,0,6,5,0,5,1,3,6,5,3,0,6,6,5,5,12,12,1,1,2,6,12,1,1,0,12,0,12,1,0,2,0,0,0,Normal_76
0.7878765151515151,0,0,0,0,0,0,2,0,0,0,0,0,2,0,0,0,2,0,0,0,2,0,0,0,0,0,2,0,0,0,0,0,2,0,2,0,Normal_77
0.4347826086956522,4,4,0,2,4,0,4,0,1,2,4,2,1,2,0,0,4,2,0,0,4,3,8,2,4,1,2,2,0,2,4,5,4,4,4,4,Normal_78
0.6425698795180723,0,2,0,2,3,0,3,0,1,2,2,0,2,2,2,3,3,6,6,0,0,2,3,6,0,0,0,6,0,6,0,0,0,0,0,0,Normal_79
0.6906467625899281,0,4,0,0,0,0,1,0,2,0,0,0,1,2,0,0,1,3,0,0,0,0,2,0,0,0,0,3,0,0,0,0,1,2,0,0,Normal_8
0.5737680327868853,4,1,0,0,0,0,0,0,2,0,0,0,0,1,0,0,4,1,0,0,0,0,1,0,0,0,0,1,0,0,0,3,4,4,4,4,Normal_80
0.4115755627009646,0,1,2,1,0,1,0,0,4,4,1,2,1,4,23,1,4,18,0,2,3,3,20,18,2,3,0,8,9,8,1,6,4,0,0,0,Normal_81
0.3730559585492228,4,4,0,1,1,0,2,1,3,2,5,1,4,5,0,0,6,4,0,0,10,0,3,1,9,2,7,2,0,0,2,0,3,4,4,4,Normal_82
0.7860671641791045,0,0,0,0,0,0,0,0,0,0,0,0,0,0,0,0,0,4,4,0,0,1,2,4,0,0,0,4,0,4,0,0,0,0,0,0,Normal_83
1.0,0,0,0,0,0,0,0,0,0,0,0,0,0,0,0,0,0,0,0,0,0,0,0,0,0,0,0,0,0,0,0,0,0,0,0,0,Normal_84
0.29799426934097417,0,1,0,0,9,8,11,0,1,0,18,10,9,1,0,18,20,4,2,18,20,1,2,2,18,7,12,1,2,0,1,16,3,1,1,0,Normal_85
0.6857128571428571,4,0,0,0,0,0,0,0,0,0,0,1,0,0,0,0,4,0,0,0,0,0,4,0,0,0,0,0,0,0,0,4,4,4,4,4,Normal_86
0.7625877697841726,0,0,0,0,0,0,1,0,2,0,0,0,0,0,0,0,4,0,0,0,1,0,1,0,0,0,0,0,0,0,0,2,4,0,1,0,Normal_87
0.9999975,0,0,0,0,0,0,0,0,0,0,0,0,0,0,0,0,0,0,0,0,0,0,0,0,0,0,0,0,0,0,0,0,0,0,0,0,Normal_88
0.9677393548387097,0,2,0,0,0,0,0,0,0,0,0,0,0,0,0,0,0,0,0,0,0,0,0,0,0,0,0,0,0,0,0,0,1,0,0,0,Normal_89
0.3448268199233716,0,3,0,0,3,5,3,0,4,0,9,5,4,3,0,9,4,4,0,12,12,1,9,0,12,4,7,3,0,0,4,17,4,3,0,0,Normal_9
0.23999919999999997,4,4,0,1,5,0,7,0,5,3,12,4,9,6,0,0,14,9,0,0,15,1,7,6,13,6,8,4,0,1,2,0,4,4,4,4,Normal_90
0.2947363157894737,4,1,0,4,7,0,7,7,4,12,12,5,2,12,0,0,12,23,0,0,17,3,10,23,17,9,7,8,0,8,8,0,6,4,4,4,Normal_91
0.666665925925926,4,0,0,0,0,0,0,0,0,0,0,4,0,0,0,0,4,0,0,0,0,0,3,0,0,0,0,0,0,0,0,2,4,4,4,4,Normal_92
0.3605442176870748,4,0,0,0,5,0,5,1,1,3,13,3,4,3,0,0,12,11,0,0,14,1,7,11,14,5,8,5,0,5,7,1,4,4,4,4,Normal_93
0.4896261410788382,1,1,1,0,1,0,2,1,1,2,2,2,0,3,2,2,4,10,3,3,4,1,4,9,3,0,4,6,3,5,1,1,3,1,1,1,Normal_94
0.5873007936507937,4,2,0,0,0,0,0,0,2,0,0,3,0,0,0,0,4,0,0,0,0,0,4,0,0,0,0,0,0,0,0,1,4,4,4,4,Normal_95
0.5737680327868853,4,1,0,0,0,0,0,0,2,0,0,0,0,1,0,0,4,1,0,0,0,0,1,0,0,0,0,1,0,0,0,3,4,4,4,4,Normal_96
0.38629252336448594,2,3,0,4,12,0,12,1,2,4,12,6,4,4,1,5,8,7,0,2,8,3,8,6,8,3,4,6,0,6,8,3,7,2,2,2,Normal_97
0.85,0,0,0,0,0,0,0,1,0,0,0,1,0,0,0,0,4,0,0,0,0,0,4,0,0,0,0,0,0,0,0,4,4,0,0,0,Normal_98
0.3106796116504854,4,3,0,3,4,0,6,0,3,5,5,1,1,7,0,0,4,6,0,0,9,2,10,5,7,6,2,2,0,1,2,0,4,4,4,4,Normal_99
